trade_id,timestamp_open,timestamp_close,symbol,side,leverage,quantity,entry_price,exit_price,position_value_usdt,margin_used_usdt,pnl_usdt,pnl_percent,roi_percent,fee_usdt,net_pnl_usdt,highest_price,lowest_price,max_unrealized_pnl,max_unrealized_loss,mae_percent,mfe_percent,exit_type,exit_reason,holding_minutes,holding_seconds,market_condition,volatility_atr,volume_ratio,entry_reason,entry_score,ma_distance_percent,order_id,fee_rate
T000000,2026-04-30 07:03:27,2026-04-30 07:03:27,AIGENSYNUSDT,LONG,10,1817.5209014903671,0.05535,,100.59978189749182,10.059978189749183,,,,0,,,,,,,,,,,,UNKNOWN,0.0,1.0,,0.0,0.0,PAPER_1777503807931_1,0.0002
T000001,2026-04-30 07:03:28,2026-04-30 07:03:28,ZEREBROUSDT,LONG,10,3740.2752842609216,0.026787,,100.1907540394973,10.019075403949731,,,,0,,,,,,,,,,,,UNKNOWN,0.0,1.0,,0.0,0.0,PAPER_1777503808341_2,0.0002
T000002,2026-04-30 07:03:28,2026-04-30 07:03:28,SOLVUSDT,LONG,10,18885.741265344663,0.005302,,100.13220018885741,10.013220018885741,,,,0,,,,,,,,,,,,UNKNOWN,0.0,1.0,,0.0,0.0,PAPER_1777503808696_3,0.0002
T000003,2026-04-30 07:03:27,2026-04-30 07:03:36,AIGENSYNUSDT,LONG,10,1817.5209014903671,0.05535,0.05547,100.81788440567067,10.059978189749183,0.21810250817883517,2.1680216802167136,2.1680216802167136,0.020163576881134133,0.19793893129770104,0.05563,0.05535,0.5089058524172947,0.0,0.0,0.5089058524172947,TECHNICAL_EXIT,價格偏離 (16.4% > 10.0%),0,8,UNKNOWN,0.0,1.0,,0.0,,PAPER_1777503816689_4,0.0002
T000004,2026-04-30 07:03:39,2026-04-30 07:03:39,SKYAIUSDT,LONG,10,373.7060428267125,0.26759,,100.0,10.0,,,,0,,,,,,,,,,,,UNKNOWN,0.0,1.0,,0.0,0.0,PAPER_1777503819836_5,0.0002
T000005,2026-04-30 07:03:28,2026-04-30 07:10:23,SOLVUSDT,LONG,10,18885.741265344663,0.005302,0.005183,97.88479697828139,10.013220018885741,-2.247403210576018,-22.44436061863451,-22.44436061863451,0.019576959395656277,-2.2669801699716743,0.005379,0.00525,1.4542020774315354,2.8139754485363677,2.8139754485363677,1.4542020774315354,TECHNICAL_EXIT,高點回撤 (4.2% > 4.0%),6,414,UNKNOWN,0.0,1.0,,0.0,,PAPER_1777504223189_6,0.0002
T000006,2026-04-30 07:10:25,2026-04-30 07:10:25,AIGENSYNUSDT,LONG,10,1716.7381974248926,0.05818,,99.87982832618026,9.987982832618027,,,,0,,,,,,,,,,,,UNKNOWN,0.0,1.0,,0.0,0.0,PAPER_1777504225659_7,0.0002
T000007,2026-04-30 07:10:25,2026-04-30 07:10:33,AIGENSYNUSDT,LONG,10,1716.7381974248926,0.05818,0.05848,100.39484978540771,9.987982832618027,0.5150214592274587,5.156411137847966,5.156411137847966,0.020078969957081545,0.49494248927037715,0.05839,0.05818,0.3605150214592187,0.0,0.0,0.3605150214592187,TECHNICAL_EXIT,價格偏離 (19.3% > 10.0%),0,8,UNKNOWN,0.0,1.0,,0.0,,PAPER_1777504233765_8,0.0002
T000008,2026-04-30 07:10:35,2026-04-30 07:10:35,NAORISUSDT,LONG,10,879.5848359574281,0.11373,,100.0351833934383,10.003518339343831,,,,0,,,,,,,,,,,,UNKNOWN,0.0,1.0,,0.0,0.0,PAPER_1777504235524_9,0.0002
T000009,2026-04-30 07:03:39,2026-04-30 07:15:19,SKYAIUSDT,LONG,10,373.7060428267125,0.26759,0.27036,101.03516573863,10.0,1.0351657386299917,10.351657386299918,10.351657386299918,0.020207033147726,1.0149587054822657,0.2718,0.26691,1.5733024403004565,0.27654247169177415,0.27654247169177415,1.5733024403004565,TRAILING_STOP,"移動止損 (最高15.7% → 當前10.4%, 回撤 5.4%)",11,699,UNKNOWN,0.0,1.0,,0.0,,PAPER_1777504519200_10,0.0002
T000010,2026-04-30 07:15:21,2026-04-30 07:15:21,AIGENSYNUSDT,LONG,10,1743.3751743375174,0.05769,,100.57531380753137,10.057531380753137,,,,0,,,,,,,,,,,,UNKNOWN,0.0,1.0,,0.0,0.0,PAPER_1777504521612_11,0.0002
T000011,2026-04-30 07:15:21,2026-04-30 07:15:30,AIGENSYNUSDT,LONG,10,1743.3751743375174,0.05769,0.05758,100.38354253835425,10.057531380753137,-0.19177126917712514,-1.9067429363841049,-1.9067429363841049,0.020076708507670852,-0.211847977684796,0.05769,0.05758,0.0,0.19177126917712514,0.19177126917712514,0.0,TECHNICAL_EXIT,價格偏離 (16.3% > 10.0%),0,8,UNKNOWN,0.0,1.0,,0.0,,PAPER_1777504530074_12,0.0002
T000012,2026-04-30 07:15:32,2026-04-30 07:15:32,SOLVUSDT,LONG,10,19305.019305019305,0.005185,,100.0965250965251,10.00965250965251,,,,0,,,,,,,,,,,,UNKNOWN,0.0,1.0,,0.0,0.0,PAPER_1777504532069_13,0.0002
T000013,2026-04-30 07:03:28,2026-04-30 07:23:30,ZEREBROUSDT,LONG,10,3740.2752842609216,0.026787,0.027411,102.52468581687613,10.019075403949731,2.3339317773788264,23.29488184567152,23.29488184567152,0.020504937163375227,2.313426840215451,0.027437,0.026703,2.4311789347696036,0.5685218432076576,0.5685218432076576,2.4311789347696036,TECHNICAL_EXIT,"時間 + 收益 (20分, PnL: 2.33 USDT)",20,1201,UNKNOWN,0.0,1.0,,0.0,,PAPER_1777505010162_14,0.0002
T000014,2026-04-30 07:23:32,2026-04-30 07:23:32,AIGENSYNUSDT,LONG,10,1762.4250969333805,0.05689,,100.26436376454002,10.026436376454003,,,,0,,,,,,,,,,,,UNKNOWN,0.0,1.0,,0.0,0.0,PAPER_1777505012694_15,0.0002
T000015,2026-04-30 07:23:32,2026-04-30 07:23:40,AIGENSYNUSDT,LONG,10,1762.4250969333805,0.05689,0.05677,100.05287275290802,10.026436376454003,-0.21149101163200926,-2.109333802074214,-2.109333802074214,0.020010574550581604,-0.23150158618259087,0.05689,0.05682,0.0,0.12336975678533772,0.12336975678533772,0.0,TECHNICAL_EXIT,價格偏離 (13.6% > 10.0%),0,8,UNKNOWN,0.0,1.0,,0.0,,PAPER_1777505020922_16,0.0002
T000016,2026-04-30 07:23:43,2026-04-30 07:23:43,TACUSDT,LONG,10,6235.1914203766055,0.016034,,99.9750592343185,9.997505923431849,,,,0,,,,,,,,,,,,UNKNOWN,0.0,1.0,,0.0,0.0,PAPER_1777505023200_17,0.0002
T000017,2026-04-30 07:10:35,2026-04-30 07:30:37,NAORISUSDT,LONG,10,879.5848359574281,0.11373,0.11443,100.65089277860851,10.003518339343831,0.6157093851702051,6.154928339048678,6.154928339048678,0.020130178555721703,0.5955792066144834,0.11455,0.11323,0.7212595654850922,1.1962353769021024,1.1962353769021024,0.7212595654850922,TECHNICAL_EXIT,"時間 + 收益 (20分, PnL: 0.62 USDT)",20,1201,UNKNOWN,0.0,1.0,,0.0,,PAPER_1777505437387_18,0.0002
T000018,2026-04-30 07:30:39,2026-04-30 07:30:39,ZEREBROUSDT,LONG,10,3629.500580720093,0.0276,,100.17421602787456,10.017421602787456,,,,0,,,,,,,,,,,,UNKNOWN,0.0,1.0,,0.0,0.0,PAPER_1777505439757_19,0.0002
T000019,2026-04-30 07:15:32,2026-04-30 07:35:38,SOLVUSDT,LONG,10,19305.019305019305,0.005185,0.005192,100.23166023166023,10.00965250965251,0.13513513513511957,1.350048216007559,1.350048216007559,0.020046332046332046,0.11508880308878752,0.005226,0.005181,0.7915057915057794,0.7335907335907472,0.7335907335907472,0.7915057915057794,TECHNICAL_EXIT,"時間 + 收益 (20分, PnL: 0.15 USDT)",20,1206,UNKNOWN,0.0,1.0,,0.0,,PAPER_1777505738258_20,0.0002
T000020,2026-04-30 07:35:40,2026-04-30 07:35:40,SKYAIUSDT,LONG,10,370.4526931910795,0.26988,,99.97777283840854,9.997777283840854,,,,0,,,,,,,,,,,,UNKNOWN,0.0,1.0,,0.0,0.0,PAPER_1777505740730_21,0.0002
T000021,2026-04-30 07:23:43,2026-04-30 07:43:47,TACUSDT,LONG,10,6235.1914203766055,0.016034,0.015693,97.84885895997006,9.997505923431849,-2.1262002743484287,-21.267306972683112,-21.267306972683112,0.01956977179199401,-2.1457700461404228,0.016272,0.015987,1.4839755580496237,2.2883152512782097,2.2883152512782097,1.4839755580496237,TECHNICAL_EXIT,"時間 + 收益 (20分, PnL: -2.29 USDT)",20,1204,UNKNOWN,0.0,1.0,,0.0,,PAPER_1777506227834_22,0.0002
T000022,2026-04-30 07:43:49,2026-04-30 07:43:49,SOLVUSDT,LONG,10,19516.003122560498,0.005125,,100.01951600312256,10.001951600312257,,,,0,,,,,,,,,,,,UNKNOWN,0.0,1.0,,0.0,0.0,PAPER_1777506229863_23,0.0002
T000023,2026-04-30 07:30:39,2026-04-30 07:50:44,ZEREBROUSDT,LONG,10,3629.500580720093,0.0276,0.027488,99.7677119628339,10.017421602787456,-0.40650406504065395,-4.057971014492789,-4.057971014492789,0.019953542392566782,-0.42645760743322075,0.02768,0.027599,0.2903600464576082,1.2848432055749133,1.2848432055749133,0.2903600464576082,TECHNICAL_EXIT,"時間 + 收益 (20分, PnL: -0.37 USDT)",20,1204,UNKNOWN,0.0,1.0,,0.0,,PAPER_1777506644361_24,0.0002
T000024,2026-04-30 07:50:46,2026-04-30 07:50:46,NAORISUSDT,LONG,10,871.1560240439062,0.11473,,99.94773063855736,9.994773063855735,,,,0,,,,,,,,,,,,UNKNOWN,0.0,1.0,,0.0,0.0,PAPER_1777506646910_25,0.0002
T000025,2026-04-30 07:35:40,2026-04-30 07:55:44,SKYAIUSDT,LONG,10,370.4526931910795,0.26988,0.26904,99.66659257612802,9.997777283840854,-0.31118026228050955,-3.112494441974238,-3.112494441974238,0.019933318515225607,-0.33111358079573516,0.27288,0.26987,1.1113580795732394,0.3593391123953569,0.3593391123953569,1.1113580795732394,TECHNICAL_EXIT,"時間 + 收益 (20分, PnL: -0.31 USDT)",20,1203,UNKNOWN,0.0,1.0,,0.0,,PAPER_1777506944435_26,0.0002
T000026,2026-04-30 07:55:46,2026-04-30 07:55:46,ZEREBROUSDT,LONG,10,3682.4274561791135,0.027147,,99.9668581528944,9.99668581528944,,,,0,,,,,,,,,,,,UNKNOWN,0.0,1.0,,0.0,0.0,PAPER_1777506946633_27,0.0002
T000027,2026-04-30 07:43:49,2026-04-30 08:03:52,SOLVUSDT,LONG,10,19516.003122560498,0.005125,0.005086,99.2583918813427,10.001951600312257,-0.7611241217798589,-7.609756097560968,-7.609756097560968,0.01985167837626854,-0.7809758001561274,0.00517,0.00512,0.8782201405152205,1.6198282591725333,1.6198282591725333,0.8782201405152205,TECHNICAL_EXIT,"時間 + 收益 (20分, PnL: -0.76 USDT)",20,1202,UNKNOWN,0.0,1.0,,0.0,,PAPER_1777507432433_28,0.0002
T000028,2026-04-30 08:05:06,2026-04-30 08:05:06,SKYAIUSDT,LONG,10,370.4252481849163,0.26982,,99.94814046525413,9.994814046525413,,,,0,,,,,,,,,,,,UNKNOWN,0.0,1.0,,0.0,0.0,PAPER_1777507506871_29,0.0002
T000029,2026-04-30 07:55:46,2026-04-30 08:09:02,ZEREBROUSDT,LONG,10,3682.4274561791135,0.027147,0.027891,102.70658418029166,9.99668581528944,2.7397260273972535,27.40634324234715,27.40634324234715,0.02054131683605833,2.719184710561195,0.028289,0.02714,4.20533215495655,0.7512152010605366,0.7512152010605366,4.20533215495655,TRAILING_STOP,"移動止損 (最高42.1% → 當前27.3%, 回撤 14.8%)",13,795,UNKNOWN,0.0,1.0,,0.0,,PAPER_1777507742482_30,0.0002
T000030,2026-04-30 07:50:46,2026-04-30 08:10:47,NAORISUSDT,LONG,10,871.1560240439062,0.11473,0.11422,99.50344106629497,9.994773063855735,-0.4442895722623892,-4.445219210319852,-4.445219210319852,0.019900688213258994,-0.46419026047564815,0.11485,0.11471,0.10453872288526449,1.411272758951125,1.411272758951125,0.10453872288526449,TECHNICAL_EXIT,"時間 + 收益 (20分, PnL: -0.44 USDT)",20,1200,UNKNOWN,0.0,1.0,,0.0,,PAPER_1777507847339_31,0.0002
T000031,2026-04-30 08:12:10,2026-04-30 08:12:10,ZEREBROUSDT,LONG,10,3611.1512350137223,0.027696,,100.01444460494005,10.001444460494005,,,,0,,,,,,,,,,,,UNKNOWN,0.0,1.0,,0.0,0.0,PAPER_1777507930247_32,0.0002
T000032,2026-04-30 08:13:54,2026-04-30 08:13:54,NAORISUSDT,LONG,10,877.7319406653207,0.11389,,99.96489072237338,9.996489072237338,,,,0,,,,,,,,,,,,UNKNOWN,0.0,1.0,,0.0,0.0,PAPER_1777508034531_33,0.0002
T000033,2026-04-30 08:05:06,2026-04-30 08:25:17,SKYAIUSDT,LONG,10,370.4252481849163,0.26982,0.27141,100.53711660986814,9.994814046525413,0.5889761446140096,5.892817433844712,5.892817433844712,0.020107423321973628,0.568868721292036,0.27392,0.26982,1.518743517558154,0.0,0.0,1.518743517558154,TECHNICAL_EXIT,"時間 + 收益 (20分, PnL: 0.59 USDT)",20,1210,UNKNOWN,0.0,1.0,,0.0,,PAPER_1777508717004_34,0.0002
T000034,2026-04-30 08:28:18,2026-04-30 08:28:18,SKYAIUSDT,LONG,10,369.6447713747089,0.2705,,99.98891065685876,9.998891065685877,,,,0,,,,,,,,,,,,UNKNOWN,0.0,1.0,,0.0,0.0,PAPER_1777508898085_35,0.0002
T000035,2026-04-30 08:12:10,2026-04-30 08:32:14,ZEREBROUSDT,LONG,10,3611.1512350137223,0.027696,0.02747,99.19832442582695,10.001444460494005,-0.8161201791130905,-8.160023108029932,-8.160023108029932,0.019839664885165392,-0.835959843998256,0.027961,0.027692,0.9569550772786413,1.2964032933699199,1.2964032933699199,0.9569550772786413,TECHNICAL_EXIT,"時間 + 收益 (20分, PnL: -0.81 USDT)",20,1204,UNKNOWN,0.0,1.0,,0.0,,PAPER_1777509134490_36,0.0002
T000036,2026-04-30 08:13:54,2026-04-30 08:34:00,NAORISUSDT,LONG,10,877.7319406653207,0.11389,0.11394,100.00877731940665,9.996489072237338,0.043886597033261206,0.4390201071208578,0.4390201071208578,0.02000175546388133,0.023884841569379877,0.11487,0.11371,0.8601773018520097,0.8689546212586717,0.8689546212586717,0.8601773018520097,TECHNICAL_EXIT,"時間 + 收益 (20分, PnL: 0.03 USDT)",20,1205,UNKNOWN,0.0,1.0,,0.0,,PAPER_1777509240045_37,0.0002
T000037,2026-04-30 08:37:29,2026-04-30 08:37:29,NAORISUSDT,LONG,10,879.3527963418924,0.11371,,99.99120647203658,9.999120647203657,,,,0,,,,,,,,,,,,UNKNOWN,0.0,1.0,,0.0,0.0,PAPER_1777509449730_38,0.0002
T000038,2026-04-30 08:28:18,2026-04-30 08:38:22,SKYAIUSDT,LONG,10,369.6447713747089,0.2705,0.27389,101.24200643181904,9.998891065685877,1.2530957749602647,12.532347504621086,12.532347504621086,0.020248401286363807,1.232847373673901,0.27647,0.26978,2.206779285107003,0.4472701733634142,0.4472701733634142,2.206779285107003,TRAILING_STOP,"移動止損 (最高22.1% → 當前12.5%, 回撤 9.5%)",10,604,UNKNOWN,0.0,1.0,,0.0,,PAPER_1777509502382_39,0.0002
T000039,2026-04-30 08:39:55,2026-04-30 08:39:55,TACUSDT,LONG,10,6325.9109311740895,0.015819,,100.06958502024293,10.006958502024293,,,,0,,,,,,,,,,,,UNKNOWN,0.0,1.0,,0.0,0.0,PAPER_1777509595650_40,0.0002
T000040,2026-04-30 08:37:29,2026-04-30 08:41:18,NAORISUSDT,LONG,10,879.3527963418924,0.11371,0.11535,101.43334505803728,9.999120647203657,1.4421385860006934,14.422654120130057,14.422654120130057,0.020286669011607455,1.421851916989086,0.11633,0.11371,2.3039043264157555,0.0,0.0,2.3039043264157555,TRAILING_STOP,"移動止損 (最高23.0% → 當前15.0%, 回撤 8.0%)",3,228,UNKNOWN,0.0,1.0,,0.0,,PAPER_1777509678579_41,0.0002
T000041,2026-04-30 08:41:30,2026-04-30 08:41:30,SKYAIUSDT,LONG,10,365.0301149844862,0.2738,,99.94524548275231,9.994524548275232,,,,0,,,,,,,,,,,,UNKNOWN,0.0,1.0,,0.0,0.0,PAPER_1777509690163_42,0.0002
T000042,2026-04-30 08:44:20,2026-04-30 08:44:20,NAORISUSDT,LONG,10,862.217623728229,0.11588,,99.91377823762717,9.991377823762717,,,,0,,,,,,,,,,,,UNKNOWN,0.0,1.0,,0.0,0.0,PAPER_1777509860441_43,0.0002
T000043,2026-04-30 08:44:20,2026-04-30 08:47:04,NAORISUSDT,LONG,10,862.217623728229,0.11588,0.1181,101.82790136230385,9.991377823762717,1.9141231246766681,19.15774939592682,19.15774939592682,0.02036558027246077,1.8937575444042074,0.11921,0.11585,2.871184687015002,0.02586652871184881,0.02586652871184881,2.871184687015002,TRAILING_STOP,"移動止損 (最高28.7% → 當前19.2%, 回撤 9.6%)",2,164,UNKNOWN,0.0,1.0,,0.0,,PAPER_1777510024597_44,0.0002
T000044,2026-04-30 08:50:12,2026-04-30 08:50:12,NAORISUSDT,LONG,10,844.1668073611346,0.11818,,99.76363329393888,9.976363329393887,,,,0,,,,,,,,,,,,UNKNOWN,0.0,1.0,,0.0,0.0,PAPER_1777510212712_45,0.0002
T000045,2026-04-30 08:50:12,2026-04-30 08:55:52,NAORISUSDT,LONG,10,844.1668073611346,0.11818,0.11954,100.91170015195003,9.976363329393887,1.148066858011143,11.507869351836183,11.507869351836183,0.020182340030390006,1.127884517980753,0.12027,0.11818,1.7643086273847786,0.0,0.0,1.7643086273847786,TRAILING_STOP,"移動止損 (最高17.7% → 當前11.5%, 回撤 6.2%)",5,340,UNKNOWN,0.0,1.0,,0.0,,PAPER_1777510552729_46,0.0002
T000046,2026-04-30 08:59:01,2026-04-30 08:59:01,NAORISUSDT,LONG,10,834.306691139663,0.11945,,99.65793425663274,9.965793425663275,,,,0,,,,,,,,,,,,UNKNOWN,0.0,1.0,,0.0,0.0,PAPER_1777510741916_47,0.0002
T000047,2026-04-30 08:39:55,2026-04-30 09:00:01,TACUSDT,LONG,10,6325.9109311740895,0.015819,0.015689,99.2472165991903,10.006958502024293,-0.8223684210526201,-8.21796573740427,-8.21796573740427,0.01984944331983806,-0.8422178643724582,0.016002,0.015808,1.157641700404853,1.9040991902833957,1.9040991902833957,1.157641700404853,TECHNICAL_EXIT,"時間 + 收益 (20分, PnL: -0.82 USDT)",20,1206,UNKNOWN,0.0,1.0,,0.0,,PAPER_1777510801984_48,0.0002
T000048,2026-04-30 08:41:30,2026-04-30 09:01:37,SKYAIUSDT,LONG,10,365.0301149844862,0.2738,0.27245,99.45245482752327,9.994524548275232,-0.49279065522904264,-4.9306062819574965,-4.9306062819574965,0.019890490965504656,-0.5126811461945473,0.2757,0.27378,0.6935572184705284,0.68990691732068,0.68990691732068,0.6935572184705284,TECHNICAL_EXIT,"時間 + 收益 (20分, PnL: -0.49 USDT)",20,1207,UNKNOWN,0.0,1.0,,0.0,,PAPER_1777510897455_49,0.0002
T000049,2026-04-30 09:03:54,2026-04-30 09:03:54,SOLVUSDT,LONG,10,19227.071716977505,0.005201,,100.0,10.0,,,,0,,,,,,,,,,,,UNKNOWN,0.0,1.0,,0.0,0.0,PAPER_1777511034323_50,0.0002
T000050,2026-04-30 09:04:46,2026-04-30 09:04:46,SKYAIUSDT,LONG,10,366.19305697963966,0.27308,,100.0,10.0,,,,0,,,,,,,,,,,,UNKNOWN,0.0,1.0,,0.0,0.0,PAPER_1777511086953_51,0.0002
T000051,2026-04-30 09:04:46,2026-04-30 09:15:38,SKYAIUSDT,LONG,10,366.19305697963966,0.27308,0.28029,102.64025194082319,10.0,2.6402519408232,26.402519408232,26.402519408232,0.02052805038816464,2.619723890435035,0.28421,0.27223,4.0757287241834,0.38450270982861995,0.38450270982861995,4.0757287241834,TRAILING_STOP,"移動止損 (最高40.8% → 當前26.4%, 回撤 14.4%)",10,651,UNKNOWN,0.0,1.0,,0.0,,PAPER_1777511738517_52,0.0002
T000052,2026-04-30 09:15:41,2026-04-30 09:15:41,AIGENSYNUSDT,LONG,10,1849.4544109487701,0.05418,,100.20343998520437,10.020343998520437,,,,0,,,,,,,,,,,,UNKNOWN,0.0,1.0,,0.0,0.0,PAPER_1777511741086_53,0.0002
T000053,2026-04-30 08:59:01,2026-04-30 09:16:09,NAORISUSDT,LONG,10,834.306691139663,0.11945,0.1222,101.95227765726682,9.965793425663275,2.2943434006340753,23.0221850146505,23.0221850146505,0.020390455531453366,2.273952945102622,0.12571,0.11943,5.222759886534281,1.1012848323043567,1.1012848323043567,5.222759886534281,TRAILING_STOP,"移動止損 (最高52.4% → 當前23.0%, 回撤 29.4%)",17,1027,UNKNOWN,0.0,1.0,,0.0,,PAPER_1777511769169_54,0.0002
T000054,2026-04-30 09:16:12,2026-04-30 09:16:12,SWARMSUSDT,LONG,10,3877.1712158808937,0.025808,,100.0620347394541,10.00620347394541,,,,0,,,,,,,,,,,,UNKNOWN,0.0,1.0,,0.0,0.0,PAPER_1777511772932_55,0.0002
T000055,2026-04-30 09:16:12,2026-04-30 09:19:15,SWARMSUSDT,LONG,10,3877.1712158808937,0.025808,0.02613,101.31048387096776,10.00620347394541,1.2484491315136452,12.47675139491628,12.47675139491628,0.020262096774193553,1.2281870347394517,0.026354,0.025808,2.1169354838709595,0.0,0.0,2.1169354838709595,TRAILING_STOP,"移動止損 (最高21.2% → 當前13.1%, 回撤 8.1%)",3,182,UNKNOWN,0.0,1.0,,0.0,,PAPER_1777511955051_56,0.0002
T000056,2026-04-30 09:19:17,2026-04-30 09:19:17,SKYAIUSDT,LONG,10,356.3664872955347,0.28025,,99.8717080645736,9.98717080645736,,,,0,,,,,,,,,,,,UNKNOWN,0.0,1.0,,0.0,0.0,PAPER_1777511957502_57,0.0002
T000057,2026-04-30 09:15:41,2026-04-30 09:20:38,AIGENSYNUSDT,LONG,10,1849.4544109487701,0.05418,0.05566,102.94063251340854,10.020343998520437,2.737192528204184,27.316352897748285,27.316352897748285,0.02058812650268171,2.716604401701502,0.05645,0.05418,4.19826151285371,0.0,0.0,4.19826151285371,TRAILING_STOP,"移動止損 (最高41.9% → 當前27.3%, 回撤 14.6%)",4,297,UNKNOWN,0.0,1.0,,0.0,,PAPER_1777512038954_58,0.0002
T000058,2026-04-30 09:20:41,2026-04-30 09:20:41,NAORISUSDT,LONG,10,818.9337482597658,0.1221,,99.99181066251741,9.99918106625174,,,,0,,,,,,,,,,,,UNKNOWN,0.0,1.0,,0.0,0.0,PAPER_1777512041334_59,0.0002
T000059,2026-04-30 09:03:54,2026-04-30 09:24:03,SOLVUSDT,LONG,10,19227.071716977505,0.005201,0.005138,98.78869448183043,10.0,-1.2113055181695769,-12.113055181695769,-12.113055181695769,0.019757738896366086,-1.231063257065943,0.005225,0.005189,0.46144972120745464,2.3649298211882304,2.3649298211882304,0.46144972120745464,TECHNICAL_EXIT,"時間 + 收益 (20分, PnL: -1.21 USDT)",20,1209,UNKNOWN,0.0,1.0,,0.0,,PAPER_1777512243561_60,0.0002
T000060,2026-04-30 09:24:05,2026-04-30 09:24:05,AIGENSYNUSDT,LONG,10,1792.1146953405016,0.05584,,100.0716845878136,10.007168458781361,,,,0,,,,,,,,,,,,UNKNOWN,0.0,1.0,,0.0,0.0,PAPER_1777512245926_61,0.0002
T000061,2026-04-30 09:19:17,2026-04-30 09:30:15,SKYAIUSDT,LONG,10,356.3664872955347,0.28025,0.28788,102.59078436263853,9.98717080645736,2.719076298064939,27.225691347011686,27.225691347011686,0.020518156872527706,2.698558141192411,0.29256,0.2797,4.386871458608027,0.27440219521755915,0.27440219521755915,4.386871458608027,TRAILING_STOP,"移動止損 (最高43.9% → 當前27.4%, 回撤 16.6%)",10,657,UNKNOWN,0.0,1.0,,0.0,,PAPER_1777512615433_62,0.0002
T000062,2026-04-30 09:30:18,2026-04-30 09:30:18,SWARMSUSDT,LONG,10,3773.442511603336,0.026509,,100.03018754009284,10.003018754009284,,,,0,,,,,,,,,,,,UNKNOWN,0.0,1.0,,0.0,0.0,PAPER_1777512618139_63,0.0002
T000063,2026-04-30 09:20:41,2026-04-30 09:31:28,NAORISUSDT,LONG,10,818.9337482597658,0.1221,0.12474,102.15379575792319,9.99918106625174,2.1619850954057847,21.62162162162165,21.62162162162165,0.02043075915158464,2.1415543362542,0.12747,0.1221,4.397674228154942,0.0,0.0,4.397674228154942,TRAILING_STOP,"移動止損 (最高44.0% → 當前21.6%, 回撤 22.4%)",10,646,UNKNOWN,0.0,1.0,,0.0,,PAPER_1777512688100_64,0.0002
T000064,2026-04-30 09:31:30,2026-04-30 09:31:30,SOLVUSDT,LONG,10,19436.34596695821,0.005148,,100.05830903790087,10.005830903790088,,,,0,,,,,,,,,,,,UNKNOWN,0.0,1.0,,0.0,0.0,PAPER_1777512690733_65,0.0002
T000065,2026-04-30 09:24:05,2026-04-30 09:31:38,AIGENSYNUSDT,LONG,10,1792.1146953405016,0.05584,0.05366,96.16487455197131,10.007168458781361,-3.906810035842296,-39.040114613180535,-39.040114613180535,0.019232974910394263,-3.9260430107526902,0.05626,0.0556,0.7526881720430049,3.906810035842296,3.906810035842296,0.7526881720430049,STOP_LOSS,固定止損 (PnL: -3.91 USDT),7,452,UNKNOWN,0.0,1.0,,0.0,,PAPER_1777512698366_66,0.0002
T000066,2026-04-30 09:31:40,2026-04-30 09:31:40,TACUSDT,LONG,10,6227.425582264293,0.016056,,99.9875451488355,9.998754514883549,,,,0,,,,,,,,,,,,UNKNOWN,0.0,1.0,,0.0,0.0,PAPER_1777512700308_67,0.0002
T000067,2026-04-30 09:30:18,2026-04-30 09:42:38,SWARMSUSDT,LONG,10,3773.442511603336,0.026509,0.02568,96.90200369797367,10.003018754009284,-3.128183842119165,-31.27239805349126,-31.27239805349126,0.019380400739594735,-3.14756424285876,0.0266,0.026505,0.3433832685558935,3.128183842119165,3.128183842119165,0.3433832685558935,STOP_LOSS,固定止損 (PnL: -3.13 USDT),12,740,UNKNOWN,0.0,1.0,,0.0,,PAPER_1777513358490_68,0.0002
T000068,2026-04-30 09:42:40,2026-04-30 09:42:40,ZEREBROUSDT,LONG,10,3291.097581043278,0.030412,,100.08885963468818,10.008885963468817,,,,0,,,,,,,,,,,,UNKNOWN,0.0,1.0,,0.0,0.0,PAPER_1777513360986_69,0.0002
T000069,2026-04-30 09:42:40,2026-04-30 09:47:08,ZEREBROUSDT,LONG,10,3291.097581043278,0.030412,0.0294,96.75826888267237,10.008885963468817,-3.330590752015805,-33.276338287518165,-33.276338287518165,0.019351653776534476,-3.3499424057923397,0.030412,0.030403,0.0,4.0184301464538414,4.0184301464538414,0.0,STOP_LOSS,固定止損 (PnL: -4.02 USDT),4,267,UNKNOWN,0.0,1.0,,0.0,,PAPER_1777513628004_70,0.0002
T000070,2026-04-30 09:47:10,2026-04-30 09:47:10,AIGENSYNUSDT,LONG,10,1852.537977028529,0.05415,,100.31493145609484,10.031493145609485,,,,0,,,,,,,,,,,,UNKNOWN,0.0,1.0,,0.0,0.0,PAPER_1777513630699_71,0.0002
T000071,2026-04-30 09:31:30,2026-04-30 09:51:36,SOLVUSDT,LONG,10,19436.34596695821,0.005148,0.005069,98.52283770651117,10.005830903790088,-1.5354713313897002,-15.345765345765361,-15.345765345765361,0.019704567541302235,-1.5551758989310025,0.005168,0.00514,0.38872691933916526,2.1379980563654004,2.1379980563654004,0.38872691933916526,TECHNICAL_EXIT,"時間 + 收益 (20分, PnL: -1.52 USDT)",20,1205,UNKNOWN,0.0,1.0,,0.0,,PAPER_1777513896589_72,0.0002
T000072,2026-04-30 09:51:38,2026-04-30 09:51:38,ZEREBROUSDT,LONG,10,3476.2053742135085,0.028701,,99.77057044530191,9.977057044530191,,,,0,,,,,,,,,,,,UNKNOWN,0.0,1.0,,0.0,0.0,PAPER_1777513898909_73,0.0002
T000073,2026-04-30 09:31:40,2026-04-30 09:51:47,TACUSDT,LONG,10,6227.425582264293,0.016056,0.015776,98.24386598580148,9.998754514883549,-1.7436791630340174,-17.438963627304588,-17.438963627304588,0.019648773197160296,-1.7633279362311778,0.016204,0.016048,0.921658986175108,1.7436791630340174,1.7436791630340174,0.921658986175108,TECHNICAL_EXIT,"時間 + 收益 (20分, PnL: -1.74 USDT)",20,1207,UNKNOWN,0.0,1.0,,0.0,,PAPER_1777513907478_74,0.0002
T000074,2026-04-30 09:51:49,2026-04-30 09:51:49,NAORISUSDT,LONG,10,734.2143906020559,0.13615,,99.96328928046991,9.99632892804699,,,,0,,,,,,,,,,,,UNKNOWN,0.0,1.0,,0.0,0.0,PAPER_1777513909942_75,0.0002
T000075,2026-04-30 09:51:49,2026-04-30 09:51:58,NAORISUSDT,LONG,10,734.2143906020559,0.13615,0.13611,99.93392070484583,9.99632892804699,-0.02936857562407085,-0.2937936099888689,-0.2937936099888689,0.019986784140969167,-0.04935535976504002,0.13615,0.13612,0.0,0.022026431718063327,0.022026431718063327,0.0,TECHNICAL_EXIT,價格偏離 (11.8% > 10.0%),0,8,UNKNOWN,0.0,1.0,,0.0,,PAPER_1777513918368_76,0.0002
T000076,2026-04-30 09:52:01,2026-04-30 09:52:01,SKYAIUSDT,LONG,10,349.90727457223835,0.28532,,99.83554358095105,9.983554358095105,,,,0,,,,,,,,,,,,UNKNOWN,0.0,1.0,,0.0,0.0,PAPER_1777513921994_77,0.0002
T000077,2026-04-30 09:47:10,2026-04-30 09:55:44,AIGENSYNUSDT,LONG,10,1852.537977028529,0.05415,0.05525,102.35272323082623,10.031493145609485,2.0377917747313887,20.313942751615947,20.313942751615947,0.020470544646165247,2.0173212300852237,0.05593,0.05361,3.2975175991107886,1.5746572804742434,1.5746572804742434,3.2975175991107886,TRAILING_STOP,"移動止損 (最高32.9% → 當前20.3%, 回撤 12.6%)",8,514,UNKNOWN,0.0,1.0,,0.0,,PAPER_1777514144816_78,0.0002
T000078,2026-04-30 09:55:47,2026-04-30 09:55:47,NAORISUSDT,LONG,10,762.1951219512194,0.13186,,100.5030487804878,10.050304878048781,,,,0,,,,,,,,,,,,UNKNOWN,0.0,1.0,,0.0,0.0,PAPER_1777514147473_79,0.0002
T000079,2026-04-30 09:52:01,2026-04-30 09:57:28,SKYAIUSDT,LONG,10,349.90727457223835,0.28532,0.28949,101.29465691591729,9.983554358095105,1.4591133349662364,14.61516893312774,14.61516893312774,0.020258931383183458,1.438854403583053,0.29214,0.28532,2.386367612582663,0.0,0.0,2.386367612582663,TRAILING_STOP,"移動止損 (最高23.9% → 當前15.7%, 回撤 8.2%)",5,326,UNKNOWN,0.0,1.0,,0.0,,PAPER_1777514248163_80,0.0002
T000080,2026-04-30 09:57:30,2026-04-30 09:57:30,SWARMSUSDT,LONG,10,3822.337741762862,0.026128,,99.87004051678005,9.987004051678005,,,,0,,,,,,,,,,,,UNKNOWN,0.0,1.0,,0.0,0.0,PAPER_1777514250599_81,0.0002
T000081,2026-04-30 09:55:47,2026-04-30 09:58:00,NAORISUSDT,LONG,10,762.1951219512194,0.13186,0.13305,101.41006097560975,10.050304878048781,0.9070121951219485,9.024723191263433,9.024723191263433,0.020282012195121952,0.8867301829268266,0.1341,0.13168,1.7073170731707255,0.22103658536586315,0.22103658536586315,1.7073170731707255,TRAILING_STOP,"移動止損 (最高17.0% → 當前10.4%, 回撤 6.6%)",2,132,UNKNOWN,0.0,1.0,,0.0,,PAPER_1777514280205_82,0.0002
T000082,2026-04-30 09:58:45,2026-04-30 09:58:45,AIGENSYNUSDT,LONG,10,1818.1818181818182,0.055,,100.0,10.0,,,,0,,,,,,,,,,,,UNKNOWN,0.0,1.0,,0.0,0.0,PAPER_1777514325506_83,0.0002
T000083,2026-04-30 09:51:38,2026-04-30 10:00:45,ZEREBROUSDT,LONG,10,3476.2053742135085,0.028701,0.029003,100.82038446831439,9.977057044530191,1.0498140230124802,10.522281453607892,10.522281453607892,0.02016407689366288,1.0296499461188173,0.029177,0.028513,1.6546737581256326,1.619911704383499,1.619911704383499,1.6546737581256326,TRAILING_STOP,"移動止損 (最高16.6% → 當前10.4%, 回撤 6.2%)",9,546,UNKNOWN,0.0,1.0,,0.0,,PAPER_1777514445882_84,0.0002
T000084,2026-04-30 10:00:48,2026-04-30 10:00:48,SKYAIUSDT,LONG,10,343.84348244679023,0.28982,,99.65271808272875,9.965271808272876,,,,0,,,,,,,,,,,,UNKNOWN,0.0,1.0,,0.0,0.0,PAPER_1777514448588_85,0.0002
T000085,2026-04-30 09:58:45,2026-04-30 10:03:10,AIGENSYNUSDT,LONG,10,1818.1818181818182,0.055,0.05565,101.18181818181819,10.0,1.1818181818181779,11.81818181818178,11.81818181818178,0.02023636363636364,1.1615818181818143,0.05611,0.05499,2.018181818181818,0.7272727272727229,0.7272727272727229,2.018181818181818,TRAILING_STOP,"移動止損 (最高20.2% → 當前11.8%, 回撤 8.4%)",4,265,UNKNOWN,0.0,1.0,,0.0,,PAPER_1777514590705_86,0.0002
T000086,2026-04-30 10:03:14,2026-04-30 10:03:14,NAORISUSDT,LONG,10,707.1635669330316,0.14113,,99.80199420125875,9.980199420125874,,,,0,,,,,,,,,,,,UNKNOWN,0.0,1.0,,0.0,0.0,PAPER_1777514594074_87,0.0002
T000087,2026-04-30 10:03:14,2026-04-30 10:03:21,NAORISUSDT,LONG,10,707.1635669330316,0.14113,0.14064,99.45548405346155,9.980199420125874,-0.34651014779719835,-3.4719761921633827,-3.4719761921633827,0.01989109681069231,-0.36640124460789064,0.14113,0.14064,0.0,0.34651014779719835,0.34651014779719835,0.0,TECHNICAL_EXIT,價格偏離 (13.4% > 10.0%),0,7,UNKNOWN,0.0,1.0,,0.0,,PAPER_1777514601183_88,0.0002
T000088,2026-04-30 10:03:53,2026-04-30 10:03:53,ZEREBROUSDT,LONG,10,3390.405153415833,0.02948,,99.94914392269875,9.994914392269875,,,,0,,,,,,,,,,,,UNKNOWN,0.0,1.0,,0.0,0.0,PAPER_1777514633576_89,0.0002
T000089,2026-04-30 10:00:48,2026-04-30 10:04:02,SKYAIUSDT,LONG,10,343.84348244679023,0.28982,0.29658,101.97710002406905,9.965271808272876,2.324381941340298,23.324822303498678,23.324822303498678,0.02039542000481381,2.303986521335484,0.29877,0.28945,3.0773991678987582,0.47450400577658697,0.47450400577658697,3.0773991678987582,TRAILING_STOP,"移動止損 (最高30.9% → 當前20.4%, 回撤 10.5%)",3,194,UNKNOWN,0.0,1.0,,0.0,,PAPER_1777514642807_90,0.0002
T000090,2026-04-30 10:06:13,2026-04-30 10:06:13,AIGENSYNUSDT,LONG,10,1797.5912277548086,0.05559,,99.92809635088982,9.992809635088982,,,,0,,,,,,,,,,,,UNKNOWN,0.0,1.0,,0.0,0.0,PAPER_1777514773202_91,0.0002
T000091,2026-04-30 10:03:53,2026-04-30 10:09:58,ZEREBROUSDT,LONG,10,3390.405153415833,0.02948,0.029763,100.90862858111544,9.994914392269875,0.9594846584166875,9.599728629579445,9.599728629579445,0.02018172571622309,0.9393029327004644,0.029967,0.029477,1.651127309713515,0.010171215460245908,0.010171215460245908,1.651127309713515,TRAILING_STOP,"移動止損 (最高16.5% → 當前11.0%, 回撤 5.6%)",6,365,UNKNOWN,0.0,1.0,,0.0,,PAPER_1777514998602_92,0.0002
T000092,2026-04-30 10:10:01,2026-04-30 10:10:01,SKYAIUSDT,LONG,10,331.77399555422846,0.30154,,100.04313061942204,10.004313061942204,,,,0,,,,,,,,,,,,UNKNOWN,0.0,1.0,,0.0,0.0,PAPER_1777515001733_93,0.0002
T000093,2026-04-30 09:57:30,2026-04-30 10:15:19,SWARMSUSDT,LONG,10,3822.337741762862,0.026128,0.025442,97.24791682593073,9.987004051678005,-2.62212369084932,-26.255358236374743,-26.255358236374743,0.019449583365186148,-2.6415732742145064,0.026538,0.026089,1.567158474122776,2.62212369084932,2.62212369084932,1.567158474122776,TECHNICAL_EXIT,高點回撤 (4.1% > 4.0%),17,1069,UNKNOWN,0.0,1.0,,0.0,,PAPER_1777515319697_94,0.0002
T000094,2026-04-30 10:06:13,2026-04-30 10:15:30,AIGENSYNUSDT,LONG,10,1797.5912277548086,0.05559,0.05367,96.47672119360058,9.992809635088982,-3.4513751572892293,-34.538586076632456,-34.538586076632456,0.01929534423872012,-3.4706705015279495,0.05608,0.05556,0.8808197015998516,3.4513751572892293,3.4513751572892293,0.8808197015998516,STOP_LOSS,固定止損 (PnL: -3.45 USDT),9,557,UNKNOWN,0.0,1.0,,0.0,,PAPER_1777515330572_95,0.0002
T000095,2026-04-30 10:15:33,2026-04-30 10:15:33,AIOTUSDT,LONG,10,891.0273545397844,0.11205,,99.83961507618284,9.983961507618284,,,,0,,,,,,,,,,,,UNKNOWN,0.0,1.0,,0.0,0.0,PAPER_1777515333733_96,0.0002
T000096,2026-04-30 10:15:33,2026-04-30 10:18:31,AIOTUSDT,LONG,10,891.0273545397844,0.11205,0.10851,96.68537824111199,9.983961507618284,-3.154236835070838,-31.593038821954494,-31.593038821954494,0.019337075648222398,-3.1735739107190604,0.11205,0.1119,0.0,3.100775193798447,3.100775193798447,0.0,STOP_LOSS,固定止損 (PnL: -3.10 USDT),2,178,UNKNOWN,0.0,1.0,,0.0,,PAPER_1777515511765_97,0.0002
T000097,2026-04-30 10:10:01,2026-04-30 10:25:34,SKYAIUSDT,LONG,10,331.77399555422846,0.30154,0.30988,102.81012574234431,10.004313061942204,2.7669951229222702,27.658022152948252,27.658022152948252,0.020562025148468863,2.746433097773801,0.31467,0.30076,4.35619256162703,2.3356889287017655,2.3356889287017655,4.35619256162703,TRAILING_STOP,"移動止損 (最高43.5% → 當前27.7%, 回撤 15.9%)",15,932,UNKNOWN,0.0,1.0,,0.0,,PAPER_1777515934037_98,0.0002
T000098,2026-04-30 10:28:35,2026-04-30 10:28:35,SKYAIUSDT,LONG,10,323.08089945722406,0.30916,,99.88369087619539,9.988369087619539,,,,0,,,,,,,,,,,,UNKNOWN,0.0,1.0,,0.0,0.0,PAPER_1777516115508_99,0.0002
T000099,2026-04-30 10:30:21,2026-04-30 10:30:21,MEGAUSDT,LONG,10,501.8065034122842,0.20093,,100.82798073063026,10.082798073063026,,,,0,,,,,,,,,,,,UNKNOWN,0.0,1.0,,0.0,0.0,,0.0002
T000100,2026-04-30 10:30:21,2026-04-30 10:30:50,MEGAUSDT,LONG,10,501.8065034122842,0.20093,0.20666,103.70333199518265,10.082798073063026,2.875351264552395,28.517394117354367,28.517394117354367,0.02074066639903653,2.8546105981533585,0.20685,0.20093,2.9706945002007266,0.0,0.0,2.9706945002007266,TRAILING_STOP,"移動止損 (最高29.5% → 當前19.5%, 回撤 10.0%)",0,29,UNKNOWN,0.0,1.0,,0.0,,,0.0002
T000101,2026-04-30 10:33:53,2026-04-30 10:33:53,MEGAUSDT,LONG,10,477.7374355054462,0.20906,,99.87578826676858,9.987578826676858,,,,0,,,,,,,,,,,,UNKNOWN,0.0,1.0,,0.0,0.0,,0.0002
T000102,2026-04-30 10:34:34,2026-04-30 10:34:34,ZEREBROUSDT,LONG,10,3435.481654527965,0.028855,,99.13082314140442,9.913082314140443,,,,0,,,,,,,,,,,,UNKNOWN,0.0,1.0,,0.0,0.0,,0.0002
T000103,2026-04-30 10:33:53,2026-04-30 10:36:17,MEGAUSDT,LONG,10,477.7374355054462,0.20906,0.2013,96.16854576724631,9.987578826676858,-3.7072424995222573,-37.11853056538787,-37.11853056538787,0.019233709153449265,-3.7264762086757064,0.21016,0.20661,0.5255111790559992,3.9604433403401447,3.9604433403401447,0.5255111790559992,STOP_LOSS,固定止損 (PnL: -3.96 USDT),2,143,UNKNOWN,0.0,1.0,,0.0,,,0.0002
T000104,2026-04-30 10:36:22,2026-04-30 10:36:22,UBUSDT,LONG,10,1514.4631228229591,0.06601,,99.96971073754354,9.996971073754354,,,,0,,,,,,,,,,,,UNKNOWN,0.0,1.0,,0.0,0.0,,0.0002
T000105,2026-04-30 10:34:34,2026-04-30 10:41:38,ZEREBROUSDT,LONG,10,3435.481654527965,0.028855,0.027948,96.01484128074758,9.913082314140443,-3.115981860656858,-31.433027204990406,-31.433027204990406,0.019202968256149516,-3.1351848289130073,0.029119,0.028791,0.906967156795384,3.115981860656858,3.115981860656858,0.906967156795384,STOP_LOSS,固定止損 (PnL: -3.12 USDT),7,423,UNKNOWN,0.0,1.0,,0.0,,,0.0002
T000106,2026-04-30 10:41:41,2026-04-30 10:41:41,AIOTUSDT,LONG,10,887.3114463176576,0.11264,,99.94676131322095,9.994676131322095,,,,0,,,,,,,,,,,,UNKNOWN,0.0,1.0,,0.0,0.0,,0.0002
T000107,2026-04-30 10:28:35,2026-04-30 10:42:20,SKYAIUSDT,LONG,10,323.08089945722406,0.30916,0.29928,96.69165158955802,9.988369087619539,-3.1920392866373737,-31.957562427222154,-31.957562427222154,0.019338330317911604,-3.2113776169552852,0.31082,0.30898,0.5363142930989903,3.1920392866373737,3.1920392866373737,0.5363142930989903,STOP_LOSS,固定止損 (PnL: -3.19 USDT),13,824,UNKNOWN,0.0,1.0,,0.0,,,0.0002
T000108,2026-04-30 10:42:23,2026-04-30 10:42:23,MEGAUSDT,LONG,10,484.9425343096843,0.20631,,100.04849425343096,10.004849425343096,,,,0,,,,,,,,,,,,UNKNOWN,0.0,1.0,,0.0,0.0,,0.0002
T000109,2026-04-30 10:42:23,2026-04-30 10:45:38,MEGAUSDT,LONG,10,484.9425343096843,0.20631,0.20125,97.59468502982396,10.004849425343096,-2.4538092236069935,-24.526198439241828,-24.526198439241828,0.019518937005964795,-2.4733281606129585,0.20698,0.2059,0.32491149798749036,3.0066437127200345,3.0066437127200345,0.32491149798749036,STOP_LOSS,固定止損 (PnL: -3.01 USDT),3,195,UNKNOWN,0.0,1.0,,0.0,,,0.0002
T000110,2026-04-30 10:45:41,2026-04-30 10:45:41,SKYAIUSDT,LONG,10,326.3388049472963,0.30567,,99.75198250824006,9.975198250824006,,,,0,,,,,,,,,,,,UNKNOWN,0.0,1.0,,0.0,0.0,,0.0002
T000111,2026-04-30 10:41:41,2026-04-30 10:47:51,AIOTUSDT,LONG,10,887.3114463176576,0.11264,0.10918,96.87666370896186,9.994676131322095,-3.0700976042590993,-30.717329545454586,-30.717329545454586,0.019375332741792373,-3.0894729370008918,0.11264,0.11237,0.0,3.1144631765749775,3.1144631765749775,0.0,STOP_LOSS,固定止損 (PnL: -3.11 USDT),6,370,UNKNOWN,0.0,1.0,,0.0,,,0.0002
T000112,2026-04-30 10:51:56,2026-04-30 10:51:56,TACUSDT,LONG,10,6220.065932698886,0.016068,,99.94401940660569,9.99440194066057,,,,0,,,,,,,,,,,,UNKNOWN,0.0,1.0,,0.0,0.0,,0.0002
T000113,2026-04-30 10:45:41,2026-04-30 10:52:57,SKYAIUSDT,LONG,10,326.3388049472963,0.30567,0.30995,101.14871259341449,9.975198250824006,1.3967300851744302,14.002028331206878,14.002028331206878,0.020229742518682897,1.3765003426557474,0.31226,0.30352,2.150572724602678,1.3869399210260014,1.3869399210260014,2.150572724602678,TRAILING_STOP,"移動止損 (最高21.6% → 當前14.0%, 回撤 7.6%)",7,436,UNKNOWN,0.0,1.0,,0.0,,,0.0002
T000114,2026-04-30 10:36:22,2026-04-30 10:53:07,UBUSDT,LONG,10,1514.4631228229591,0.06601,0.06681,101.18128123580189,9.996971073754354,1.21157049825836,12.11937585214354,12.11937585214354,0.02023625624716038,1.1913342420111996,0.06723,0.06596,1.8476450098440085,0.07572315614113961,0.07572315614113961,1.8476450098440085,TRAILING_STOP,"移動止損 (最高18.5% → 當前12.1%, 回撤 6.4%)",16,1005,UNKNOWN,0.0,1.0,,0.0,,,0.0002
T000115,2026-04-30 10:55:59,2026-04-30 10:55:59,SKYAIUSDT,LONG,10,321.8849583158979,0.31043,,99.92274761000418,9.992274761000418,,,,0,,,,,,,,,,,,UNKNOWN,0.0,1.0,,0.0,0.0,,0.0002
T000116,2026-04-30 10:58:08,2026-04-30 10:58:08,UBUSDT,LONG,10,1490.757304710793,0.06709,,100.0149075730471,10.00149075730471,,,,0,,,,,,,,,,,,UNKNOWN,0.0,1.0,,0.0,0.0,,0.0002
T000117,2026-04-30 10:51:56,2026-04-30 11:01:24,TACUSDT,LONG,10,6220.065932698886,0.016068,0.016732,104.07414318591776,9.99440194066057,4.130123779312069,41.32437142145889,41.32437142145889,0.020814828637183553,4.109308950674886,0.017038,0.016066,6.0334639547179325,0.7339677800584689,0.7339677800584689,6.0334639547179325,FULL_EXIT,全數止盈 (收益率 60.4%),9,567,UNKNOWN,0.0,1.0,,0.0,,,0.0002
T000118,2026-04-30 11:03:24,2026-04-30 11:03:24,NAORISUSDT,LONG,10,789.3905904641617,0.12681,,100.10262077676036,10.010262077676035,,,,0,,,,,,,,,,,,UNKNOWN,0.0,1.0,,0.0,0.0,,0.0002
T000119,2026-04-30 10:55:59,2026-04-30 11:05:26,SKYAIUSDT,LONG,10,321.8849583158979,0.31043,0.30079,96.81977661183893,9.992274761000418,-3.10297099816525,-31.053699706858172,-31.053699706858172,0.019363955322367787,-3.1223349534876177,0.31054,0.31006,0.035407345414748444,3.395886310232724,3.395886310232724,0.035407345414748444,STOP_LOSS,固定止損 (PnL: -3.40 USDT),9,567,UNKNOWN,0.0,1.0,,0.0,,,0.0002
T000120,2026-04-30 11:05:30,2026-04-30 11:05:30,BIOUSDT,LONG,10,2448.5798237022527,0.04075,,99.7796278158668,9.97796278158668,,,,0,,,,,,,,,,,,UNKNOWN,0.0,1.0,,0.0,0.0,,0.0002
T000121,2026-04-30 11:05:30,2026-04-30 11:06:40,BIOUSDT,LONG,10,2448.5798237022527,0.04075,0.04108,100.58765915768853,9.97796278158668,0.808031341821736,8.098159509202379,8.098159509202379,0.020117531831537708,0.7879138099901982,0.04102,0.04069,0.6611165523996068,0.3183153770812884,0.3183153770812884,0.6611165523996068,TECHNICAL_EXIT,價格偏離 (10.2% > 10.0%),1,69,UNKNOWN,0.0,1.0,,0.0,,,0.0002
T000122,2026-04-30 11:06:44,2026-04-30 11:06:44,TACUSDT,LONG,10,6030.271965265633,0.016584,,100.00603027196527,10.000603027196528,,,,0,,,,,,,,,,,,UNKNOWN,0.0,1.0,,0.0,0.0,,0.0002
T000123,2026-04-30 11:03:24,2026-04-30 11:07:42,NAORISUSDT,LONG,10,789.3905904641617,0.12681,0.1228,96.93716450899906,10.010262077676035,-3.165456267761288,-31.622111820834313,-31.622111820834313,0.01938743290179981,-3.184843700663088,0.12828,0.12665,1.160404167982317,3.165456267761288,3.165456267761288,1.160404167982317,STOP_LOSS,固定止損 (PnL: -3.17 USDT),4,258,UNKNOWN,0.0,1.0,,0.0,,,0.0002
T000124,2026-04-30 11:09:50,2026-04-30 11:09:50,BIOUSDT,LONG,10,2444.987775061125,0.04081,,99.7799511002445,9.97799511002445,,,,0,,,,,,,,,,,,UNKNOWN,0.0,1.0,,0.0,0.0,,0.0002
T000125,2026-04-30 11:06:44,2026-04-30 11:15:52,TACUSDT,LONG,10,6030.271965265633,0.016584,0.0161,97.08737864077669,10.000603027196528,-2.9186516311885775,-29.184756391702955,-29.184756391702955,0.019417475728155338,-2.938069106916733,0.01659,0.016561,0.03618163179158814,3.0935295181812883,3.0935295181812883,0.03618163179158814,STOP_LOSS,固定止損 (PnL: -3.09 USDT),9,548,UNKNOWN,0.0,1.0,,0.0,,,0.0002
T000126,2026-04-30 11:15:55,2026-04-30 11:15:55,SWARMSUSDT,LONG,10,3878.374185541421,0.025772,,99.9534595097735,9.995345950977349,,,,0,,,,,,,,,,,,UNKNOWN,0.0,1.0,,0.0,0.0,,0.0002
T000127,2026-04-30 10:58:08,2026-04-30 11:18:18,UBUSDT,LONG,10,1490.757304710793,0.06709,0.06732,100.3577817531306,10.00149075730471,0.3428741800834943,3.4282307348339245,3.4282307348339245,0.02007155635062612,0.32280262373286817,0.06785,0.06706,1.132975551580198,0.04472271914132714,0.04472271914132714,1.132975551580198,TECHNICAL_EXIT,"時間 + 收益 (20分, PnL: 0.39 USDT)",20,1210,UNKNOWN,0.0,1.0,,0.0,,,0.0002
T000128,2026-04-30 11:18:21,2026-04-30 11:18:21,ARCUSDT,LONG,10,1229.7097884899163,0.08125,,99.9139203148057,9.991392031480569,,,,0,,,,,,,,,,,,UNKNOWN,0.0,1.0,,0.0,0.0,,0.0002
T000129,2026-04-30 11:09:50,2026-04-30 11:28:01,BIOUSDT,LONG,10,2444.987775061125,0.04081,0.03962,96.87041564792177,9.97799511002445,-2.9095354523227304,-29.15951972555738,-29.15951972555738,0.019374083129584357,-2.928909535452315,0.04121,0.0408,0.9779951100244441,3.349633251833732,3.349633251833732,0.9779951100244441,STOP_LOSS,固定止損 (PnL: -3.35 USDT),18,1090,UNKNOWN,0.0,1.0,,0.0,,,0.0002
T000130,2026-04-30 11:29:08,2026-04-30 11:29:08,AIGENSYNUSDT,LONG,10,1811.5942028985507,0.05491,,99.47463768115942,9.947463768115941,,,,0,,,,,,,,,,,,UNKNOWN,0.0,1.0,,0.0,0.0,,0.0002
T000131,2026-04-30 11:29:08,2026-04-30 11:32:14,AIGENSYNUSDT,LONG,10,1811.5942028985507,0.05491,0.0556,100.72463768115942,9.947463768115941,1.2499999999999931,12.566017118921804,12.566017118921804,0.020144927536231885,1.2298550724637611,0.05607,0.05491,2.101449275362321,0.0,0.0,2.101449275362321,TRAILING_STOP,"移動止損 (最高21.1% → 當前12.6%, 回撤 8.6%)",3,185,UNKNOWN,0.0,1.0,,0.0,,,0.0002
T000132,2026-04-30 11:32:17,2026-04-30 11:32:17,SOLVUSDT,LONG,10,20470.82906857728,0.004877,,99.8362333674514,9.98362333674514,,,,0,,,,,,,,,,,,UNKNOWN,0.0,1.0,,0.0,0.0,,0.0002
T000133,2026-04-30 11:18:21,2026-04-30 11:33:27,ARCUSDT,LONG,10,1229.7097884899163,0.08125,0.08261,101.586325627152,9.991392031480569,1.6724053123462863,16.73846153846154,16.73846153846154,0.0203172651254304,1.652088047220856,0.08275,0.08113,1.844564682734876,1.2911952779144236,1.2911952779144236,1.844564682734876,TRAILING_STOP,"移動止損 (最高18.5% → 當前12.2%, 回撤 6.3%)",15,905,UNKNOWN,0.0,1.0,,0.0,,,0.0002
T000134,2026-04-30 11:33:30,2026-04-30 11:33:30,BIOUSDT,LONG,10,2499.3751562109474,0.04008,,100.17495626093476,10.017495626093476,,,,0,,,,,,,,,,,,UNKNOWN,0.0,1.0,,0.0,0.0,,0.0002
T000135,2026-04-30 11:15:55,2026-04-30 11:36:05,SWARMSUSDT,LONG,10,3878.374185541421,0.025772,0.025366,98.37883959044369,9.995345950977349,-1.5746199193298174,-15.75353096383673,-15.75353096383673,0.019675767918088737,-1.5942956872479062,0.026016,0.025646,0.9463233012721112,1.9973627055538243,1.9973627055538243,0.9463233012721112,TECHNICAL_EXIT,"時間 + 收益 (20分, PnL: -1.55 USDT)",20,1209,UNKNOWN,0.0,1.0,,0.0,,,0.0002
T000136,2026-04-30 11:36:09,2026-04-30 11:36:09,AIGENSYNUSDT,LONG,10,1768.3465959328028,0.05647,,99.85853227232538,9.985853227232537,,,,0,,,,,,,,,,,,UNKNOWN,0.0,1.0,,0.0,0.0,,0.0002
T000137,2026-04-30 11:36:09,2026-04-30 11:42:11,AIGENSYNUSDT,LONG,10,1768.3465959328028,0.05647,0.05472,96.76392572944296,9.985853227232537,-3.0946065428824077,-30.989906144855706,-30.989906144855706,0.019352785145888594,-3.1139593280282964,0.05652,0.05638,0.08841732979664267,3.1653404067197166,3.1653404067197166,0.08841732979664267,STOP_LOSS,固定止損 (PnL: -3.17 USDT),6,361,UNKNOWN,0.0,1.0,,0.0,,,0.0002
T000138,2026-04-30 11:42:14,2026-04-30 11:42:14,NAORISUSDT,LONG,10,812.8759551292472,0.12304,,100.01625751910258,10.001625751910257,,,,0,,,,,,,,,,,,UNKNOWN,0.0,1.0,,0.0,0.0,,0.0002
T000139,2026-04-30 11:33:30,2026-04-30 11:48:16,BIOUSDT,LONG,10,2499.3751562109474,0.04008,0.04056,101.37465633591601,10.017495626093476,1.1997000749812579,11.976047904191649,11.976047904191649,0.020274931267183206,1.1794251437140746,0.04081,0.03994,1.8245438640339953,1.0497375656085899,1.0497375656085899,1.8245438640339953,TRAILING_STOP,"移動止損 (最高18.2% → 當前12.0%, 回撤 6.2%)",14,885,UNKNOWN,0.0,1.0,,0.0,,,0.0002
T000140,2026-04-30 11:48:19,2026-04-30 11:48:19,AIGENSYNUSDT,LONG,10,1793.7219730941704,0.05586,,100.19730941704036,10.019730941704037,,,,0,,,,,,,,,,,,UNKNOWN,0.0,1.0,,0.0,0.0,,0.0002
T000141,2026-04-30 11:32:17,2026-04-30 11:52:25,SOLVUSDT,LONG,10,20470.82906857728,0.004877,0.004828,98.83316274309111,9.98362333674514,-1.0030706243602956,-10.047160139430066,-10.047160139430066,0.019766632548618223,-1.022837256908914,0.004883,0.004876,0.12282497441146223,1.1668372569089178,1.1668372569089178,0.12282497441146223,TECHNICAL_EXIT,"時間 + 收益 (20分, PnL: -0.90 USDT)",20,1208,UNKNOWN,0.0,1.0,,0.0,,,0.0002
T000142,2026-04-30 11:52:28,2026-04-30 11:52:28,AIOTUSDT,LONG,10,934.0556697179152,0.10694,,99.88791331963384,9.988791331963384,,,,0,,,,,,,,,,,,UNKNOWN,0.0,1.0,,0.0,0.0,,0.0002
T000143,2026-04-30 11:42:14,2026-04-30 11:55:33,NAORISUSDT,LONG,10,812.8759551292472,0.12304,0.11891,96.6590798244188,10.001625751910257,-3.357177694683787,-33.56631989596875,-33.56631989596875,0.019331815964883762,-3.376509510648671,0.12508,0.12199,1.6582669484636645,3.503495366607051,3.503495366607051,1.6582669484636645,STOP_LOSS,固定止損 (PnL: -3.50 USDT),13,799,UNKNOWN,0.0,1.0,,0.0,,,0.0002
T000144,2026-04-30 11:55:36,2026-04-30 11:55:36,MEGAUSDT,LONG,10,486.9497467861317,0.20537,,100.00486949746787,10.000486949746787,,,,0,,,,,,,,,,,,UNKNOWN,0.0,1.0,,0.0,0.0,,0.0002
T000145,2026-04-30 11:48:19,2026-04-30 11:59:23,AIGENSYNUSDT,LONG,10,1793.7219730941704,0.05586,0.0576,103.31838565022422,10.019730941704037,3.121076233183854,31.14930182599353,31.14930182599353,0.020663677130044845,3.100412556053809,0.05867,0.05582,5.040358744394619,0.8430493273542569,0.8430493273542569,5.040358744394619,TRAILING_STOP,"移動止損 (最高50.3% → 當前31.9%, 回撤 18.4%)",11,664,UNKNOWN,0.0,1.0,,0.0,,,0.0002
T000146,2026-04-30 11:59:26,2026-04-30 11:59:26,SWARMSUSDT,LONG,10,4016.709511568123,0.024854,,99.83129820051414,9.983129820051413,,,,0,,,,,,,,,,,,UNKNOWN,0.0,1.0,,0.0,0.0,,0.0002
T000147,2026-04-30 11:59:26,2026-04-30 12:05:06,SWARMSUSDT,LONG,10,4016.709511568123,0.024854,0.026408,106.073264781491,9.983129820051413,6.241966580976863,62.525146857648664,62.525146857648664,0.0212146529562982,6.220751928020564,0.026408,0.024794,6.241966580976863,0.5261889460154348,0.5261889460154348,6.241966580976863,FULL_EXIT,全數止盈 (收益率 62.5%),5,339,UNKNOWN,0.0,1.0,,0.0,,,0.0002
T000148,2026-04-30 12:05:09,2026-04-30 12:05:09,AIGENSYNUSDT,LONG,10,1722.0595832615809,0.05804,,99.94833821250215,9.994833821250214,,,,0,,,,,,,,,,,,UNKNOWN,0.0,1.0,,0.0,0.0,,0.0002
T000149,2026-04-30 11:52:28,2026-04-30 12:06:19,AIOTUSDT,LONG,10,934.0556697179152,0.10694,0.10814,101.00878012329535,9.988791331963384,1.1208668036615044,11.22124555825703,11.22124555825703,0.02020175602465907,1.1006650476368454,0.10902,0.10624,1.9428357930132751,0.6538389688025334,0.6538389688025334,1.9428357930132751,TRAILING_STOP,"移動止損 (最高19.5% → 當前11.2%, 回撤 8.2%)",13,830,UNKNOWN,0.0,1.0,,0.0,,,0.0002
T000150,2026-04-30 12:06:22,2026-04-30 12:06:22,UBUSDT,LONG,10,1444.251877527441,0.06921,,99.95667244367418,9.995667244367418,,,,0,,,,,,,,,,,,UNKNOWN,0.0,1.0,,0.0,0.0,,0.0002
T000151,2026-04-30 12:05:09,2026-04-30 12:07:00,AIGENSYNUSDT,LONG,10,1722.0595832615809,0.05804,0.05923,101.99758911658343,9.994833821250214,2.0492509040812754,20.503101309441707,20.503101309441707,0.020399517823316688,2.028851386257959,0.06009,0.05804,3.5302221456862344,0.0,0.0,3.5302221456862344,TRAILING_STOP,"移動止損 (最高35.3% → 當前19.3%, 回撤 16.0%)",1,111,UNKNOWN,0.0,1.0,,0.0,,,0.0002
T000152,2026-04-30 12:07:04,2026-04-30 12:07:04,ARCUSDT,LONG,10,1186.0989206499823,0.08421,,99.881390107935,9.9881390107935,,,,0,,,,,,,,,,,,UNKNOWN,0.0,1.0,,0.0,0.0,,0.0002
T000153,2026-04-30 12:06:22,2026-04-30 12:10:59,UBUSDT,LONG,10,1444.251877527441,0.06921,0.06998,101.06874638937032,9.995667244367418,1.1120739456961393,11.125559890189377,11.125559890189377,0.020213749277874064,1.0918601964182653,0.07049,0.06913,1.8486424032351292,0.18775274407855466,0.18775274407855466,1.8486424032351292,TRAILING_STOP,"移動止損 (最高18.5% → 當前11.6%, 回撤 6.9%)",4,277,UNKNOWN,0.0,1.0,,0.0,,,0.0002
T000154,2026-04-30 12:11:02,2026-04-30 12:11:02,AIGENSYNUSDT,LONG,10,1726.8174753928508,0.05805,,100.24175444655499,10.0241754446555,,,,0,,,,,,,,,,,,UNKNOWN,0.0,1.0,,0.0,0.0,,0.0002
T000155,2026-04-30 11:55:36,2026-04-30 12:15:41,MEGAUSDT,LONG,10,486.9497467861317,0.20537,0.20683,100.71581612777562,10.000486949746787,0.7109466303077605,7.109120124653148,7.109120124653148,0.020143163225555125,0.6908034670822054,0.20673,0.20521,0.6622516556291391,0.7645111024542209,0.7645111024542209,0.6622516556291391,TECHNICAL_EXIT,"時間 + 收益 (20分, PnL: 0.66 USDT)",20,1204,UNKNOWN,0.0,1.0,,0.0,,,0.0002
T000156,2026-04-30 12:15:44,2026-04-30 12:15:44,SWARMSUSDT,LONG,10,3849.855630413859,0.025902,,99.71896053897979,9.971896053897979,,,,0,,,,,,,,,,,,UNKNOWN,0.0,1.0,,0.0,0.0,,0.0002
T000157,2026-04-30 12:07:04,2026-04-30 12:18:28,ARCUSDT,LONG,10,1186.0989206499823,0.08421,0.0859,101.88589728383349,9.9881390107935,2.004507175898483,20.068875430471575,20.068875430471575,0.0203771794567667,1.9841299964417165,0.08705,0.08416,3.368520934645961,0.05930494603249259,0.05930494603249259,3.368520934645961,TRAILING_STOP,"移動止損 (最高33.7% → 當前20.1%, 回撤 13.7%)",11,684,UNKNOWN,0.0,1.0,,0.0,,,0.0002
T000158,2026-04-30 12:18:32,2026-04-30 12:18:32,AIOTUSDT,LONG,10,882.7683615819209,0.11344,,100.14124293785311,10.014124293785311,,,,0,,,,,,,,,,,,UNKNOWN,0.0,1.0,,0.0,0.0,,0.0002
T000159,2026-04-30 12:11:02,2026-04-30 12:20:54,AIGENSYNUSDT,LONG,10,1726.8174753928508,0.05805,0.05996,103.53997582455534,10.0241754446555,3.2982213780003486,32.90267011197247,32.90267011197247,0.02070799516491107,3.2775133828354375,0.06092,0.05785,4.9559661543774896,0.3798998445864237,0.3798998445864237,4.9559661543774896,TRAILING_STOP,"移動止損 (最高49.4% → 當前32.7%, 回撤 16.7%)",9,592,UNKNOWN,0.0,1.0,,0.0,,,0.0002
T000160,2026-04-30 12:20:57,2026-04-30 12:20:57,ZEREBROUSDT,LONG,10,3705.8997924696114,0.026994,,100.03705899792469,10.003705899792468,,,,0,,,,,,,,,,,,UNKNOWN,0.0,1.0,,0.0,0.0,,0.0002
T000161,2026-04-30 12:15:44,2026-04-30 12:25:36,SWARMSUSDT,LONG,10,3849.855630413859,0.025902,0.026183,100.80076997112609,9.971896053897979,1.0818094321462945,10.848583120994517,10.848583120994517,0.02016015399422522,1.0616492781520692,0.02645,0.025895,2.1097208854667944,0.02694898941289725,0.02694898941289725,2.1097208854667944,TRAILING_STOP,"移動止損 (最高21.2% → 當前10.8%, 回撤 10.3%)",9,592,UNKNOWN,0.0,1.0,,0.0,,,0.0002
T000162,2026-04-30 12:25:39,2026-04-30 12:25:39,AIGENSYNUSDT,LONG,10,1679.5431642593214,0.05954,,100.0,10.0,,,,0,,,,,,,,,,,,UNKNOWN,0.0,1.0,,0.0,0.0,,0.0002
T000163,2026-04-30 12:20:57,2026-04-30 12:28:14,ZEREBROUSDT,LONG,10,3705.8997924696114,0.026994,0.026096,96.70916098428698,10.003705899792468,-3.327898013637709,-33.26665184855892,-33.26665184855892,0.019341832196857398,-3.3472398458345665,0.027065,0.026904,0.26311888526533556,3.327898013637709,3.327898013637709,0.26311888526533556,STOP_LOSS,固定止損 (PnL: -3.33 USDT),7,437,UNKNOWN,0.0,1.0,,0.0,,,0.0002
T000164,2026-04-30 12:28:17,2026-04-30 12:28:17,MEGAUSDT,LONG,10,477.5321140346688,0.20893,,99.77078458526336,9.977078458526336,,,,0,,,,,,,,,,,,UNKNOWN,0.0,1.0,,0.0,0.0,,0.0002
T000165,2026-04-30 12:25:39,2026-04-30 12:30:30,AIGENSYNUSDT,LONG,10,1679.5431642593214,0.05954,0.05727,96.18743701713134,10.0,-3.812562982868662,-38.12562982868662,-38.12562982868662,0.01923748740342627,-3.8318004702720883,0.05973,0.05945,0.3191132012092639,3.812562982868662,3.812562982868662,0.3191132012092639,STOP_LOSS,固定止損 (PnL: -3.81 USDT),4,290,UNKNOWN,0.0,1.0,,0.0,,,0.0002
T000166,2026-04-30 12:30:33,2026-04-30 12:30:33,SWARMSUSDT,LONG,10,3794.058504382138,0.026413,,100.2124672762454,10.02124672762454,,,,0,,,,,,,,,,,,UNKNOWN,0.0,1.0,,0.0,0.0,,0.0002
T000167,2026-04-30 12:28:17,2026-04-30 12:38:22,MEGAUSDT,LONG,10,477.5321140346688,0.20893,0.20224,96.57609474237141,9.977078458526336,-3.194689842891935,-32.02029387833246,-32.02029387833246,0.019315218948474284,-3.214005061840409,0.21031,0.2088,0.6589943173678393,3.0036769972780752,3.0036769972780752,0.6589943173678393,STOP_LOSS,固定止損 (PnL: -3.00 USDT),10,604,UNKNOWN,0.0,1.0,,0.0,,,0.0002
T000168,2026-04-30 12:38:25,2026-04-30 12:38:25,SKYAIUSDT,LONG,10,336.32664043318874,0.29738,,100.01681633202166,10.001681633202166,,,,0,,,,,,,,,,,,UNKNOWN,0.0,1.0,,0.0,0.0,,0.0002
T000169,2026-04-30 12:18:32,2026-04-30 12:38:33,AIOTUSDT,LONG,10,882.7683615819209,0.11344,0.11148,98.41101694915254,10.014124293785311,-1.730225988700568,-17.277856135402004,-17.277856135402004,0.01968220338983051,-1.7499081920903985,0.1144,0.11294,0.8474576271186463,2.9661016949152557,2.9661016949152557,0.8474576271186463,TECHNICAL_EXIT,"時間 + 收益 (20分, PnL: -1.58 USDT)",20,1200,UNKNOWN,0.0,1.0,,0.0,,,0.0002
T000170,2026-04-30 12:38:36,2026-04-30 12:38:36,BIOUSDT,LONG,10,2439.0243902439024,0.041,,100.0,10.0,,,,0,,,,,,,,,,,,UNKNOWN,0.0,1.0,,0.0,0.0,,0.0002
T000171,2026-04-30 12:38:36,2026-04-30 12:47:35,BIOUSDT,LONG,10,2439.0243902439024,0.041,0.03979,97.04878048780488,10.0,-2.9512195121951286,-29.512195121951283,-29.512195121951283,0.019409756097560977,-2.9706292682926896,0.04117,0.04082,0.41463414634145496,3.024390243902451,3.024390243902451,0.41463414634145496,STOP_LOSS,固定止損 (PnL: -3.02 USDT),8,539,UNKNOWN,0.0,1.0,,0.0,,,0.0002
T000172,2026-04-30 12:47:37,2026-04-30 12:47:37,ZEREBROUSDT,LONG,10,3779.7180330347355,0.02646,,100.0113391540991,10.00113391540991,,,,0,,,,,,,,,,,,UNKNOWN,0.0,1.0,,0.0,0.0,,0.0002
T000173,2026-04-30 12:30:33,2026-04-30 12:50:41,SWARMSUSDT,LONG,10,3794.058504382138,0.026413,0.026244,99.57127138900482,10.02124672762454,-0.6411958872405775,-6.39836444175213,-6.39836444175213,0.019914254277800966,-0.6611101415183784,0.026574,0.026368,0.6108434192055296,1.1382175513146344,1.1382175513146344,0.6108434192055296,TECHNICAL_EXIT,"時間 + 收益 (20分, PnL: -0.55 USDT)",20,1208,UNKNOWN,0.0,1.0,,0.0,,,0.0002
T000174,2026-04-30 12:38:25,2026-04-30 12:51:47,SKYAIUSDT,LONG,10,336.32664043318874,0.29738,0.30133,101.34530656173276,10.001681633202166,1.3284902297110985,13.28266863945124,13.28266863945124,0.020269061312346553,1.308221168398752,0.30389,0.29636,2.189486429220064,1.1872330407291487,1.1872330407291487,2.189486429220064,TRAILING_STOP,"移動止損 (最高21.9% → 當前13.3%, 回撤 8.6%)",13,801,UNKNOWN,0.0,1.0,,0.0,,,0.0002
T000175,2026-04-30 12:52:30,2026-04-30 12:52:30,MEGAUSDT,LONG,10,491.0626595953644,0.20361,,99.98526812021215,9.998526812021215,,,,0,,,,,,,,,,,,UNKNOWN,0.0,1.0,,0.0,0.0,,0.0002
T000176,2026-04-30 12:53:44,2026-04-30 12:53:44,SWARMSUSDT,LONG,10,3828.923689550867,0.026089,,99.89279013669257,9.989279013669258,,,,0,,,,,,,,,,,,UNKNOWN,0.0,1.0,,0.0,0.0,,0.0002
T000177,2026-04-30 12:53:44,2026-04-30 12:57:44,SWARMSUSDT,LONG,10,3828.923689550867,0.026089,0.026269,100.58199640081173,9.989279013669258,0.6892062641191545,6.899459542335834,6.899459542335834,0.02011639928016235,0.6690898648389921,0.026587,0.02607,1.9068039973963258,0.07274955010147281,0.07274955010147281,1.9068039973963258,TRAILING_STOP,"移動止損 (最高19.1% → 當前11.1%, 回撤 8.0%)",4,240,UNKNOWN,0.0,1.0,,0.0,,,0.0002
T000178,2026-04-30 12:57:47,2026-04-30 12:57:47,SKYAIUSDT,LONG,10,333.1112591605596,0.30008,,99.96002664890072,9.996002664890073,,,,0,,,,,,,,,,,,UNKNOWN,0.0,1.0,,0.0,0.0,,0.0002
T000179,2026-04-30 12:52:30,2026-04-30 13:00:40,MEGAUSDT,LONG,10,491.0626595953644,0.20361,0.19737,96.92103712433706,9.998526812021215,-3.0642309958750853,-30.64682481214097,-30.64682481214097,0.019384207424867413,-3.083615203299953,0.20421,0.20324,0.29463759575721343,3.0151247299155406,3.0151247299155406,0.29463759575721343,STOP_LOSS,固定止損 (PnL: -3.02 USDT),8,490,UNKNOWN,0.0,1.0,,0.0,,,0.0002
T000180,2026-04-30 13:00:43,2026-04-30 13:00:43,SOLVUSDT,LONG,10,20362.451639177358,0.004911,,100.0,10.0,,,,0,,,,,,,,,,,,UNKNOWN,0.0,1.0,,0.0,0.0,,0.0002
T000181,2026-04-30 12:47:37,2026-04-30 13:07:46,ZEREBROUSDT,LONG,10,3779.7180330347355,0.02646,0.02616,98.87742374418868,10.00113391540991,-1.133915409910427,-11.337868480725685,-11.337868480725685,0.019775484748837734,-1.1536908946592648,0.026649,0.026444,0.7143667082435582,1.9919114034093044,1.9919114034093044,0.7143667082435582,TECHNICAL_EXIT,"時間 + 收益 (20分, PnL: -1.31 USDT)",20,1208,UNKNOWN,0.0,1.0,,0.0,,,0.0002
T000182,2026-04-30 13:07:59,2026-04-30 13:07:59,SWARMSUSDT,LONG,10,3853.1190999113783,0.02588,,99.71872230570646,9.971872230570646,,,,0,,,,,,,,,,,,UNKNOWN,0.0,1.0,,0.0,0.0,,0.0002
T000183,2026-04-30 12:57:47,2026-04-30 13:11:28,SKYAIUSDT,LONG,10,333.1112591605596,0.30008,0.30429,101.36242504996669,9.996002664890073,1.4023984010659531,14.029592108770967,14.029592108770967,0.02027248500999334,1.3821259160559598,0.30641,0.29933,2.108594270486343,0.6662225183211198,0.6662225183211198,2.108594270486343,TRAILING_STOP,"移動止損 (最高21.1% → 當前13.9%, 回撤 7.2%)",13,821,UNKNOWN,0.0,1.0,,0.0,,,0.0002
T000184,2026-04-30 13:14:37,2026-04-30 13:14:37,SKYAIUSDT,LONG,10,331.60896670645974,0.30143,,99.95689083432815,9.995689083432815,,,,0,,,,,,,,,,,,UNKNOWN,0.0,1.0,,0.0,0.0,,0.0002
T000185,2026-04-30 13:00:43,2026-04-30 13:20:43,SOLVUSDT,LONG,10,20362.451639177358,0.004911,0.004937,100.52942374261862,10.0,0.5294237426186286,5.294237426186286,5.294237426186286,0.020105884748523723,0.5093178578701049,0.004942,0.004903,0.6312360008145113,0.8552229688454389,0.8552229688454389,0.6312360008145113,TECHNICAL_EXIT,"時間 + 收益 (20分, PnL: 0.53 USDT)",20,1200,UNKNOWN,0.0,1.0,,0.0,,,0.0002
T000186,2026-04-30 13:23:54,2026-04-30 13:23:54,SOLVUSDT,LONG,10,20197.939810139367,0.004948,,99.93940618056959,9.993940618056959,,,,0,,,,,,,,,,,,UNKNOWN,0.0,1.0,,0.0,0.0,,0.0002
T000187,2026-04-30 13:07:59,2026-04-30 13:25:37,SWARMSUSDT,LONG,10,3853.1190999113783,0.02588,0.025099,96.70943628867568,9.971872230570646,-3.0092860170307882,-30.17774343122104,-30.17774343122104,0.019341887257735137,-3.0286279042885234,0.026024,0.025848,0.5548491503872319,3.0092860170307882,3.0092860170307882,0.5548491503872319,STOP_LOSS,固定止損 (PnL: -3.01 USDT),17,1058,UNKNOWN,0.0,1.0,,0.0,,,0.0002
T000188,2026-04-30 13:31:40,2026-04-30 13:31:40,BIOUSDT,LONG,10,2431.3153415998054,0.04113,,100.0,10.0,,,,0,,,,,,,,,,,,UNKNOWN,0.0,1.0,,0.0,0.0,,0.0002
T000189,2026-04-30 13:14:37,2026-04-30 13:34:47,SKYAIUSDT,LONG,10,331.60896670645974,0.30143,0.30125,99.89720122032101,9.995689083432815,-0.05968961400714882,-0.5971535679924294,-0.5971535679924294,0.019979440244064204,-0.07966905425121303,0.30414,0.30128,0.898660299774521,1.618251757527522,1.618251757527522,0.898660299774521,TECHNICAL_EXIT,"時間 + 收益 (20分, PnL: -0.06 USDT)",20,1209,UNKNOWN,0.0,1.0,,0.0,,,0.0002
T000190,2026-04-30 13:37:55,2026-04-30 13:37:55,SKYAIUSDT,LONG,10,330.1528607745386,0.30363,,100.24431311697316,10.024431311697317,,,,0,,,,,,,,,,,,UNKNOWN,0.0,1.0,,0.0,0.0,,0.0002
T000191,2026-04-30 13:23:54,2026-04-30 13:44:00,SOLVUSDT,LONG,10,20197.939810139367,0.004948,0.004826,97.4752575237326,9.993940618056959,-2.464148656836997,-24.656426839126862,-24.656426839126862,0.019495051504746518,-2.4836437083417437,0.004954,0.004941,0.12118763886083476,2.787315693799235,2.787315693799235,0.12118763886083476,TECHNICAL_EXIT,"時間 + 收益 (20分, PnL: -2.46 USDT)",20,1206,UNKNOWN,0.0,1.0,,0.0,,,0.0002
T000192,2026-04-30 13:31:40,2026-04-30 13:46:48,BIOUSDT,LONG,10,2431.3153415998054,0.04113,0.04179,101.60466812545587,10.0,1.6046681254558737,16.046681254558738,16.046681254558738,0.020320933625091176,1.5843471918307825,0.04221,0.04111,2.625820568927784,1.1913445173838983,1.1913445173838983,2.625820568927784,TRAILING_STOP,"移動止損 (最高26.3% → 當前16.0%, 回撤 10.2%)",15,907,UNKNOWN,0.0,1.0,,0.0,,,0.0002
T000193,2026-04-30 13:47:00,2026-04-30 13:47:00,AIGENSYNUSDT,LONG,10,1779.0428749332857,0.05613,,99.85767657000532,9.985767657000533,,,,0,,,,,,,,,,,,UNKNOWN,0.0,1.0,,0.0,0.0,,0.0002
T000194,2026-04-30 13:49:57,2026-04-30 13:49:57,BIOUSDT,LONG,10,2411.381721726549,0.04147,,99.99999999999999,9.999999999999998,,,,0,,,,,,,,,,,,UNKNOWN,0.0,1.0,,0.0,0.0,,0.0002
T000195,2026-04-30 13:37:55,2026-04-30 13:55:16,SKYAIUSDT,LONG,10,330.1528607745386,0.30363,0.3229,106.60635874409853,10.024431311697317,6.3620456271253625,63.46540196950239,63.46540196950239,0.021321271748819707,6.340724355376543,0.3229,0.30289,6.3620456271253625,0.24431311697316466,0.24431311697316466,6.3620456271253625,FULL_EXIT,全數止盈 (收益率 63.5%),17,1040,UNKNOWN,0.0,1.0,,0.0,,,0.0002
T000196,2026-04-30 13:58:25,2026-04-30 13:58:25,SKYAIUSDT,LONG,10,312.9596594998905,0.31932,,99.93427847150504,9.993427847150503,,,,0,,,,,,,,,,,,UNKNOWN,0.0,1.0,,0.0,0.0,,0.0002
T000197,2026-04-30 13:47:00,2026-04-30 14:01:52,AIGENSYNUSDT,LONG,10,1779.0428749332857,0.05613,0.05436,96.70877068137341,9.985767657000533,-3.148905888631917,-31.533939070016046,-31.533939070016046,0.01934175413627468,-3.1682476427681916,0.05645,0.05603,0.569293719978653,3.0065824586372476,3.0065824586372476,0.569293719978653,STOP_LOSS,固定止損 (PnL: -3.01 USDT),14,892,UNKNOWN,0.0,1.0,,0.0,,,0.0002
T000198,2026-04-30 13:49:57,2026-04-30 14:06:12,BIOUSDT,LONG,10,2411.381721726549,0.04147,0.04221,101.78442247407763,9.999999999999998,1.7844224740776407,17.84422474077641,17.84422474077641,0.020356884494815528,1.7640655895828252,0.04272,0.04146,3.014227152158189,0.07234145165180189,0.07234145165180189,3.014227152158189,TRAILING_STOP,"移動止損 (最高30.1% → 當前16.6%, 回撤 13.5%)",16,974,UNKNOWN,0.0,1.0,,0.0,,,0.0002
T000199,2026-04-30 14:09:21,2026-04-30 14:09:21,BIOUSDT,LONG,10,2359.046945034206,0.0424,,100.02359046945034,10.002359046945035,,,,0,,,,,,,,,,,,UNKNOWN,0.0,1.0,,0.0,0.0,,0.0002
T000200,2026-04-30 14:09:32,2026-04-30 14:09:32,AIGENSYNUSDT,LONG,10,1804.4027426921689,0.05542,,100.0,10.0,,,,0,,,,,,,,,,,,UNKNOWN,0.0,1.0,,0.0,0.0,,0.0002
T000201,2026-04-30 13:58:25,2026-04-30 14:15:38,SKYAIUSDT,LONG,10,312.9596594998905,0.31932,0.30942,96.83597784245612,9.993427847150503,-3.0983006290489223,-31.003382187147754,-31.003382187147754,0.019367195568491223,-3.1176678246174134,0.32102,0.31773,0.5320314211498247,3.0983006290489223,3.0983006290489223,0.5320314211498247,STOP_LOSS,固定止損 (PnL: -3.10 USDT),17,1033,UNKNOWN,0.0,1.0,,0.0,,,0.0002
T000202,2026-04-30 14:25:43,2026-04-30 14:25:43,SWARMSUSDT,LONG,10,3891.3534127169432,0.025719,,100.08171842166706,10.008171842166707,,,,0,,,,,,,,,,,,UNKNOWN,0.0,1.0,,0.0,0.0,,0.0002
T000203,2026-04-30 14:09:21,2026-04-30 14:29:31,BIOUSDT,LONG,10,2359.046945034206,0.0424,0.04144,97.7589054022175,10.002359046945035,-2.264685067232844,-22.64150943396232,-22.64150943396232,0.0195517810804435,-2.284236848313287,0.04247,0.04238,0.1651332861523959,2.807265864590714,2.807265864590714,0.1651332861523959,TECHNICAL_EXIT,"時間 + 收益 (20分, PnL: -2.17 USDT)",20,1209,UNKNOWN,0.0,1.0,,0.0,,,0.0002
T000204,2026-04-30 14:09:32,2026-04-30 14:29:41,AIGENSYNUSDT,LONG,10,1804.4027426921689,0.05542,0.05452,98.37603753157704,10.0,-1.6239624684229483,-16.239624684229483,-16.239624684229483,0.01967520750631541,-1.6436376759292637,0.0561,0.05536,1.2269938650306749,1.2991699747383587,1.2991699747383587,1.2269938650306749,TECHNICAL_EXIT,"時間 + 收益 (20分, PnL: -1.30 USDT)",20,1209,UNKNOWN,0.0,1.0,,0.0,,,0.0002
T000000,2026-05-01 22:58:54,2026-05-01 22:58:54,UBUSDT,LONG,10,749.737591842855,0.13365,,100.20242914979755,10.020242914979756,,,,0,,,,,,,,,,,,UNKNOWN,0.0,1.0,,0.0,0.0,PAPER_1777647534911_1,0.0002
T000001,2026-05-01 22:58:55,2026-05-01 22:58:55,BUSDT,LONG,10,348.0682213713888,0.2875,,100.06961364427427,10.006961364427427,,,,0,,,,,,,,,,,,UNKNOWN,0.0,1.0,,0.0,0.0,PAPER_1777647535215_2,0.0002
T000002,2026-05-01 22:58:55,2026-05-01 22:58:55,ZEREBROUSDT,LONG,10,2920.219600513959,0.034158,,99.74886111435582,9.974886111435582,,,,0,,,,,,,,,,,,UNKNOWN,0.0,1.0,,0.0,0.0,PAPER_1777647535444_3,0.0002
T000003,2026-05-01 22:58:54,2026-05-01 22:59:02,UBUSDT,LONG,10,749.737591842855,0.13365,0.1343,100.68975858449542,10.020242914979756,0.4873294346978645,4.86344930789384,4.86344930789384,0.020137951716899086,0.4671914829809654,0.1343,0.13365,0.4873294346978645,0.0,0.0,0.4873294346978645,TECHNICAL_EXIT,價格偏離 (11.1% > 10.0%),0,7,UNKNOWN,0.0,1.0,,0.0,,PAPER_1777647542009_4,0.0002
T000004,2026-05-01 22:59:03,2026-05-01 22:59:03,NFPUSDT,LONG,10,5243.8384897745145,0.0191,,100.15731515469322,10.015731515469323,,,,0,,,,,,,,,,,,UNKNOWN,0.0,1.0,,0.0,0.0,PAPER_1777647543796_5,0.0002
T000005,2026-05-01 22:58:55,2026-05-01 23:04:51,BUSDT,LONG,10,348.0682213713888,0.2875,0.2905,101.11381830838845,10.006961364427427,1.0442046641141673,10.434782608695663,10.434782608695663,0.02022276366167769,1.0239819004524897,0.2923,0.2868,1.6707274625826756,0.974591019839878,0.974591019839878,1.6707274625826756,TRAILING_STOP,"移動止損 (最高16.7% → 當前10.4%, 回撤 6.3%)",5,355,UNKNOWN,0.0,1.0,,0.0,,PAPER_1777647891098_6,0.0002
T000006,2026-05-01 23:04:53,2026-05-01 23:04:53,UBUSDT,LONG,10,761.9628162145688,0.13115,,99.93142334654068,9.993142334654069,,,,0,,,,,,,,,,,,UNKNOWN,0.0,1.0,,0.0,0.0,PAPER_1777647893018_7,0.0002
T000007,2026-05-01 23:04:53,2026-05-01 23:07:10,UBUSDT,LONG,10,761.9628162145688,0.13115,0.13254,100.99055166107894,9.993142334654069,1.0591283145382524,10.598551277163573,10.598551277163573,0.020198110332215788,1.0389302042060367,0.1341,0.13112,2.247790307832984,0.022858884486438774,0.022858884486438774,2.247790307832984,TRAILING_STOP,"移動止損 (最高22.5% → 當前10.6%, 回撤 11.9%)",2,137,UNKNOWN,0.0,1.0,,0.0,,PAPER_1777648030103_8,0.0002
T000008,2026-05-01 23:07:11,2026-05-01 23:07:11,BASUSDT,LONG,10,5507.821105970478,0.018111,,99.75214805023133,9.975214805023132,,,,0,,,,,,,,,,,,UNKNOWN,0.0,1.0,,0.0,0.0,PAPER_1777648031940_9,0.0002
T000009,2026-05-01 22:58:55,2026-05-01 23:08:03,ZEREBROUSDT,LONG,10,2920.219600513959,0.034158,0.034506,100.76509753533468,9.974886111435582,1.0162364209788608,10.187950114175333,10.187950114175333,0.020153019507066935,0.9960834014717939,0.034691,0.03409,1.5564770470739364,2.155122065179309,2.155122065179309,1.5564770470739364,TRAILING_STOP,"移動止損 (最高15.6% → 當前10.2%, 回撤 5.4%)",9,548,UNKNOWN,0.0,1.0,,0.0,,PAPER_1777648083485_10,0.0002
T000010,2026-05-01 23:08:05,2026-05-01 23:08:05,BUSDT,LONG,10,344.70872113064456,0.2907,,100.20682523267838,10.020682523267839,,,,0,,,,,,,,,,,,UNKNOWN,0.0,1.0,,0.0,0.0,PAPER_1777648085646_11,0.0002
T000011,2026-05-01 22:59:03,2026-05-01 23:09:06,NFPUSDT,LONG,10,5243.8384897745145,0.0191,0.01933,101.36339800734136,10.015731515469323,1.2060828526481437,12.041884816753981,12.041884816753981,0.020272679601468273,1.1858101730466755,0.01947,0.01903,1.9402202412165823,1.1012060828526395,1.1012060828526395,1.9402202412165823,TRAILING_STOP,"移動止損 (最高19.4% → 當前12.0%, 回撤 7.3%)",10,602,UNKNOWN,0.0,1.0,,0.0,,PAPER_1777648146689_12,0.0002
T000012,2026-05-01 23:09:08,2026-05-01 23:09:08,ONUSDT,LONG,10,726.7441860465116,0.1375,,99.92732558139535,9.992732558139535,,,,0,,,,,,,,,,,,UNKNOWN,0.0,1.0,,0.0,0.0,PAPER_1777648148610_13,0.0002
T000013,2026-05-01 23:08:05,2026-05-01 23:13:00,BUSDT,LONG,10,344.70872113064456,0.2907,0.295,101.68907273354014,10.020682523267839,1.4822475008617615,14.791881664946576,14.791881664946576,0.02033781454670803,1.4619096863150534,0.2972,0.2904,2.2406066873491914,0.5860048259221078,0.5860048259221078,2.2406066873491914,TRAILING_STOP,"移動止損 (最高22.4% → 當前14.8%, 回撤 7.6%)",4,295,UNKNOWN,0.0,1.0,,0.0,,PAPER_1777648380760_14,0.0002
T000014,2026-05-01 23:13:03,2026-05-01 23:13:03,UBUSDT,LONG,10,751.653638003608,0.13316,,100.09019843656044,10.009019843656045,,,,0,,,,,,,,,,,,UNKNOWN,0.0,1.0,,0.0,0.0,PAPER_1777648383588_15,0.0002
T000015,2026-05-01 23:09:08,2026-05-01 23:15:30,ONUSDT,LONG,10,726.7441860465116,0.1375,0.13908,101.07558139534883,9.992732558139535,1.1482558139534869,11.490909090909076,11.490909090909076,0.02021511627906977,1.128040697674417,0.14025,0.13739,1.9985465116279086,0.18168604651162806,0.18168604651162806,1.9985465116279086,TRAILING_STOP,"移動止損 (最高20.0% → 當前12.1%, 回撤 7.9%)",6,382,UNKNOWN,0.0,1.0,,0.0,,PAPER_1777648530653_16,0.0002
T000016,2026-05-01 23:15:32,2026-05-01 23:15:32,TAGUSDT,LONG,10,120380.40207054291,0.0008307,,100.0,10.0,,,,0,,,,,,,,,,,,UNKNOWN,0.0,1.0,,0.0,0.0,PAPER_1777648532996_17,0.0002
T000017,2026-05-01 23:15:32,2026-05-01 23:19:24,TAGUSDT,LONG,10,120380.40207054291,0.0008307,0.0008394,101.04730949801372,10.0,1.0473094980137292,10.473094980137292,10.473094980137292,0.020209461899602744,1.0271000361141265,0.0008488,0.0008307,2.178885277476834,0.0,0.0,2.178885277476834,TRAILING_STOP,"移動止損 (最高21.8% → 當前10.5%, 回撤 11.3%)",3,231,UNKNOWN,0.0,1.0,,0.0,,PAPER_1777648764837_18,0.0002
T000018,2026-05-01 23:19:26,2026-05-01 23:19:26,BUSDT,LONG,10,356.887937187723,0.2783,,99.32191291934332,9.932191291934332,,,,0,,,,,,,,,,,,UNKNOWN,0.0,1.0,,0.0,0.0,PAPER_1777648766597_19,0.0002
T000019,2026-05-01 23:13:03,2026-05-01 23:20:06,UBUSDT,LONG,10,751.653638003608,0.13316,0.12789,96.12898376428143,10.009019843656045,-3.9612146722790116,-39.57644938419943,-39.57644938419943,0.019225796752856288,-3.9804404690318678,0.13462,0.133,1.0974143114852595,3.886049308478659,3.886049308478659,1.0974143114852595,STOP_LOSS,固定止損 (PnL: -3.89 USDT),7,422,UNKNOWN,0.0,1.0,,0.0,,PAPER_1777648806319_20,0.0002
T000020,2026-05-01 23:20:07,2026-05-01 23:20:07,NFPUSDT,LONG,10,5149.330587023687,0.01943,,100.05149330587024,10.005149330587024,,,,0,,,,,,,,,,,,UNKNOWN,0.0,1.0,,0.0,0.0,PAPER_1777648807860_21,0.0002
T000021,2026-05-01 23:19:26,2026-05-01 23:26:17,BUSDT,LONG,10,356.887937187723,0.2783,0.295,105.28194147037829,9.932191291934332,5.960028551034972,60.0071864893999,60.0071864893999,0.02105638829407566,5.938972162740896,0.2959,0.2783,6.281227694503927,0.0,0.0,6.281227694503927,FULL_EXIT,全數止盈 (收益率 63.2%),6,410,UNKNOWN,0.0,1.0,,0.0,,PAPER_1777649177564_22,0.0002
T000022,2026-05-01 23:26:19,2026-05-01 23:26:19,UBUSDT,LONG,10,768.3442182097581,0.13024,,100.06915097963889,10.006915097963889,,,,0,,,,,,,,,,,,UNKNOWN,0.0,1.0,,0.0,0.0,PAPER_1777649179968_23,0.0002
T000023,2026-05-01 23:07:11,2026-05-01 23:27:21,BASUSDT,LONG,10,5507.821105970478,0.018111,0.018444,101.5862524785195,9.975214805023132,1.834104428288169,18.386615868809013,18.386615868809013,0.0203172504957039,1.8137871777924652,0.018523,0.018095,2.2692222956598513,0.958360872438847,0.958360872438847,2.2692222956598513,TECHNICAL_EXIT,"時間 + 收益 (20分, PnL: 1.67 USDT)",20,1209,UNKNOWN,0.0,1.0,,0.0,,PAPER_1777649241281_24,0.0002
T000024,2026-05-01 23:27:22,2026-05-01 23:27:22,ZEREBROUSDT,LONG,10,2855.5111364934323,0.03502,,100.00000000000001,10.000000000000002,,,,0,,,,,,,,,,,,UNKNOWN,0.0,1.0,,0.0,0.0,PAPER_1777649242957_25,0.0002
T000025,2026-05-01 23:26:19,2026-05-01 23:28:46,UBUSDT,LONG,10,768.3442182097581,0.13024,0.13163,101.13714944295046,10.006915097963889,1.0679984633115656,10.672604422604442,10.672604422604442,0.020227429888590092,1.0477710334229755,0.13287,0.13009,2.020745293891659,0.583941605839403,0.583941605839403,2.020745293891659,TRAILING_STOP,"移動止損 (最高20.2% → 當前11.9%, 回撤 8.3%)",2,146,UNKNOWN,0.0,1.0,,0.0,,PAPER_1777649326877_26,0.0002
T000026,2026-05-01 23:28:48,2026-05-01 23:28:48,ONUSDT,LONG,10,709.9247479767145,0.14086,,100.00000000000001,10.000000000000002,,,,0,,,,,,,,,,,,UNKNOWN,0.0,1.0,,0.0,0.0,PAPER_1777649328711_27,0.0002
T000027,2026-05-01 23:27:22,2026-05-01 23:30:32,ZEREBROUSDT,LONG,10,2855.5111364934323,0.03502,0.035381,101.03083952027414,10.000000000000002,1.0308395202741296,10.308395202741295,10.308395202741295,0.020206167904054828,1.0106333523700748,0.035776,0.034914,2.158766419189034,0.38549400342662243,0.38549400342662243,2.158766419189034,TRAILING_STOP,"移動止損 (最高21.6% → 當前10.3%, 回撤 11.3%)",3,189,UNKNOWN,0.0,1.0,,0.0,,PAPER_1777649432483_28,0.0002
T000028,2026-05-01 23:30:34,2026-05-01 23:30:34,BUSDT,LONG,10,338.0662609871535,0.2959,,100.03380662609872,10.003380662609873,,,,0,,,,,,,,,,,,UNKNOWN,0.0,1.0,,0.0,0.0,PAPER_1777649434121_29,0.0002
T000029,2026-05-01 23:30:34,2026-05-01 23:39:17,BUSDT,LONG,10,338.0662609871535,0.2959,0.2999,101.38607167004733,10.003380662609873,1.3522650439486152,13.518080432578586,13.518080432578586,0.020277214334009468,1.3319878296146057,0.3042,0.2958,2.805949966193384,1.5889114266396154,1.5889114266396154,2.805949966193384,TRAILING_STOP,"移動止損 (最高28.1% → 當前10.1%, 回撤 17.9%)",8,522,UNKNOWN,0.0,1.0,,0.0,,PAPER_1777649957039_30,0.0002
T000030,2026-05-01 23:39:18,2026-05-01 23:39:18,UBUSDT,LONG,10,754.7739452034116,0.13243,,99.9547135632878,9.99547135632878,,,,0,,,,,,,,,,,,UNKNOWN,0.0,1.0,,0.0,0.0,PAPER_1777649958398_31,0.0002
T000031,2026-05-01 23:20:07,2026-05-01 23:40:09,NFPUSDT,LONG,10,5149.330587023687,0.01943,0.01941,99.94850669412978,10.005149330587024,-0.10298661174046955,-1.0293360782295,-1.0293360782295,0.019989701338825955,-0.1229763130792955,0.0196,0.0194,0.8753861997940269,1.5962924819773316,1.5962924819773316,0.8753861997940269,TECHNICAL_EXIT,"時間 + 收益 (20分, PnL: -0.10 USDT)",20,1201,UNKNOWN,0.0,1.0,,0.0,,PAPER_1777650009341_32,0.0002
T000032,2026-05-01 23:40:10,2026-05-01 23:40:10,TAGUSDT,LONG,10,117619.38367442955,0.0008506,,100.04704775346977,10.004704775346976,,,,0,,,,,,,,,,,,UNKNOWN,0.0,1.0,,0.0,0.0,PAPER_1777650010848_33,0.0002
T000033,2026-05-01 23:39:18,2026-05-01 23:41:24,UBUSDT,LONG,10,754.7739452034116,0.13243,0.12843,96.93561778247414,9.99547135632878,-3.019095780813649,-30.20463641168922,-30.20463641168922,0.01938712355649483,-3.038482904370144,0.13243,0.13205,0.0,3.2681711827307725,3.2681711827307725,0.0,STOP_LOSS,固定止損 (PnL: -3.27 USDT),2,125,UNKNOWN,0.0,1.0,,0.0,,PAPER_1777650084213_34,0.0002
T000034,2026-05-01 23:42:18,2026-05-01 23:42:18,BUSDT,LONG,10,331.8951211417192,0.3011,,99.93362097577165,9.993362097577165,,,,0,,,,,,,,,,,,UNKNOWN,0.0,1.0,,0.0,0.0,PAPER_1777650138440_35,0.0002
T000035,2026-05-01 23:28:48,2026-05-01 23:45:50,ONUSDT,LONG,10,709.9247479767145,0.14086,0.14416,102.34275166832316,10.000000000000002,2.3427516683231557,23.427516683231552,23.427516683231552,0.020468550333664633,2.322283117989491,0.14508,0.14073,2.9958824364617165,1.2139713190401937,1.2139713190401937,2.9958824364617165,TRAILING_STOP,"移動止損 (最高30.0% → 當前19.9%, 回撤 10.1%)",17,1021,UNKNOWN,0.0,1.0,,0.0,,PAPER_1777650350119_36,0.0002
T000036,2026-05-01 23:45:51,2026-05-01 23:45:51,NFPUSDT,LONG,10,5078.7201625190455,0.01969,,100.0,10.0,,,,0,,,,,,,,,,,,UNKNOWN,0.0,1.0,,0.0,0.0,PAPER_1777650351632_37,0.0002
T000037,2026-05-01 23:40:10,2026-05-02 00:00:16,TAGUSDT,LONG,10,117619.38367442955,0.0008506,0.0008358,98.30628087508822,10.004704775346976,-1.7407668783815486,-17.39948271808127,-17.39948271808127,0.019661256175017645,-1.7604281345565662,0.0008557,0.0008498,0.5998588567395989,2.234768289814152,2.234768289814152,0.5998588567395989,TECHNICAL_EXIT,"時間 + 收益 (20分, PnL: -1.75 USDT)",20,1205,UNKNOWN,0.0,1.0,,0.0,,PAPER_1777651216332_38,0.0002
T000038,2026-05-02 00:00:17,2026-05-02 00:00:17,ORCAUSDT,LONG,10,51.04645227156713,1.96,,100.05104645227156,10.005104645227156,,,,0,,,,,,,,,,,,UNKNOWN,0.0,1.0,,0.0,0.0,PAPER_1777651217788_39,0.0002
T000039,2026-05-01 23:42:18,2026-05-02 00:02:25,BUSDT,LONG,10,331.8951211417192,0.3011,0.3003,99.66810487885827,9.993362097577165,-0.26551609691336453,-2.6569246097640895,-2.6569246097640895,0.019933620975771657,-0.2854497178891362,0.302,0.2992,0.2987056090275512,1.6926651178227656,1.6926651178227656,0.2987056090275512,TECHNICAL_EXIT,"時間 + 收益 (20分, PnL: -0.27 USDT)",20,1207,UNKNOWN,0.0,1.0,,0.0,,PAPER_1777651345469_40,0.0002
T000040,2026-05-02 00:03:17,2026-05-02 00:03:17,TAGUSDT,LONG,10,119175.30687641521,0.0008397,,100.07150518412585,10.007150518412585,,,,0,,,,,,,,,,,,UNKNOWN,0.0,1.0,,0.0,0.0,PAPER_1777651397846_41,0.0002
T000041,2026-05-01 23:45:51,2026-05-02 00:03:58,NFPUSDT,LONG,10,5078.7201625190455,0.01969,0.01989,101.01574403250382,10.0,1.0157440325038205,10.157440325038205,10.157440325038205,0.020203148806500766,0.9955408836973197,0.02,0.01968,1.5744032503809104,1.8283392585068523,1.8283392585068523,1.5744032503809104,TRAILING_STOP,"移動止損 (最高15.7% → 當前10.2%, 回撤 5.6%)",18,1087,UNKNOWN,0.0,1.0,,0.0,,PAPER_1777651438709_42,0.0002
T000042,2026-05-02 00:05:34,2026-05-02 00:05:34,BUSDT,LONG,10,334.89618218352314,0.2984,,99.9330207635633,9.993302076356331,,,,0,,,,,,,,,,,,UNKNOWN,0.0,1.0,,0.0,0.0,PAPER_1777651534285_43,0.0002
T000043,2026-05-02 00:05:34,2026-05-02 00:15:12,BUSDT,LONG,10,334.89618218352314,0.2984,0.3026,101.3395847287341,9.993302076356331,1.406563965170791,14.075067024128623,14.075067024128623,0.02026791694574682,1.3862960482250442,0.3047,0.2951,2.109845947756205,2.0093770931011408,2.0093770931011408,2.109845947756205,TRAILING_STOP,"移動止損 (最高21.1% → 當前14.1%, 回撤 7.0%)",9,578,UNKNOWN,0.0,1.0,,0.0,,PAPER_1777652112357_44,0.0002
T000044,2026-05-02 00:15:14,2026-05-02 00:15:14,NFPUSDT,LONG,10,5063.291139240507,0.01974,,99.9493670886076,9.99493670886076,,,,0,,,,,,,,,,,,UNKNOWN,0.0,1.0,,0.0,0.0,PAPER_1777652114056_45,0.0002
T000045,2026-05-02 00:00:17,2026-05-02 00:18:55,ORCAUSDT,LONG,10,51.04645227156713,1.96,1.984,101.27616130678918,10.005104645227156,1.225114854517612,12.244897959183684,12.244897959183684,0.020255232261357836,1.2048596222562542,1.997,1.958,1.888718734047991,0.3573251659009645,0.3573251659009645,1.888718734047991,TRAILING_STOP,"移動止損 (最高18.9% → 當前12.2%, 回撤 6.6%)",18,1117,UNKNOWN,0.0,1.0,,0.0,,PAPER_1777652335620_46,0.0002
T000046,2026-05-02 00:18:57,2026-05-02 00:18:57,BUSDT,LONG,10,331.6749585406302,0.302,,100.16583747927032,10.016583747927033,,,,0,,,,,,,,,,,,UNKNOWN,0.0,1.0,,0.0,0.0,PAPER_1777652337284_47,0.0002
T000047,2026-05-02 00:15:14,2026-05-02 00:21:25,NFPUSDT,LONG,10,5063.291139240507,0.01974,0.02023,102.43037974683546,9.99493670886076,2.4810126582278524,24.822695035461038,24.822695035461038,0.02048607594936709,2.460526582278485,0.02048,0.01973,3.7468354430379804,0.050632911392403,0.050632911392403,3.7468354430379804,TRAILING_STOP,"移動止損 (最高37.5% → 當前24.8%, 回撤 12.7%)",6,371,UNKNOWN,0.0,1.0,,0.0,,PAPER_1777652485523_48,0.0002
T000048,2026-05-02 00:21:26,2026-05-02 00:21:26,BASUSDT,LONG,10,5542.92999279419,0.018044,,100.01662878997837,10.001662878997838,,,,0,,,,,,,,,,,,UNKNOWN,0.0,1.0,,0.0,0.0,PAPER_1777652486892_49,0.0002
T000049,2026-05-02 00:03:17,2026-05-02 00:23:22,TAGUSDT,LONG,10,119175.30687641521,0.0008397,0.0008528,101.6327017042069,10.007150518412585,1.561196520081045,15.600809813028519,15.600809813028519,0.02032654034084138,1.5408699797402035,0.0008572,0.0008391,2.0855678703372718,1.0487427005124534,1.0487427005124534,2.0855678703372718,TECHNICAL_EXIT,"時間 + 收益 (20分, PnL: 1.56 USDT)",20,1204,UNKNOWN,0.0,1.0,,0.0,,PAPER_1777652602739_50,0.0002
T000050,2026-05-02 00:23:24,2026-05-02 00:23:24,ORCAUSDT,LONG,10,50.30181086519115,1.988,,100.0,10.0,,,,0,,,,,,,,,,,,UNKNOWN,0.0,1.0,,0.0,0.0,PAPER_1777652604027_51,0.0002
T000051,2026-05-02 00:21:26,2026-05-02 00:32:08,BASUSDT,LONG,10,5542.92999279419,0.018044,0.018309,101.48550523806882,10.001662878997838,1.4688764480904486,14.686322323209811,14.686322323209811,0.020297101047613765,1.4485793470428348,0.018458,0.018021,2.294773017016782,0.1274873898342785,0.1274873898342785,2.294773017016782,TRAILING_STOP,"移動止損 (最高22.9% → 當前14.7%, 回撤 8.3%)",10,641,UNKNOWN,0.0,1.0,,0.0,,PAPER_1777653128786_52,0.0002
T000052,2026-05-02 00:32:10,2026-05-02 00:32:10,NFPUSDT,LONG,10,5037.783375314862,0.01987,,100.10075566750629,10.01007556675063,,,,0,,,,,,,,,,,,UNKNOWN,0.0,1.0,,0.0,0.0,PAPER_1777653130116_53,0.0002
T000053,2026-05-02 00:18:57,2026-05-02 00:35:32,BUSDT,LONG,10,331.6749585406302,0.302,0.3106,103.01824212271974,10.016583747927033,2.8524046434494186,28.476821192052963,28.476821192052963,0.02060364842454395,2.831800995024875,0.3151,0.3018,4.344941956882256,1.0281923714759509,1.0281923714759509,4.344941956882256,TRAILING_STOP,"移動止損 (最高43.4% → 當前28.8%, 回撤 14.6%)",16,994,UNKNOWN,0.0,1.0,,0.0,,PAPER_1777653332231_54,0.0002
T000054,2026-05-02 00:35:33,2026-05-02 00:35:33,TAGUSDT,LONG,10,115727.34637194769,0.000867,,100.33560930447865,10.033560930447866,,,,0,,,,,,,,,,,,UNKNOWN,0.0,1.0,,0.0,0.0,PAPER_1777653333665_55,0.0002
T000055,2026-05-02 00:32:10,2026-05-02 00:40:52,NFPUSDT,LONG,10,5037.783375314862,0.01987,0.02034,102.46851385390428,10.01007556675063,2.3677581863979933,23.653749370911008,23.653749370911008,0.02049370277078086,2.3472644836272125,0.02061,0.01983,3.727959697733003,0.5541561712846297,0.5541561712846297,3.727959697733003,TRAILING_STOP,"移動止損 (最高37.2% → 當前22.1%, 回撤 15.1%)",8,522,UNKNOWN,0.0,1.0,,0.0,,PAPER_1777653652599_56,0.0002
T000056,2026-05-02 00:40:54,2026-05-02 00:40:54,BUSDT,LONG,10,322.061191626409,0.3108,,100.09661835748793,10.009661835748792,,,,0,,,,,,,,,,,,UNKNOWN,0.0,1.0,,0.0,0.0,PAPER_1777653654228_57,0.0002
T000057,2026-05-02 00:35:33,2026-05-02 00:41:35,TAGUSDT,LONG,10,115727.34637194769,0.000867,0.0008777,101.57389191065849,10.033560930447866,1.2382826061798389,12.341407151095716,12.341407151095716,0.0203147783821317,1.217967827797707,0.0008833,0.0008638,1.8863557458627367,0.4629093854877894,0.4629093854877894,1.8863557458627367,TRAILING_STOP,"移動止損 (最高18.8% → 當前12.3%, 回撤 6.5%)",6,361,UNKNOWN,0.0,1.0,,0.0,,PAPER_1777653695291_58,0.0002
T000058,2026-05-02 00:41:36,2026-05-02 00:41:36,UBUSDT,LONG,10,712.3014459719354,0.14054,,100.1068452168958,10.01068452168958,,,,0,,,,,,,,,,,,UNKNOWN,0.0,1.0,,0.0,0.0,PAPER_1777653696383_59,0.0002
T000059,2026-05-02 00:23:24,2026-05-02 00:43:33,ORCAUSDT,LONG,10,50.30181086519115,1.988,1.954,98.28973843058351,10.0,-1.7102615694165006,-17.102615694165006,-17.102615694165006,0.019657947686116704,-1.7299195171026174,2.006,1.987,0.9054325955734304,1.8611670020120685,1.8611670020120685,0.9054325955734304,TECHNICAL_EXIT,"時間 + 收益 (20分, PnL: -1.86 USDT)",20,1209,UNKNOWN,0.0,1.0,,0.0,,PAPER_1777653813058_60,0.0002
T000060,2026-05-02 00:43:34,2026-05-02 00:43:34,BASUSDT,LONG,10,5483.959418700301,0.018235,,100.0,10.0,,,,0,,,,,,,,,,,,UNKNOWN,0.0,1.0,,0.0,0.0,PAPER_1777653814496_61,0.0002
T000061,2026-05-02 00:41:36,2026-05-02 00:55:59,UBUSDT,LONG,10,712.3014459719354,0.14054,0.1361,96.94422679678041,10.01068452168958,-3.162618420115393,-31.592429201650774,-31.592429201650774,0.019388845359356085,-3.182007265474749,0.14251,0.14049,1.4032338485647124,3.162618420115393,3.162618420115393,1.4032338485647124,STOP_LOSS,固定止損 (PnL: -3.16 USDT),14,862,UNKNOWN,0.0,1.0,,0.0,,PAPER_1777654559000_62,0.0002
T000062,2026-05-02 00:56:00,2026-05-02 00:56:00,TAGUSDT,LONG,10,112359.55056179776,0.0008901,,100.0112359550562,10.00112359550562,,,,0,,,,,,,,,,,,UNKNOWN,0.0,1.0,,0.0,0.0,PAPER_1777654560306_63,0.0002
T000063,2026-05-02 00:56:00,2026-05-02 00:57:56,TAGUSDT,LONG,10,112359.55056179776,0.0008901,0.0008994,101.0561797752809,10.00112359550562,1.044943820224714,10.448264239972985,10.448264239972985,0.02021123595505618,1.024732584269658,0.0009051,0.0008901,1.6853932584269709,0.0,0.0,1.6853932584269709,TRAILING_STOP,"移動止損 (最高16.9% → 當前10.4%, 回撤 6.4%)",1,116,UNKNOWN,0.0,1.0,,0.0,,PAPER_1777654676636_64,0.0002
T000064,2026-05-02 00:40:54,2026-05-02 01:01:03,BUSDT,LONG,10,322.061191626409,0.3108,0.3127,100.7085346215781,10.009661835748792,0.6119162640901634,6.113256113255976,6.113256113255976,0.02014170692431562,0.5917745571658478,0.3143,0.3104,1.1272141706924326,1.0305958132045205,1.0305958132045205,1.1272141706924326,TECHNICAL_EXIT,"時間 + 收益 (20分, PnL: 0.77 USDT)",20,1209,UNKNOWN,0.0,1.0,,0.0,,PAPER_1777654863504_65,0.0002
T000065,2026-05-02 01:01:04,2026-05-02 01:01:04,TAGUSDT,LONG,10,108436.34786380395,0.0009205,,99.81565820863153,9.981565820863153,,,,0,,,,,,,,,,,,UNKNOWN,0.0,1.0,,0.0,0.0,PAPER_1777654864745_66,0.0002
T000066,2026-05-02 01:01:04,2026-05-02 01:02:27,TAGUSDT,LONG,10,108436.34786380395,0.0009205,0.0009359,101.48557796573412,9.981565820863153,1.669919757102586,16.730038022813744,16.730038022813744,0.020297115593146824,1.6496226415094393,0.0009446,0.0009205,2.613315983517674,0.0,0.0,2.613315983517674,TRAILING_STOP,"移動止損 (最高26.2% → 當前16.7%, 回撤 9.5%)",1,83,UNKNOWN,0.0,1.0,,0.0,,PAPER_1777654947886_67,0.0002
T000067,2026-05-02 00:43:34,2026-05-02 01:03:39,BASUSDT,LONG,10,5483.959418700301,0.018235,0.018433,101.08582396490266,10.0,1.085823964902661,10.85823964902661,10.85823964902661,0.02021716479298053,1.0656068001096806,0.018761,0.018224,2.884562654236351,1.0584041678091702,1.0584041678091702,2.884562654236351,TRAILING_STOP,"移動止損 (最高28.8% → 當前10.9%, 回撤 18.0%)",20,1204,UNKNOWN,0.0,1.0,,0.0,,PAPER_1777655019160_68,0.0002
T000068,2026-05-02 01:04:10,2026-05-02 01:04:10,BUSDT,LONG,10,320.5128205128205,0.312,,100.0,10.0,,,,0,,,,,,,,,,,,UNKNOWN,0.0,1.0,,0.0,0.0,PAPER_1777655050311_69,0.0002
T000069,2026-05-02 01:05:22,2026-05-02 01:05:22,UBUSDT,LONG,10,728.5974499089252,0.13671,,99.60655737704917,9.960655737704917,,,,0,,,,,,,,,,,,UNKNOWN,0.0,1.0,,0.0,0.0,PAPER_1777655122384_70,0.0002
T000070,2026-05-02 01:05:32,2026-05-02 01:05:32,TAGUSDT,LONG,10,107284.62611307799,0.000934,,100.20384078961484,10.020384078961484,,,,0,,,,,,,,,,,,UNKNOWN,0.0,1.0,,0.0,0.0,PAPER_1777655132983_71,0.0002
T000071,2026-05-02 01:05:22,2026-05-02 01:11:36,UBUSDT,LONG,10,728.5974499089252,0.13671,0.13933,101.51548269581056,9.960655737704917,1.9089253187613922,19.164655109355653,19.164655109355653,0.020303096539162114,1.88862222222223,0.14045,0.13614,2.7249544626593756,0.9763205828779655,0.9763205828779655,2.7249544626593756,TRAILING_STOP,"移動止損 (最高27.4% → 當前17.9%, 回撤 9.4%)",6,374,UNKNOWN,0.0,1.0,,0.0,,PAPER_1777655496605_72,0.0002
T000072,2026-05-02 01:11:38,2026-05-02 01:11:38,BASUSDT,LONG,10,5433.6013910019565,0.018394,,99.94566398609,9.994566398608999,,,,0,,,,,,,,,,,,UNKNOWN,0.0,1.0,,0.0,0.0,PAPER_1777655498061_73,0.0002
T000073,2026-05-02 01:05:32,2026-05-02 01:23:02,TAGUSDT,LONG,10,107284.62611307799,0.000934,0.0009467,101.56635554125093,10.020384078961484,1.362514751636083,13.597430406852173,13.597430406852173,0.020313271108250187,1.3422014805278328,0.0009533,0.0009299,2.070593283982403,1.7165540178092547,1.7165540178092547,2.070593283982403,TRAILING_STOP,"移動止損 (最高20.7% → 當前13.5%, 回撤 7.2%)",17,1049,UNKNOWN,0.0,1.0,,0.0,,PAPER_1777656182880_74,0.0002
T000074,2026-05-02 01:23:04,2026-05-02 01:23:04,UBUSDT,LONG,10,675.4474839581223,0.14785,,99.86491050320839,9.98649105032084,,,,0,,,,,,,,,,,,UNKNOWN,0.0,1.0,,0.0,0.0,PAPER_1777656184391_75,0.0002
T000075,2026-05-02 01:04:10,2026-05-02 01:24:17,BUSDT,LONG,10,320.5128205128205,0.312,0.3115,99.83974358974359,10.0,-0.16025641025641038,-1.6025641025641038,-1.6025641025641038,0.01996794871794872,-0.1802243589743591,0.3143,0.3114,0.7371794871794949,1.5064102564102506,1.5064102564102506,0.7371794871794949,TECHNICAL_EXIT,"時間 + 收益 (20分, PnL: -0.06 USDT)",20,1206,UNKNOWN,0.0,1.0,,0.0,,PAPER_1777656257244_76,0.0002
T000076,2026-05-02 01:26:12,2026-05-02 01:26:12,TAGUSDT,LONG,10,113314.44759206798,0.0008888,,100.71388101983003,10.071388101983002,,,,0,,,,,,,,,,,,UNKNOWN,0.0,1.0,,0.0,0.0,PAPER_1777656372420_77,0.0002
T000077,2026-05-02 01:26:12,2026-05-02 01:29:24,TAGUSDT,LONG,10,113314.44759206798,0.0008888,0.000898,101.75637393767705,10.071388101983002,1.0424929178470261,10.351035103510357,10.351035103510357,0.02035127478753541,1.0221416430594907,0.0009041,0.0008805,1.7337110481586393,0.9405099150141687,0.9405099150141687,1.7337110481586393,TRAILING_STOP,"移動止損 (最高17.2% → 當前10.4%, 回撤 6.9%)",3,192,UNKNOWN,0.0,1.0,,0.0,,PAPER_1777656564804_78,0.0002
T000078,2026-05-02 01:29:25,2026-05-02 01:29:25,BUSDT,LONG,10,320.6155819172812,0.312,,100.03206155819173,10.003206155819173,,,,0,,,,,,,,,,,,UNKNOWN,0.0,1.0,,0.0,0.0,PAPER_1777656565960_79,0.0002
T000079,2026-05-02 01:11:38,2026-05-02 01:31:43,BASUSDT,LONG,10,5433.6013910019565,0.018394,0.018349,99.7011519234949,9.994566398608999,-0.2445120625950875,-2.4464499293247743,-2.4464499293247743,0.01994023038469898,-0.2644522929797865,0.018544,0.018392,0.8150402086502979,0.8204738100413054,0.8204738100413054,0.8150402086502979,TECHNICAL_EXIT,"時間 + 收益 (20分, PnL: -0.24 USDT)",20,1205,UNKNOWN,0.0,1.0,,0.0,,PAPER_1777656703786_80,0.0002
T000080,2026-05-02 01:23:04,2026-05-02 01:31:54,UBUSDT,LONG,10,675.4474839581223,0.14785,0.14336,96.8321513002364,9.98649105032084,-3.032759202971984,-30.368616841393447,-30.368616841393447,0.019366430260047283,-3.0521256332320315,0.14892,0.14721,0.7227288078351826,3.032759202971984,3.032759202971984,0.7227288078351826,STOP_LOSS,固定止損 (PnL: -3.03 USDT),8,529,UNKNOWN,0.0,1.0,,0.0,,PAPER_1777656714305_81,0.0002
T000081,2026-05-02 01:32:25,2026-05-02 01:32:25,TAGUSDT,LONG,10,111346.17525887986,0.0008987,,100.06680770515533,10.006680770515533,,,,0,,,,,,,,,,,,UNKNOWN,0.0,1.0,,0.0,0.0,PAPER_1777656745871_82,0.0002
T000082,2026-05-02 01:34:51,2026-05-02 01:34:51,BASUSDT,LONG,10,5441.584589432442,0.018367,,99.94558415410567,9.994558415410568,,,,0,,,,,,,,,,,,UNKNOWN,0.0,1.0,,0.0,0.0,PAPER_1777656891267_83,0.0002
T000083,2026-05-02 01:32:25,2026-05-02 01:39:39,TAGUSDT,LONG,10,111346.17525887986,0.0008987,0.0009221,102.67230820621312,10.006680770515533,2.6055005010577914,26.03760988093916,26.03760988093916,0.020534461641242625,2.584966039416549,0.0009345,0.0008933,3.986193074267899,1.7704041866161906,1.7704041866161906,3.986193074267899,TRAILING_STOP,"移動止損 (最高39.8% → 當前26.0%, 回撤 13.8%)",7,433,UNKNOWN,0.0,1.0,,0.0,,PAPER_1777657179210_84,0.0002
T000084,2026-05-02 01:40:53,2026-05-02 01:40:53,TAKEUSDT,LONG,10,3082.614056720099,0.0325,,100.18495684340323,10.018495684340323,,,,0,,,,,,,,,,,,UNKNOWN,0.0,1.0,,0.0,0.0,PAPER_1777657253946_85,0.0002
T000085,2026-05-02 01:29:25,2026-05-02 01:43:21,BUSDT,LONG,10,320.6155819172812,0.312,0.3012,96.5694132734851,10.003206155819173,-3.462648284706629,-34.615384615384535,-34.615384615384535,0.01931388265469702,-3.481962167361326,0.3125,0.3119,0.16030779095864073,3.0779095864058985,3.0779095864058985,0.16030779095864073,STOP_LOSS,固定止損 (PnL: -3.08 USDT),13,835,UNKNOWN,0.0,1.0,,0.0,,PAPER_1777657401084_86,0.0002
T000086,2026-05-02 01:43:22,2026-05-02 01:43:22,TAGUSDT,LONG,10,107828.33728703903,0.0009281,,100.07547983610093,10.007547983610092,,,,0,,,,,,,,,,,,UNKNOWN,0.0,1.0,,0.0,0.0,PAPER_1777657402493_87,0.0002
T000087,2026-05-02 01:40:53,2026-05-02 01:46:55,TAKEUSDT,LONG,10,3082.614056720099,0.0325,0.03066,94.51294697903823,10.018495684340323,-5.672009864364987,-56.615384615384656,-56.615384615384656,0.018902589395807648,-5.690912453760794,0.03277,0.03248,0.832305795314425,5.672009864364987,5.672009864364987,0.832305795314425,STOP_LOSS,固定止損 (PnL: -5.67 USDT),6,361,UNKNOWN,0.0,1.0,,0.0,,PAPER_1777657615330_88,0.0002
T000088,2026-05-02 01:53:49,2026-05-02 01:53:49,ORCAUSDT,LONG,10,51.02040816326531,1.957,,99.84693877551021,9.98469387755102,,,,0,,,,,,,,,,,,UNKNOWN,0.0,1.0,,0.0,0.0,PAPER_1777658029071_89,0.0002
T000089,2026-05-02 01:34:51,2026-05-02 01:54:52,BASUSDT,LONG,10,5441.584589432442,0.018367,0.018902,102.85683190945201,9.994558415410568,2.911247755346342,29.12832797952835,29.12832797952835,0.020571366381890402,2.8906763889644513,0.019176,0.01836,4.40224193285083,0.4570931055123292,0.4570931055123292,4.40224193285083,TRAILING_STOP,"移動止損 (最高44.0% → 當前29.1%, 回撤 14.9%)",20,1200,UNKNOWN,0.0,1.0,,0.0,,PAPER_1777658092131_90,0.0002
T000090,2026-05-02 01:43:22,2026-05-02 02:02:36,TAGUSDT,LONG,10,107828.33728703903,0.0009281,0.0009379,101.1321975415139,10.007547983610092,1.0567177054129848,10.559206982006273,10.559206982006273,0.02022643950830278,1.036491265904682,0.0009437,0.0009274,1.6821220616778148,2.490834591330598,2.490834591330598,1.6821220616778148,TRAILING_STOP,"移動止損 (最高16.8% → 當前10.6%, 回撤 6.2%)",19,1154,UNKNOWN,0.0,1.0,,0.0,,PAPER_1777658556609_91,0.0002
T000091,2026-05-02 02:05:38,2026-05-02 02:05:38,TAGUSDT,LONG,10,107089.31248661384,0.000935,,100.12850717498394,10.012850717498393,,,,0,,,,,,,,,,,,UNKNOWN,0.0,1.0,,0.0,0.0,PAPER_1777658738698_92,0.0002
T000092,2026-05-02 01:53:49,2026-05-02 02:06:10,ORCAUSDT,LONG,10,51.02040816326531,1.957,1.982,101.12244897959184,9.98469387755102,1.2755102040816282,12.774655084312677,12.774655084312677,0.020224489795918368,1.25528571428571,1.989,1.955,1.6326530612244914,0.10204081632653071,0.10204081632653071,1.6326530612244914,TRAILING_STOP,"移動止損 (最高16.4% → 當前10.7%, 回撤 5.6%)",12,741,UNKNOWN,0.0,1.0,,0.0,,PAPER_1777658770917_93,0.0002
T000093,2026-05-02 02:09:14,2026-05-02 02:09:14,ORCAUSDT,LONG,10,50.55611729019211,1.975,,99.84833164812943,9.984833164812944,,,,0,,,,,,,,,,,,UNKNOWN,0.0,1.0,,0.0,0.0,PAPER_1777658954327_94,0.0002
T000094,2026-05-02 02:05:38,2026-05-02 02:19:53,TAGUSDT,LONG,10,107089.31248661384,0.000935,0.0009556,102.33454701220819,10.012850717498393,2.2060398372242522,22.0320855614974,22.0320855614974,0.020466909402441637,2.1855729278218106,0.0009708,0.0009335,3.8337973870207755,0.5461554936817264,0.5461554936817264,3.8337973870207755,TRAILING_STOP,"移動止損 (最高38.3% → 當前22.4%, 回撤 15.9%)",14,855,UNKNOWN,0.0,1.0,,0.0,,PAPER_1777659593854_95,0.0002
T000095,2026-05-02 02:22:57,2026-05-02 02:22:57,TAGUSDT,LONG,10,105119.31041732366,0.0009523,,100.10511931041732,10.010511931041732,,,,0,,,,,,,,,,,,UNKNOWN,0.0,1.0,,0.0,0.0,PAPER_1777659777370_96,0.0002
T000096,2026-05-02 02:09:14,2026-05-02 02:29:19,ORCAUSDT,LONG,10,50.55611729019211,1.975,1.985,100.35389282103135,9.984833164812944,0.5055611729019216,5.06329113924051,5.06329113924051,0.020070778564206273,0.48549039433771535,1.988,1.974,0.6572295247724924,0.5561172901921193,0.5561172901921193,0.6572295247724924,TECHNICAL_EXIT,"時間 + 收益 (20分, PnL: 0.46 USDT)",20,1205,UNKNOWN,0.0,1.0,,0.0,,PAPER_1777660159405_97,0.0002
T000097,2026-05-02 02:32:19,2026-05-02 02:32:19,ORCAUSDT,LONG,10,50.45408678102926,1.981,,99.94954591321897,9.994954591321896,,,,0,,,,,,,,,,,,UNKNOWN,0.0,1.0,,0.0,0.0,PAPER_1777660339973_98,0.0002
T000098,2026-05-02 02:40:04,2026-05-02 02:40:04,ONUSDT,LONG,10,728.5443683520326,0.13714,,99.91257467579776,9.991257467579775,,,,0,,,,,,,,,,,,UNKNOWN,0.0,1.0,,0.0,0.0,PAPER_1777660804512_99,0.0002
T000099,2026-05-02 02:22:57,2026-05-02 02:43:02,TAGUSDT,LONG,10,105119.31041732366,0.0009523,0.0009658,101.5242300010512,10.010511931041732,1.419110690633864,14.176204977423026,14.176204977423026,0.02030484600021024,1.3988058446336538,0.0009691,0.0009504,1.766004415011035,0.914538000630721,0.914538000630721,1.766004415011035,TECHNICAL_EXIT,"時間 + 收益 (20分, PnL: 1.67 USDT)",20,1204,UNKNOWN,0.0,1.0,,0.0,,,0.0002
T000100,2026-05-02 02:46:08,2026-05-02 02:46:08,TAGUSDT,LONG,10,104188.37257762034,0.0009604,,100.06251302354657,10.006251302354658,,,,0,,,,,,,,,,,,UNKNOWN,0.0,1.0,,0.0,0.0,,0.0002
T000101,2026-05-02 02:32:19,2026-05-02 02:52:21,ORCAUSDT,LONG,10,50.45408678102926,1.981,1.987,100.25227043390515,9.994954591321896,0.30272452068617584,3.028773346794551,3.028773346794551,0.020050454086781033,0.2826740665993948,2.0,1.98,0.9586276488395512,0.15136226034309352,0.15136226034309352,0.9586276488395512,TECHNICAL_EXIT,"時間 + 收益 (20分, PnL: 0.30 USDT)",20,1201,UNKNOWN,0.0,1.0,,0.0,,,0.0002
T000102,2026-05-02 02:52:22,2026-05-02 02:52:22,BUSDT,LONG,10,331.34526176275676,0.3016,,99.93373094764743,9.993373094764744,,,,0,,,,,,,,,,,,UNKNOWN,0.0,1.0,,0.0,0.0,,0.0002
T000103,2026-05-02 02:46:08,2026-05-02 02:52:32,TAGUSDT,LONG,10,104188.37257762034,0.0009604,0.0009739,101.46905605334445,10.006251302354658,1.4065430297978692,14.056643065389366,14.056643065389366,0.02029381121066889,1.3862492185872002,0.0009771,0.0009598,1.7399458220462625,0.0833506980620983,0.0833506980620983,1.7399458220462625,TRAILING_STOP,"移動止損 (最高17.4% → 當前11.2%, 回撤 6.1%)",6,384,UNKNOWN,0.0,1.0,,0.0,,,0.0002
T000104,2026-05-02 02:55:25,2026-05-02 02:55:25,ORCAUSDT,LONG,10,50.607287449392715,1.975,,99.94939271255062,9.994939271255062,,,,0,,,,,,,,,,,,UNKNOWN,0.0,1.0,,0.0,0.0,,0.0002
T000105,2026-05-02 02:40:04,2026-05-02 03:00:11,ONUSDT,LONG,10,728.5443683520326,0.13714,0.13824,100.71397348098499,9.991257467579775,0.8013988051872285,8.021000437509041,8.021000437509041,0.020142794696196998,0.7812560104910315,0.13837,0.1371,0.8961095730729863,0.48083928311235735,0.48083928311235735,0.8961095730729863,TECHNICAL_EXIT,"時間 + 收益 (20分, PnL: 0.80 USDT)",20,1207,UNKNOWN,0.0,1.0,,0.0,,,0.0002
T000106,2026-05-02 03:00:13,2026-05-02 03:00:13,NFPUSDT,LONG,10,5537.098560354374,0.01806,,100.0,10.0,,,,0,,,,,,,,,,,,UNKNOWN,0.0,1.0,,0.0,0.0,,0.0002
T000107,2026-05-02 02:52:22,2026-05-02 03:00:54,BUSDT,LONG,10,331.34526176275676,0.3016,0.2942,97.48177601060304,9.993373094764744,-2.4519549370443876,-24.535809018567516,-24.535809018567516,0.01949635520212061,-2.4714512922465084,0.3067,0.3001,1.6898608349900572,2.51822398939695,2.51822398939695,1.6898608349900572,TECHNICAL_EXIT,高點回撤 (4.1% > 4.0%),8,512,UNKNOWN,0.0,1.0,,0.0,,,0.0002
T000108,2026-05-02 03:00:55,2026-05-02 03:00:55,TAGUSDT,LONG,10,103680.66355624676,0.0009645,,100.0,10.0,,,,0,,,,,,,,,,,,UNKNOWN,0.0,1.0,,0.0,0.0,,0.0002
T000109,2026-05-02 03:00:55,2026-05-02 03:10:44,TAGUSDT,LONG,10,103680.66355624676,0.0009645,0.0009758,101.17159149818558,10.0,1.1715914981855888,11.715914981855887,11.715914981855887,0.020234318299637115,1.1513571798859517,0.0009844,0.0009645,2.0632452047693213,0.0,0.0,2.0632452047693213,TRAILING_STOP,"移動止損 (最高20.6% → 當前11.7%, 回撤 8.9%)",9,588,UNKNOWN,0.0,1.0,,0.0,,,0.0002
T000110,2026-05-02 03:10:45,2026-05-02 03:10:45,ONUSDT,LONG,10,728.3321194464676,0.1373,,100.0,10.0,,,,0,,,,,,,,,,,,UNKNOWN,0.0,1.0,,0.0,0.0,,0.0002
T000111,2026-05-02 02:55:25,2026-05-02 03:15:32,ORCAUSDT,LONG,10,50.607287449392715,1.975,1.966,99.49392712550608,9.994939271255062,-0.45546558704454043,-4.5569620253165155,-4.5569620253165155,0.019898785425101217,-0.47536437246964164,1.984,1.971,0.4554655870445292,1.0121457489878551,1.0121457489878551,0.4554655870445292,TECHNICAL_EXIT,"時間 + 收益 (20分, PnL: -0.51 USDT)",20,1207,UNKNOWN,0.0,1.0,,0.0,,,0.0002
T000112,2026-05-02 03:15:34,2026-05-02 03:15:34,TAGUSDT,LONG,10,101132.68608414239,0.0009891,,100.03033980582524,10.003033980582524,,,,0,,,,,,,,,,,,UNKNOWN,0.0,1.0,,0.0,0.0,,0.0002
T000113,2026-05-02 03:00:13,2026-05-02 03:20:22,NFPUSDT,LONG,10,5537.098560354374,0.01806,0.01788,99.00332225913621,10.0,-0.9966777408637851,-9.966777408637851,-9.966777408637851,0.019800664451827245,-1.0164784053156124,0.0183,0.01798,1.3289036544850532,1.1627906976744096,1.1627906976744096,1.3289036544850532,TECHNICAL_EXIT,"時間 + 收益 (20分, PnL: -1.00 USDT)",20,1209,UNKNOWN,0.0,1.0,,0.0,,,0.0002
T000114,2026-05-02 03:23:26,2026-05-02 03:23:26,NFPUSDT,LONG,10,5592.841163310962,0.0179,,100.11185682326621,10.011185682326621,,,,0,,,,,,,,,,,,UNKNOWN,0.0,1.0,,0.0,0.0,,0.0002
T000115,2026-05-02 03:10:45,2026-05-02 03:30:55,ONUSDT,LONG,10,728.3321194464676,0.1373,0.13432,97.82957028404952,10.0,-2.170429715950481,-21.704297159504808,-21.704297159504808,0.019565914056809904,-2.189995630007291,0.13808,0.13721,0.5680990531682468,2.2068463219228005,2.2068463219228005,0.5680990531682468,TECHNICAL_EXIT,"時間 + 收益 (20分, PnL: -2.21 USDT)",20,1209,UNKNOWN,0.0,1.0,,0.0,,,0.0002
T000116,2026-05-02 03:30:56,2026-05-02 03:30:56,ORCAUSDT,LONG,10,50.403225806451616,1.984,,100.0,10.0,,,,0,,,,,,,,,,,,UNKNOWN,0.0,1.0,,0.0,0.0,,0.0002
T000117,2026-05-02 03:15:34,2026-05-02 03:35:34,TAGUSDT,LONG,10,101132.68608414239,0.0009891,0.0009778,98.88754045307444,10.003033980582524,-1.1427993527507985,-11.424527348094122,-11.424527348094122,0.01977750809061489,-1.1625768608414133,0.000997,0.0009874,0.7989482200647389,2.0428802588996713,2.0428802588996713,0.7989482200647389,TECHNICAL_EXIT,"時間 + 收益 (20分, PnL: -0.82 USDT)",20,1200,UNKNOWN,0.0,1.0,,0.0,,,0.0002
T000118,2026-05-02 03:38:41,2026-05-02 03:38:41,TAGUSDT,LONG,10,101916.02119853241,0.0009804,,99.91846718304117,9.991846718304117,,,,0,,,,,,,,,,,,UNKNOWN,0.0,1.0,,0.0,0.0,,0.0002
T000119,2026-05-02 03:23:26,2026-05-02 03:43:29,NFPUSDT,LONG,10,5592.841163310962,0.0179,0.0177,98.99328859060402,10.011185682326621,-1.1185682326621855,-11.173184357541832,-11.173184357541832,0.019798657718120807,-1.1383668903803064,0.01807,0.01789,0.9507829977628636,1.9574944071588345,1.9574944071588345,0.9507829977628636,TECHNICAL_EXIT,"時間 + 收益 (20分, PnL: -1.01 USDT)",20,1203,UNKNOWN,0.0,1.0,,0.0,,,0.0002
T000120,2026-05-02 03:43:30,2026-05-02 03:43:31,ZEREBROUSDT,LONG,10,3200.409652435512,0.031279,,100.10561351853038,10.010561351853038,,,,0,,,,,,,,,,,,UNKNOWN,0.0,1.0,,0.0,0.0,,0.0002
T000121,2026-05-02 03:43:30,2026-05-02 03:47:35,ZEREBROUSDT,LONG,10,3200.409652435512,0.031279,0.031673,101.36657492158996,10.010561351853038,1.2609614030595868,12.59631062374112,12.59631062374112,0.020273314984317992,1.2406880880752689,0.031775,0.031276,1.5874031876080026,0.019202457914610067,0.019202457914610067,1.5874031876080026,TRAILING_STOP,"移動止損 (最高15.9% → 當前10.3%, 回撤 5.6%)",4,245,UNKNOWN,0.0,1.0,,0.0,,,0.0002
T000122,2026-05-02 03:47:37,2026-05-02 03:47:37,BUSDT,LONG,10,338.18058843422386,0.2956,,99.96618194115656,9.996618194115657,,,,0,,,,,,,,,,,,UNKNOWN,0.0,1.0,,0.0,0.0,,0.0002
T000123,2026-05-02 03:38:41,2026-05-02 03:47:57,TAGUSDT,LONG,10,101916.02119853241,0.0009804,0.0009476,96.57562168772932,9.991846718304117,-3.342845495311856,-33.4557323541411,-33.4557323541411,0.019315124337545866,-3.362160619649402,0.0009833,0.00098,0.2955564614757567,3.25112107623318,3.25112107623318,0.2955564614757567,STOP_LOSS,固定止損 (PnL: -3.25 USDT),9,556,UNKNOWN,0.0,1.0,,0.0,,,0.0002
T000124,2026-05-02 03:50:44,2026-05-02 03:50:44,ZEREBROUSDT,LONG,10,3140.999466030091,0.031827,,99.9685900053397,9.99685900053397,,,,0,,,,,,,,,,,,UNKNOWN,0.0,1.0,,0.0,0.0,,0.0002
T000125,2026-05-02 03:30:56,2026-05-02 03:51:04,ORCAUSDT,LONG,10,50.403225806451616,1.984,1.971,99.34475806451614,10.0,-0.655241935483866,-6.552419354838659,-6.552419354838659,0.01986895161290323,-0.6751108870967693,1.995,1.983,0.5544354838709739,0.655241935483866,0.655241935483866,0.5544354838709739,TECHNICAL_EXIT,"時間 + 收益 (20分, PnL: -0.66 USDT)",20,1207,UNKNOWN,0.0,1.0,,0.0,,,0.0002
T000126,2026-05-02 03:52:49,2026-05-02 03:52:49,LABUSDT,LONG,10,122.20457045093487,0.8181,,99.97555908590982,9.997555908590982,,,,0,,,,,,,,,,,,UNKNOWN,0.0,1.0,,0.0,0.0,,0.0002
T000127,2026-05-02 03:52:49,2026-05-02 03:52:59,LABUSDT,LONG,10,122.20457045093487,0.8181,0.8195,100.14664548454112,9.997555908590982,0.17108639863130354,1.7112822393349918,1.7112822393349918,0.020029329096908226,0.15105706953439532,0.8195,0.8181,0.17108639863130354,0.0,0.0,0.17108639863130354,TECHNICAL_EXIT,價格偏離 (11.2% > 10.0%),0,9,UNKNOWN,0.0,1.0,,0.0,,,0.0002
T000128,2026-05-02 03:55:43,2026-05-02 03:55:43,UBUSDT,LONG,10,1096.0105217010082,0.09141,,100.18632178868917,10.018632178868916,,,,0,,,,,,,,,,,,UNKNOWN,0.0,1.0,,0.0,0.0,,0.0002
T000129,2026-05-02 03:55:43,2026-05-02 03:57:38,UBUSDT,LONG,10,1096.0105217010082,0.09141,0.0918,100.61376589215256,10.018632178868916,0.4274441034633948,4.266491631112586,4.266491631112586,0.020122753178430514,0.4073213502849643,0.09312,0.0913,1.8741779921087123,0.9973695747479263,0.9973695747479263,1.8741779921087123,TRAILING_STOP,"移動止損 (最高18.7% → 當前12.5%, 回撤 6.2%)",1,114,UNKNOWN,0.0,1.0,,0.0,,,0.0002
T000130,2026-05-02 03:57:39,2026-05-02 03:57:39,LABUSDT,LONG,10,120.04801920768308,0.8328,,99.97599039615847,9.997599039615846,,,,0,,,,,,,,,,,,UNKNOWN,0.0,1.0,,0.0,0.0,,0.0002
T000131,2026-05-02 03:57:39,2026-05-02 03:57:48,LABUSDT,LONG,10,120.04801920768308,0.8328,0.8334,100.04801920768308,9.997599039615846,0.07202881152461524,0.7204610951009186,0.7204610951009186,0.02000960384153662,0.05201920768307862,0.8341,0.8328,0.15606242496998415,0.0,0.0,0.15606242496998415,TECHNICAL_EXIT,價格偏離 (12.1% > 10.0%),0,8,UNKNOWN,0.0,1.0,,0.0,,,0.0002
T000132,2026-05-02 04:00:48,2026-05-02 04:00:48,UBUSDT,LONG,10,1051.1931041732366,0.09512,,99.98948806895827,9.998948806895827,,,,0,,,,,,,,,,,,UNKNOWN,0.0,1.0,,0.0,0.0,,0.0002
T000133,2026-05-02 03:47:37,2026-05-02 04:01:18,BUSDT,LONG,10,338.18058843422386,0.2956,0.2994,101.25126817720663,9.996618194115657,1.2850862360500592,12.855209742895893,12.855209742895893,0.020250253635441327,1.2648359824146178,0.3022,0.295,2.2319918836658945,1.0145417653026538,1.0145417653026538,2.2319918836658945,TRAILING_STOP,"移動止損 (最高22.3% → 當前12.5%, 回撤 9.8%)",13,820,UNKNOWN,0.0,1.0,,0.0,,,0.0002
T000134,2026-05-02 04:01:19,2026-05-02 04:01:19,LABUSDT,LONG,10,121.66930283489476,0.8216,,99.96349920914953,9.996349920914954,,,,0,,,,,,,,,,,,UNKNOWN,0.0,1.0,,0.0,0.0,,0.0002
T000135,2026-05-02 04:01:19,2026-05-02 04:01:50,LABUSDT,LONG,10,121.66930283489476,0.8216,0.8269,100.60834651417447,9.996349920914954,0.6448473050249388,6.450827653359265,6.450827653359265,0.020121669302834894,0.6247256357221039,0.8269,0.8213,0.6448473050249388,0.3041732570872304,0.3041732570872304,0.6448473050249388,TECHNICAL_EXIT,價格偏離 (10.2% > 10.0%),0,30,UNKNOWN,0.0,1.0,,0.0,,,0.0002
T000136,2026-05-02 04:00:48,2026-05-02 04:04:07,UBUSDT,LONG,10,1051.1931041732366,0.09512,0.0927,97.44560075685904,9.998948806895827,-2.543887312099224,-25.44154751892338,-25.44154751892338,0.01948912015137181,-2.5633764322505956,0.09671,0.09361,1.6713970356354548,2.543887312099224,2.543887312099224,1.6713970356354548,TECHNICAL_EXIT,高點回撤 (4.1% > 4.0%),3,198,UNKNOWN,0.0,1.0,,0.0,,,0.0002
T000137,2026-05-02 04:04:18,2026-05-02 04:04:18,BUSDT,LONG,10,335.2329869259135,0.2982,,99.96647670130741,9.996647670130741,,,,0,,,,,,,,,,,,UNKNOWN,0.0,1.0,,0.0,0.0,,0.0002
T000138,2026-05-02 04:04:59,2026-05-02 04:04:59,LABUSDT,LONG,10,121.53621779290229,0.8224,,99.95138551288285,9.995138551288285,,,,0,,,,,,,,,,,,UNKNOWN,0.0,1.0,,0.0,0.0,,0.0002
T000139,2026-05-02 04:04:59,2026-05-02 04:07:27,LABUSDT,LONG,10,121.53621779290229,0.8224,0.8328,101.21536217792902,9.995138551288285,1.2639766650461797,12.645914396887118,12.645914396887118,0.020243072435585804,1.243733592610594,0.8335,0.8224,1.3490520175012153,0.0,0.0,1.3490520175012153,TECHNICAL_EXIT,價格偏離 (10.1% > 10.0%),2,148,UNKNOWN,0.0,1.0,,0.0,,,0.0002
T000140,2026-05-02 04:07:29,2026-05-02 04:07:29,UBUSDT,LONG,10,1016.3634515702814,0.09887,,100.48785445675372,10.048785445675373,,,,0,,,,,,,,,,,,UNKNOWN,0.0,1.0,,0.0,0.0,,0.0002
T000141,2026-05-02 03:50:44,2026-05-02 04:10:48,ZEREBROUSDT,LONG,10,3140.999466030091,0.031827,0.031893,100.17589597009768,9.99685900053397,0.20730596475797536,2.073711000094153,2.073711000094153,0.020035179194019537,0.18727078556395582,0.031965,0.031826,0.43345792631215013,1.0396708232559537,1.0396708232559537,0.43345792631215013,TECHNICAL_EXIT,"時間 + 收益 (20分, PnL: 0.16 USDT)",20,1203,UNKNOWN,0.0,1.0,,0.0,,,0.0002
T000142,2026-05-02 04:10:49,2026-05-02 04:10:49,LABUSDT,LONG,10,115.02185415228894,0.8694,,100.0,10.0,,,,0,,,,,,,,,,,,UNKNOWN,0.0,1.0,,0.0,0.0,,0.0002
T000143,2026-05-02 04:10:49,2026-05-02 04:10:59,LABUSDT,LONG,10,115.02185415228894,0.8694,0.8679,99.82746721877157,10.0,-0.17253278122842716,-1.7253278122842715,-1.7253278122842715,0.019965493443754315,-0.19249827467218147,0.8694,0.8689,0.0,0.057510927076138134,0.057510927076138134,0.0,TECHNICAL_EXIT,價格偏離 (13.3% > 10.0%),0,9,UNKNOWN,0.0,1.0,,0.0,,,0.0002
T000144,2026-05-02 04:07:29,2026-05-02 04:12:22,UBUSDT,LONG,10,1016.3634515702814,0.09887,0.10053,102.17501778636039,10.048785445675373,1.687163329606662,16.789723879842164,16.789723879842164,0.02043500355727208,1.66672832604939,0.10053,0.09766,1.687163329606662,2.418945014737263,2.418945014737263,1.687163329606662,TECHNICAL_EXIT,價格偏離 (10.4% > 10.0%),4,293,UNKNOWN,0.0,1.0,,0.0,,,0.0002
T000145,2026-05-02 04:13:49,2026-05-02 04:13:49,ZEREBROUSDT,LONG,10,3127.6389453601473,0.03198,,100.02189347261752,10.002189347261751,,,,0,,,,,,,,,,,,UNKNOWN,0.0,1.0,,0.0,0.0,,0.0002
T000146,2026-05-02 04:14:00,2026-05-02 04:14:00,LABUSDT,LONG,10,114.71836641046231,0.8716,,99.98852816335895,9.998852816335894,,,,0,,,,,,,,,,,,UNKNOWN,0.0,1.0,,0.0,0.0,,0.0002
T000147,2026-05-02 04:14:00,2026-05-02 04:14:09,LABUSDT,LONG,10,114.71836641046231,0.8716,0.8718,100.01147183664105,9.998852816335894,0.022943673282089936,0.22946305644788662,0.22946305644788662,0.02000229436732821,0.002941378914761726,0.8716,0.8708,0.0,0.09177469312837247,0.09177469312837247,0.0,TECHNICAL_EXIT,價格偏離 (13.5% > 10.0%),0,9,UNKNOWN,0.0,1.0,,0.0,,,0.0002
T000148,2026-05-02 04:15:24,2026-05-02 04:15:24,UBUSDT,LONG,10,967.4922600619195,0.10336,,100.0,10.0,,,,0,,,,,,,,,,,,UNKNOWN,0.0,1.0,,0.0,0.0,,0.0002
T000149,2026-05-02 04:15:24,2026-05-02 04:15:33,UBUSDT,LONG,10,967.4922600619195,0.10336,0.10376,100.38699690402477,10.0,0.3869969040247789,3.8699690402477884,3.8699690402477884,0.020077399380804956,0.36691950464397394,0.10413,0.10336,0.7449690402476846,0.0,0.0,0.7449690402476846,TECHNICAL_EXIT,價格偏離 (13.9% > 10.0%),0,9,UNKNOWN,0.0,1.0,,0.0,,,0.0002
T000150,2026-05-02 04:15:56,2026-05-02 04:15:56,ONUSDT,LONG,10,734.1604874825637,0.13621,,100.0,10.0,,,,0,,,,,,,,,,,,UNKNOWN,0.0,1.0,,0.0,0.0,,0.0002
T000151,2026-05-02 04:04:18,2026-05-02 04:24:22,BUSDT,LONG,10,335.2329869259135,0.2982,0.2978,99.83238350653704,9.996647670130741,-0.13409319477036924,-1.341381623071802,-1.341381623071802,0.01996647670130741,-0.15405967147167665,0.3025,0.2981,1.4415018437814182,1.91082802547772,1.91082802547772,1.4415018437814182,TECHNICAL_EXIT,"時間 + 收益 (20分, PnL: -0.03 USDT)",20,1204,UNKNOWN,0.0,1.0,,0.0,,,0.0002
T000152,2026-05-02 04:24:23,2026-05-02 04:24:23,UBUSDT,LONG,10,966.8374746205163,0.10325,,99.8259692545683,9.98259692545683,,,,0,,,,,,,,,,,,UNKNOWN,0.0,1.0,,0.0,0.0,,0.0002
T000153,2026-05-02 04:24:23,2026-05-02 04:24:34,UBUSDT,LONG,10,966.8374746205163,0.10325,0.10223,98.83979503045539,9.98259692545683,-0.98617422411292,-9.878934624697271,-9.878934624697271,0.01976795900609108,-1.0059421831190112,0.10325,0.1026,0.0,0.6284443585033335,0.6284443585033335,0.0,TECHNICAL_EXIT,價格偏離 (11.8% > 10.0%),0,10,UNKNOWN,0.0,1.0,,0.0,,,0.0002
T000154,2026-05-02 04:24:35,2026-05-02 04:24:35,LABUSDT,LONG,10,118.80717595342759,0.8404,,99.84555067126055,9.984555067126056,,,,0,,,,,,,,,,,,UNKNOWN,0.0,1.0,,0.0,0.0,,0.0002
T000155,2026-05-02 04:24:35,2026-05-02 04:27:59,LABUSDT,LONG,10,118.80717595342759,0.8404,0.867,103.00582155162172,9.984555067126056,3.1602708803611685,31.65159447881955,31.65159447881955,0.020601164310324344,3.139669716050844,0.867,0.8369,3.1602708803611685,0.8078887964833109,0.8078887964833109,3.1602708803611685,TECHNICAL_EXIT,價格偏離 (10.2% > 10.0%),3,204,UNKNOWN,0.0,1.0,,0.0,,,0.0002
T000156,2026-05-02 04:28:01,2026-05-02 04:28:01,BUSDT,LONG,10,334.4481605351171,0.299,,100.00000000000001,10.000000000000002,,,,0,,,,,,,,,,,,UNKNOWN,0.0,1.0,,0.0,0.0,,0.0002
T000157,2026-05-02 04:13:49,2026-05-02 04:33:50,ZEREBROUSDT,LONG,10,3127.6389453601473,0.03198,0.03193,99.8655115253495,10.002189347261751,-0.15638194726801186,-1.563477173233316,-1.563477173233316,0.019973102305069903,-0.17635504957308176,0.032168,0.031962,0.5879961217277098,2.893066024458143,2.893066024458143,0.5879961217277098,TECHNICAL_EXIT,"時間 + 收益 (20分, PnL: -0.16 USDT)",20,1200,UNKNOWN,0.0,1.0,,0.0,,,0.0002
T000158,2026-05-02 04:33:51,2026-05-02 04:33:51,LABUSDT,LONG,10,118.48341232227489,0.8423,,99.79857819905214,9.979857819905215,,,,0,,,,,,,,,,,,UNKNOWN,0.0,1.0,,0.0,0.0,,0.0002
T000159,2026-05-02 04:33:51,2026-05-02 04:35:25,LABUSDT,LONG,10,118.48341232227489,0.8423,0.8153,96.59952606635072,9.979857819905215,-3.199052132701425,-32.0550872610709,-32.0550872610709,0.019319905213270146,-3.218372037914695,0.8423,0.8383,0.0,3.2345971563981166,3.2345971563981166,0.0,STOP_LOSS,固定止損 (PnL: -3.23 USDT),1,94,UNKNOWN,0.0,1.0,,0.0,,,0.0002
T000160,2026-05-02 04:15:56,2026-05-02 04:36:05,ONUSDT,LONG,10,734.1604874825637,0.13621,0.13686,100.47720431686368,10.0,0.477204316863675,4.77204316863675,4.77204316863675,0.020095440863372737,0.45710887600030226,0.13719,0.13596,0.7194772777329187,0.4918875266133205,0.4918875266133205,0.7194772777329187,TECHNICAL_EXIT,"時間 + 收益 (20分, PnL: 0.50 USDT)",20,1209,UNKNOWN,0.0,1.0,,0.0,,,0.0002
T000161,2026-05-02 04:37:01,2026-05-02 04:37:01,ZEREBROUSDT,LONG,10,3168.2666413205334,0.031574,,100.03485093305451,10.003485093305452,,,,0,,,,,,,,,,,,UNKNOWN,0.0,1.0,,0.0,0.0,,0.0002
T000162,2026-05-02 04:39:15,2026-05-02 04:39:15,ONUSDT,LONG,10,730.3001533630322,0.13689,,99.97078799386549,9.997078799386548,,,,0,,,,,,,,,,,,UNKNOWN,0.0,1.0,,0.0,0.0,,0.0002
T000163,2026-05-02 04:28:01,2026-05-02 04:39:56,BUSDT,LONG,10,334.4481605351171,0.299,0.309,103.34448160535118,10.000000000000002,3.344481605351174,33.44481605351174,33.44481605351174,0.020668896321070235,3.3238127090301037,0.3152,0.2987,5.4180602006688945,0.8695652173913015,0.8695652173913015,5.4180602006688945,TRAILING_STOP,"移動止損 (最高54.2% → 當前35.1%, 回撤 19.1%)",11,715,UNKNOWN,0.0,1.0,,0.0,,,0.0002
T000164,2026-05-02 04:43:04,2026-05-02 04:43:04,BUSDT,LONG,10,328.4072249589491,0.3047,,100.0656814449918,10.00656814449918,,,,0,,,,,,,,,,,,UNKNOWN,0.0,1.0,,0.0,0.0,,0.0002
T000165,2026-05-02 04:43:04,2026-05-02 04:52:40,BUSDT,LONG,10,328.4072249589491,0.3047,0.3079,101.11658456486043,10.00656814449918,1.0509031198686307,10.502133245815491,10.502133245815491,0.02022331691297209,1.0306798029556585,0.3099,0.3045,1.7077175697865294,0.3940886699507502,0.3940886699507502,1.7077175697865294,TRAILING_STOP,"移動止損 (最高17.1% → 當前10.8%, 回撤 6.2%)",9,575,UNKNOWN,0.0,1.0,,0.0,,,0.0002
T000166,2026-05-02 04:52:42,2026-05-02 04:52:42,ORCAUSDT,LONG,10,50.22601707684581,1.991,,100.0,10.0,,,,0,,,,,,,,,,,,UNKNOWN,0.0,1.0,,0.0,0.0,,0.0002
T000167,2026-05-02 04:39:15,2026-05-02 04:56:44,ONUSDT,LONG,10,730.3001533630322,0.13689,0.1383,101.00051121010736,9.997078799386548,1.0297232162418715,10.300241069471799,10.300241069471799,0.020200102242021473,1.00952311399985,0.13899,0.13689,1.5336303220623608,0.0,0.0,1.5336303220623608,TRAILING_STOP,"移動止損 (最高15.3% → 當前10.2%, 回撤 5.2%)",17,1048,UNKNOWN,0.0,1.0,,0.0,,,0.0002
T000168,2026-05-02 04:56:45,2026-05-02 04:56:45,BUSDT,LONG,10,324.35939020434637,0.3085,,100.06487187804085,10.006487187804085,,,,0,,,,,,,,,,,,UNKNOWN,0.0,1.0,,0.0,0.0,,0.0002
T000169,2026-05-02 04:37:01,2026-05-02 04:57:05,ZEREBROUSDT,LONG,10,3168.2666413205334,0.031574,0.030828,97.6713240186294,10.003485093305452,-2.3635269144251074,-23.627034902134564,-23.627034902134564,0.019534264803725884,-2.383061179228833,0.03169,0.031445,0.36751893039319766,2.3761999809903913,2.3761999809903913,0.36751893039319766,TECHNICAL_EXIT,"時間 + 收益 (20分, PnL: -2.36 USDT)",20,1204,UNKNOWN,0.0,1.0,,0.0,,,0.0002
T000170,2026-05-02 04:57:07,2026-05-02 04:57:07,LUMIAUSDT,LONG,10,569.7031846408022,0.17553,,100.0,10.0,,,,0,,,,,,,,,,,,UNKNOWN,0.0,1.0,,0.0,0.0,,0.0002
T000171,2026-05-02 04:52:42,2026-05-02 05:12:45,ORCAUSDT,LONG,10,50.22601707684581,1.991,2.005,100.70316423907583,10.0,0.7031642390758308,7.031642390758308,7.031642390758308,0.020140632847815167,0.6830236062280156,2.011,1.987,1.004520341536917,0.40180813661476683,0.40180813661476683,1.004520341536917,TECHNICAL_EXIT,"時間 + 收益 (20分, PnL: 0.75 USDT)",20,1203,UNKNOWN,0.0,1.0,,0.0,,,0.0002
T000172,2026-05-02 05:12:46,2026-05-02 05:12:46,TAGUSDT,LONG,10,108695.65217391304,0.0009195,,99.94565217391303,9.994565217391303,,,,0,,,,,,,,,,,,UNKNOWN,0.0,1.0,,0.0,0.0,,0.0002
T000173,2026-05-02 04:56:45,2026-05-02 05:16:49,BUSDT,LONG,10,324.35939020434637,0.3085,0.3064,99.38371715861173,10.006487187804085,-0.6811547194291244,-6.807131280388949,-6.807131280388949,0.019876743431722348,-0.7010314628608467,0.3126,0.3084,1.3298734998378177,0.8757703535517287,0.8757703535517287,1.3298734998378177,TECHNICAL_EXIT,"時間 + 收益 (20分, PnL: -0.68 USDT)",20,1203,UNKNOWN,0.0,1.0,,0.0,,,0.0002
T000174,2026-05-02 05:16:51,2026-05-02 05:16:51,ONUSDT,LONG,10,717.7205196296561,0.13943,,100.07177205196295,10.007177205196296,,,,0,,,,,,,,,,,,UNKNOWN,0.0,1.0,,0.0,0.0,,0.0002
T000175,2026-05-02 04:57:07,2026-05-02 05:17:10,LUMIAUSDT,LONG,10,569.7031846408022,0.17553,0.17121,97.53888224235175,10.0,-2.46111775764826,-24.6111775764826,-24.6111775764826,0.01950777644847035,-2.4806255340967303,0.17685,0.17366,0.7520082037258677,2.5864524582692354,2.5864524582692354,0.7520082037258677,TECHNICAL_EXIT,"時間 + 收益 (20分, PnL: -2.46 USDT)",20,1203,UNKNOWN,0.0,1.0,,0.0,,,0.0002
T000176,2026-05-02 05:17:12,2026-05-02 05:17:12,ORCAUSDT,LONG,10,49.85044865403789,2.007,,100.04985044865406,10.004985044865405,,,,0,,,,,,,,,,,,UNKNOWN,0.0,1.0,,0.0,0.0,,0.0002
T000177,2026-05-02 05:12:46,2026-05-02 05:32:50,TAGUSDT,LONG,10,108695.65217391304,0.0009195,0.0009145,99.40217391304347,9.994565217391303,-0.5434782608695666,-5.437737901033185,-5.437737901033185,0.019880434782608696,-0.5633586956521753,0.0009263,0.0009189,0.7391304347826149,0.6521739130434705,0.6521739130434705,0.7391304347826149,TECHNICAL_EXIT,"時間 + 收益 (20分, PnL: -0.58 USDT)",20,1203,UNKNOWN,0.0,1.0,,0.0,,,0.0002
T000178,2026-05-02 05:32:51,2026-05-02 05:32:51,UBUSDT,LONG,10,751.3148009015778,0.13305,,99.96243425995492,9.996243425995491,,,,0,,,,,,,,,,,,UNKNOWN,0.0,1.0,,0.0,0.0,,0.0002
T000179,2026-05-02 05:32:51,2026-05-02 05:33:02,UBUSDT,LONG,10,751.3148009015778,0.13305,0.13349,100.29301277235162,9.996243425995491,0.33057851239669117,3.3070274332957235,3.3070274332957235,0.020058602554470326,0.31051990984222083,0.13316,0.13305,0.08264462809917279,0.0,0.0,0.08264462809917279,TECHNICAL_EXIT,價格偏離 (23.8% > 10.0%),0,10,UNKNOWN,0.0,1.0,,0.0,,,0.0002
T000180,2026-05-02 05:33:54,2026-05-02 05:33:54,NFPUSDT,LONG,10,5630.630630630631,0.01775,,99.94369369369369,9.99436936936937,,,,0,,,,,,,,,,,,UNKNOWN,0.0,1.0,,0.0,0.0,,0.0002
T000181,2026-05-02 05:16:51,2026-05-02 05:36:55,ONUSDT,LONG,10,717.7205196296561,0.13943,0.14071,100.99045431708892,10.007177205196296,0.9186822651259622,9.180233809079848,9.180233809079848,0.020198090863417784,0.8984841742625445,0.1412,0.13938,1.2703653197444869,0.2942654130481545,0.2942654130481545,1.2703653197444869,TECHNICAL_EXIT,"時間 + 收益 (20分, PnL: 0.92 USDT)",20,1204,UNKNOWN,0.0,1.0,,0.0,,,0.0002
T000182,2026-05-02 05:36:56,2026-05-02 05:36:56,UBUSDT,LONG,10,762.1370322383965,0.13093,,99.78660163097325,9.978660163097326,,,,0,,,,,,,,,,,,UNKNOWN,0.0,1.0,,0.0,0.0,,0.0002
T000183,2026-05-02 05:36:56,2026-05-02 05:37:05,UBUSDT,LONG,10,762.1370322383965,0.13093,0.13106,99.88567944516426,9.978660163097326,0.09907781419100602,0.9928969678455586,0.9928969678455586,0.01997713588903285,0.07910067830197316,0.13099,0.13093,0.045728221934307214,0.0,0.0,0.045728221934307214,TECHNICAL_EXIT,價格偏離 (19.8% > 10.0%),0,8,UNKNOWN,0.0,1.0,,0.0,,,0.0002
T000184,2026-05-02 05:37:06,2026-05-02 05:37:06,LABUSDT,LONG,10,114.5737855178735,0.8736,,100.0916590284143,10.00916590284143,,,,0,,,,,,,,,,,,UNKNOWN,0.0,1.0,,0.0,0.0,,0.0002
T000185,2026-05-02 05:17:12,2026-05-02 05:37:16,ORCAUSDT,LONG,10,49.85044865403789,2.007,1.988,99.10269192422733,10.004985044865405,-0.9471585244267263,-9.466865969108184,-9.466865969108184,0.019820538384845467,-0.9669790628115718,2.015,2.006,0.39880358923230347,1.1465603190428781,1.1465603190428781,0.39880358923230347,TECHNICAL_EXIT,"時間 + 收益 (20分, PnL: -1.05 USDT)",20,1203,UNKNOWN,0.0,1.0,,0.0,,,0.0002
T000186,2026-05-02 05:40:02,2026-05-02 05:40:02,ONUSDT,LONG,10,704.9203440011278,0.14177,,99.93655716903989,9.993655716903989,,,,0,,,,,,,,,,,,UNKNOWN,0.0,1.0,,0.0,0.0,,0.0002
T000187,2026-05-02 05:33:54,2026-05-02 05:47:53,NFPUSDT,LONG,10,5630.630630630631,0.01775,0.01721,96.90315315315316,9.99436936936937,-3.0405405405405337,-30.422535211267537,-30.422535211267537,0.01938063063063063,-3.0599211711711645,0.01783,0.01774,0.4504504504504516,3.0405405405405337,3.0405405405405337,0.4504504504504516,STOP_LOSS,固定止損 (PnL: -3.04 USDT),13,838,UNKNOWN,0.0,1.0,,0.0,,,0.0002
T000188,2026-05-02 05:47:54,2026-05-02 05:47:54,UBUSDT,LONG,10,790.2639481586849,0.12666,,100.09483167377903,10.009483167377903,,,,0,,,,,,,,,,,,UNKNOWN,0.0,1.0,,0.0,0.0,,0.0002
T000189,2026-05-02 05:47:54,2026-05-02 05:48:03,UBUSDT,LONG,10,790.2639481586849,0.12666,0.1264,99.88936304725779,10.009483167377903,-0.20546862652124423,-2.0527396178744866,-2.0527396178744866,0.01997787260945156,-0.22544649913069578,0.12666,0.12643,0.0,0.18176070807650382,0.18176070807650382,0.0,TECHNICAL_EXIT,價格偏離 (12.7% > 10.0%),0,9,UNKNOWN,0.0,1.0,,0.0,,,0.0002
T000190,2026-05-02 05:49:19,2026-05-02 05:49:19,CHILLGUYUSDT,LONG,10,7390.436774813392,0.013531,,100.0,10.0,,,,0,,,,,,,,,,,,UNKNOWN,0.0,1.0,,0.0,0.0,,0.0002
T000191,2026-05-02 05:37:06,2026-05-02 05:56:38,LABUSDT,LONG,10,114.5737855178735,0.8736,0.8897,101.93629697525206,10.00916590284143,1.8446379468377638,18.429487179487182,18.429487179487182,0.020387259395050414,1.8242506874427133,0.8974,0.8705,2.7268560953253815,2.3716773602199877,2.3716773602199877,2.7268560953253815,TRAILING_STOP,"移動止損 (最高27.2% → 當前18.0%, 回撤 9.3%)",19,1171,UNKNOWN,0.0,1.0,,0.0,,,0.0002
T000192,2026-05-02 05:56:39,2026-05-02 05:56:39,UBUSDT,LONG,10,825.4911672445105,0.12131,,100.14033349843157,10.014033349843157,,,,0,,,,,,,,,,,,UNKNOWN,0.0,1.0,,0.0,0.0,,0.0002
T000193,2026-05-02 05:40:02,2026-05-02 06:00:13,ONUSDT,LONG,10,704.9203440011278,0.14177,0.14037,98.9496686874383,9.993655716903989,-0.9868884816015876,-9.87514989066807,-9.87514989066807,0.01978993373748766,-1.0066784153390753,0.14217,0.14167,0.2819681376004396,1.600169180882556,1.600169180882556,0.2819681376004396,TECHNICAL_EXIT,"時間 + 收益 (20分, PnL: -0.99 USDT)",20,1210,UNKNOWN,0.0,1.0,,0.0,,,0.0002
T000194,2026-05-02 06:00:15,2026-05-02 06:00:15,ZEREBROUSDT,LONG,10,3050.2684236212785,0.03274,,99.86578818936066,9.986578818936065,,,,0,,,,,,,,,,,,UNKNOWN,0.0,1.0,,0.0,0.0,,0.0002
T000195,2026-05-02 05:56:39,2026-05-02 06:02:56,UBUSDT,LONG,10,825.4911672445105,0.12131,0.12638,104.32557371636123,10.014033349843157,4.185240217929661,41.79375154562684,41.79375154562684,0.020865114743272246,4.164375103186389,0.12638,0.12122,4.185240217929661,1.7005118045236969,1.7005118045236969,4.185240217929661,TECHNICAL_EXIT,價格偏離 (10.1% > 10.0%),6,376,UNKNOWN,0.0,1.0,,0.0,,,0.0002
T000196,2026-05-02 06:02:57,2026-05-02 06:02:57,LABUSDT,LONG,10,112.06993163734171,0.8928,,100.05603496581868,10.005603496581868,,,,0,,,,,,,,,,,,UNKNOWN,0.0,1.0,,0.0,0.0,,0.0002
T000197,2026-05-02 05:49:19,2026-05-02 06:09:20,CHILLGUYUSDT,LONG,10,7390.436774813392,0.013531,0.013651,100.88685241297762,10.0,0.8868524129776093,8.868524129776093,8.868524129776093,0.020177370482595526,0.8666750424950138,0.013714,0.013529,1.3524499297908572,0.52472101101175,0.52472101101175,1.3524499297908572,TECHNICAL_EXIT,"時間 + 收益 (20分, PnL: 0.89 USDT)",20,1201,UNKNOWN,0.0,1.0,,0.0,,,0.0002
T000198,2026-05-02 06:09:21,2026-05-02 06:09:21,UBUSDT,LONG,10,813.338755591704,0.1226,,99.71533143554291,9.971533143554291,,,,0,,,,,,,,,,,,UNKNOWN,0.0,1.0,,0.0,0.0,,0.0002
T000199,2026-05-02 06:09:21,2026-05-02 06:14:29,UBUSDT,LONG,10,813.338755591704,0.1226,0.12549,102.06588043920291,9.971533143554291,2.3505490036600163,23.57259380097871,23.57259380097871,0.020413176087840584,2.3301358275721755,0.12724,0.12258,3.7738918259454994,0.6018706791378646,0.6018706791378646,3.7738918259454994,TRAILING_STOP,"移動止損 (最高37.8% → 當前23.6%, 回撤 14.3%)",5,308,UNKNOWN,0.0,1.0,,0.0,,,0.0002
T000200,2026-05-02 06:14:31,2026-05-02 06:14:31,CHILLGUYUSDT,LONG,10,7307.27073438071,0.013674,,99.91962002192183,9.991962002192183,,,,0,,,,,,,,,,,,UNKNOWN,0.0,1.0,,0.0,0.0,,0.0002
T000201,2026-05-02 06:02:57,2026-05-02 06:15:56,LABUSDT,LONG,10,112.06993163734171,0.8928,0.9056,101.49053009077664,10.005603496581868,1.4344951249579652,14.336917562723928,14.336917562723928,0.02029810601815533,1.4141970189398099,0.9072,0.8912,1.613807015577717,1.3336321864843688,1.3336321864843688,1.613807015577717,TRAILING_STOP,"移動止損 (最高16.1% → 當前10.4%, 回撤 5.7%)",12,778,UNKNOWN,0.0,1.0,,0.0,,,0.0002
T000202,2026-05-02 06:15:57,2026-05-02 06:15:57,ONUSDT,LONG,10,712.0478496154941,0.14038,,99.95727712902307,9.995727712902307,,,,0,,,,,,,,,,,,UNKNOWN,0.0,1.0,,0.0,0.0,,0.0002
T000203,2026-05-02 06:00:15,2026-05-02 06:19:18,ZEREBROUSDT,LONG,10,3050.2684236212785,0.03274,0.031948,97.4499755978526,9.986578818936065,-2.4158125915080557,-24.19059254734273,-24.19059254734273,0.01948999511957052,-2.435302586627626,0.032848,0.032675,0.32942898975111007,3.135675939482678,3.135675939482678,0.32942898975111007,STOP_LOSS,固定止損 (PnL: -3.14 USDT),19,1143,UNKNOWN,0.0,1.0,,0.0,,,0.0002
T000204,2026-05-02 06:19:20,2026-05-02 06:19:20,UBUSDT,LONG,10,792.3930269413629,0.12616,,99.96830427892235,9.996830427892235,,,,0,,,,,,,,,,,,UNKNOWN,0.0,1.0,,0.0,0.0,,0.0002
T000205,2026-05-02 06:14:31,2026-05-02 06:20:23,CHILLGUYUSDT,LONG,10,7307.27073438071,0.013674,0.013821,100.99378881987579,9.991962002192183,1.0741687979539611,10.750329091706856,10.750329091706856,0.02019875776397516,1.053970040189986,0.013894,0.013674,1.607599561563754,0.0,0.0,1.607599561563754,TRAILING_STOP,"移動止損 (最高16.1% → 當前10.1%, 回撤 6.0%)",5,352,UNKNOWN,0.0,1.0,,0.0,,,0.0002
T000206,2026-05-02 06:20:25,2026-05-02 06:20:25,BUSDT,LONG,10,325.8390355164549,0.3069,,100.0,10.0,,,,0,,,,,,,,,,,,UNKNOWN,0.0,1.0,,0.0,0.0,,0.0002
T000207,2026-05-02 06:19:20,2026-05-02 06:30:22,UBUSDT,LONG,10,792.3930269413629,0.12616,0.12258,97.13153724247226,9.996830427892235,-2.836767036450079,-28.376664552948633,-28.376664552948633,0.019426307448494454,-2.8561933438985734,0.12734,0.12554,0.9350237717908196,3.193343898573686,3.193343898573686,0.9350237717908196,STOP_LOSS,固定止損 (PnL: -3.19 USDT),11,662,UNKNOWN,0.0,1.0,,0.0,,,0.0002
T000208,2026-05-02 06:30:23,2026-05-02 06:30:23,NFPUSDT,LONG,10,5691.519635742744,0.01757,,100.0,10.0,,,,0,,,,,,,,,,,,UNKNOWN,0.0,1.0,,0.0,0.0,,0.0002
T000209,2026-05-02 06:15:57,2026-05-02 06:36:05,ONUSDT,LONG,10,712.0478496154941,0.14038,0.14054,100.07120478496154,9.995727712902307,0.11392765593847441,1.1397634990738956,1.1397634990738956,0.020014240956992307,0.0939134149814821,0.14061,0.14022,0.16377100541156933,1.0253489034463092,1.0253489034463092,0.16377100541156933,TECHNICAL_EXIT,"時間 + 收益 (20分, PnL: -0.28 USDT)",20,1207,UNKNOWN,0.0,1.0,,0.0,,,0.0002
T000210,2026-05-02 06:36:06,2026-05-02 06:36:06,CHILLGUYUSDT,LONG,10,7214.486689272058,0.01393,,100.49779958155978,10.049779958155977,,,,0,,,,,,,,,,,,UNKNOWN,0.0,1.0,,0.0,0.0,,0.0002
T000211,2026-05-02 06:20:25,2026-05-02 06:40:33,BUSDT,LONG,10,325.8390355164549,0.3069,0.3044,99.18540241120887,10.0,-0.814597588791138,-8.14597588791138,-8.14597588791138,0.019837080482241774,-0.8344346692733797,0.3069,0.3066,0.0,1.7921146953405034,1.7921146953405034,0.0,TECHNICAL_EXIT,"時間 + 收益 (20分, PnL: -0.65 USDT)",20,1207,UNKNOWN,0.0,1.0,,0.0,,,0.0002
T000212,2026-05-02 06:40:34,2026-05-02 06:40:34,ZEREBROUSDT,LONG,10,3132.8320802005014,0.031877,,99.86528822055139,9.986528822055138,,,,0,,,,,,,,,,,,UNKNOWN,0.0,1.0,,0.0,0.0,,0.0002
T000213,2026-05-02 06:30:23,2026-05-02 06:50:24,NFPUSDT,LONG,10,5691.519635742744,0.01757,0.0176,100.1707455890723,10.0,0.17074558907229512,1.7074558907229511,1.7074558907229511,0.02003414911781446,0.15071143995448066,0.01785,0.01757,1.5936254980079823,0.0,0.0,1.5936254980079823,TECHNICAL_EXIT,"時間 + 收益 (20分, PnL: 0.17 USDT)",20,1200,UNKNOWN,0.0,1.0,,0.0,,,0.0002
T000214,2026-05-02 06:50:25,2026-05-02 06:50:25,BUSDT,LONG,10,328.515111695138,0.3044,,100.0,10.0,,,,0,,,,,,,,,,,,UNKNOWN,0.0,1.0,,0.0,0.0,,0.0002
T000215,2026-05-02 06:40:34,2026-05-02 06:53:26,ZEREBROUSDT,LONG,10,3132.8320802005014,0.031877,0.030801,96.49436090225564,9.986528822055138,-3.370927318295752,-33.75474480032638,-33.75474480032638,0.019298872180451128,-3.390226190476203,0.032031,0.031477,0.4824561403508597,3.370927318295752,3.370927318295752,0.4824561403508597,STOP_LOSS,固定止損 (PnL: -3.37 USDT),12,772,UNKNOWN,0.0,1.0,,0.0,,,0.0002
T000216,2026-05-02 06:53:28,2026-05-02 06:53:28,NFPUSDT,LONG,10,5649.717514124293,0.0177,,100.0,10.0,,,,0,,,,,,,,,,,,UNKNOWN,0.0,1.0,,0.0,0.0,,0.0002
T000217,2026-05-02 06:36:06,2026-05-02 06:56:08,CHILLGUYUSDT,LONG,10,7214.486689272058,0.01393,0.01355,97.7562946396364,10.049779958155977,-2.7415049419233832,-27.27925340990669,-27.27925340990669,0.01955125892792728,-2.7610562008513106,0.014076,0.013901,1.0533150566337226,2.7415049419233832,2.7415049419233832,1.0533150566337226,TECHNICAL_EXIT,"時間 + 收益 (20分, PnL: -2.74 USDT)",20,1201,UNKNOWN,0.0,1.0,,0.0,,,0.0002
T000218,2026-05-02 06:56:09,2026-05-02 06:56:09,LABUSDT,LONG,10,102.80662074637607,0.9674,,99.45512491004422,9.945512491004422,,,,0,,,,,,,,,,,,UNKNOWN,0.0,1.0,,0.0,0.0,,0.0002
T000219,2026-05-02 06:56:09,2026-05-02 06:57:33,LABUSDT,LONG,10,102.80662074637607,0.9674,0.9782,100.56543641410506,9.945512491004422,1.1103115040608533,11.163944593756376,11.163944593756376,0.020113087282821015,1.0901984167780323,0.9836,0.9674,1.6654672560912915,0.0,0.0,1.6654672560912915,TRAILING_STOP,"移動止損 (最高16.7% → 當前11.2%, 回撤 5.6%)",1,84,UNKNOWN,0.0,1.0,,0.0,,,0.0002
T000220,2026-05-02 06:59:19,2026-05-02 06:59:19,ONUSDT,LONG,10,711.3387395077535,0.14034,,99.82927870251812,9.982927870251812,,,,0,,,,,,,,,,,,UNKNOWN,0.0,1.0,,0.0,0.0,,0.0002
T000000,2026-05-02 08:51:19,2026-05-02 08:51:19,UBUSDT,LONG,10,792.1419518377694,0.12613,,99.91286438529785,9.991286438529785,,,,0,,,,,,,,,,,,UNKNOWN,0.0,1.0,,0.0,0.0,PAPER_1777683079385_1,0.0002
T000001,2026-05-02 08:51:19,2026-05-02 08:51:19,BUSDT,LONG,10,308.35646006783844,0.3241,,99.93832870798644,9.993832870798645,,,,0,,,,,,,,,,,,UNKNOWN,0.0,1.0,,0.0,0.0,PAPER_1777683079607_2,0.0002
T000002,2026-05-02 08:51:19,2026-05-02 08:51:19,LABUSDT,LONG,10,77.07723138584862,1.3005,,100.23893941729612,10.023893941729613,,,,0,,,,,,,,,,,,UNKNOWN,0.0,1.0,,0.0,0.0,PAPER_1777683079822_3,0.0002
T000003,2026-05-02 08:51:19,2026-05-02 08:54:27,LABUSDT,LONG,10,77.07723138584862,1.3005,1.2545,96.69338677354709,10.023893941729613,-3.5455526437490397,-35.371011149557894,-35.371011149557894,0.01933867735470942,-3.564891321103749,1.3005,1.2917,0.0,3.306613226452901,3.306613226452901,0.0,STOP_LOSS,固定止損 (PnL: -3.31 USDT),3,187,UNKNOWN,0.0,1.0,,0.0,,PAPER_1777683267368_4,0.0002
T000004,2026-05-02 08:54:28,2026-05-02 08:54:28,ONUSDT,LONG,10,695.5554009876886,0.14377,,100.0,10.0,,,,0,,,,,,,,,,,,UNKNOWN,0.0,1.0,,0.0,0.0,PAPER_1777683268146_5,0.0002
T000005,2026-05-02 08:51:19,2026-05-02 08:56:01,UBUSDT,LONG,10,792.1419518377694,0.12613,0.12851,101.79816223067175,9.991286438529785,1.8852978453739078,18.869420439229533,18.869420439229533,0.02035963244613435,1.8649382129277734,0.12993,0.12606,3.010139416983522,0.05544993662863335,0.05544993662863335,3.010139416983522,TRAILING_STOP,"移動止損 (最高30.1% → 當前17.6%, 回撤 12.5%)",4,282,UNKNOWN,0.0,1.0,,0.0,,PAPER_1777683361451_6,0.0002
T000006,2026-05-02 08:56:02,2026-05-02 08:56:02,CHILLGUYUSDT,LONG,10,7238.508867173363,0.013807,,99.94209192906261,9.994209192906261,,,,0,,,,,,,,,,,,UNKNOWN,0.0,1.0,,0.0,0.0,PAPER_1777683362281_7,0.0002
T000007,2026-05-02 08:51:19,2026-05-02 09:06:29,BUSDT,LONG,10,308.35646006783844,0.3241,0.3284,101.26426148627816,9.993832870798645,1.3259327782917134,13.267510027769285,13.267510027769285,0.02025285229725563,1.3056799259944578,0.3299,0.324,1.7884674683934714,0.4625346901017581,0.4625346901017581,1.7884674683934714,TRAILING_STOP,"移動止損 (最高17.9% → 當前11.7%, 回撤 6.2%)",15,909,UNKNOWN,0.0,1.0,,0.0,,PAPER_1777683989012_8,0.0002
T000008,2026-05-02 09:06:29,2026-05-02 09:06:29,UBUSDT,LONG,10,780.8839606434483,0.12782,,99.81258784944555,9.981258784944554,,,,0,,,,,,,,,,,,UNKNOWN,0.0,1.0,,0.0,0.0,PAPER_1777683989816_9,0.0002
T000009,2026-05-02 08:54:28,2026-05-02 09:14:30,ONUSDT,LONG,10,695.5554009876886,0.14377,0.14118,98.19851151144188,10.0,-1.8014884885581197,-18.014884885581196,-18.014884885581196,0.019639702302288377,-1.821128190860408,0.14414,0.1435,0.25735549836543187,2.0727550949433193,2.0727550949433193,0.25735549836543187,TECHNICAL_EXIT,"時間 + 收益 (20分, PnL: -1.80 USDT)",20,1201,UNKNOWN,0.0,1.0,,0.0,,PAPER_1777684470120_10,0.0002
T000010,2026-05-02 09:14:30,2026-05-02 09:14:30,BUSDT,LONG,10,306.9367710251688,0.3255,,99.90791896869246,9.990791896869245,,,,0,,,,,,,,,,,,UNKNOWN,0.0,1.0,,0.0,0.0,PAPER_1777684470932_11,0.0002
T000011,2026-05-02 08:56:02,2026-05-02 09:16:04,CHILLGUYUSDT,LONG,10,7238.508867173363,0.013807,0.013701,99.17480998914225,9.994209192906261,-0.7672819399203779,-7.677265155355993,-7.677265155355993,0.01983496199782845,-0.7871169019182063,0.013821,0.013794,0.10133912414042798,1.3029315960912025,1.3029315960912025,0.10133912414042798,TECHNICAL_EXIT,"時間 + 收益 (20分, PnL: -0.85 USDT)",20,1201,UNKNOWN,0.0,1.0,,0.0,,PAPER_1777684564020_12,0.0002
T000012,2026-05-02 09:16:04,2026-05-02 09:16:04,LABUSDT,LONG,10,77.83312577833127,1.2848,,100.0,10.0,,,,0,,,,,,,,,,,,UNKNOWN,0.0,1.0,,0.0,0.0,PAPER_1777684564764_13,0.0002
T000013,2026-05-02 09:16:04,2026-05-02 09:16:56,LABUSDT,LONG,10,77.83312577833127,1.2848,1.2451,96.91002490660027,10.0,-3.0899750933997394,-30.899750933997396,-30.899750933997396,0.019382004981320054,-3.1093570983810594,1.2848,1.2795,0.0,3.603673723536738,3.603673723536738,0.0,STOP_LOSS,固定止損 (PnL: -3.60 USDT),0,51,UNKNOWN,0.0,1.0,,0.0,,PAPER_1777684616137_14,0.0002
T000014,2026-05-02 09:16:56,2026-05-02 09:16:56,NFPUSDT,LONG,10,5760.36866359447,0.01736,,100.0,10.0,,,,0,,,,,,,,,,,,UNKNOWN,0.0,1.0,,0.0,0.0,PAPER_1777684616835_15,0.0002
T000015,2026-05-02 09:16:56,2026-05-02 09:21:37,NFPUSDT,LONG,10,5760.36866359447,0.01736,0.01766,101.72811059907832,10.0,1.7281105990783303,17.281105990783303,17.281105990783303,0.020345622119815665,1.7077649769585146,0.01781,0.01735,2.592165898617506,0.1152073732718847,0.1152073732718847,2.592165898617506,TRAILING_STOP,"移動止損 (最高25.9% → 當前17.3%, 回撤 8.6%)",4,280,UNKNOWN,0.0,1.0,,0.0,,PAPER_1777684897763_16,0.0002
T000016,2026-05-02 09:21:38,2026-05-02 09:21:38,LUMIAUSDT,LONG,10,577.634011090573,0.17312,,100.0,10.0,,,,0,,,,,,,,,,,,UNKNOWN,0.0,1.0,,0.0,0.0,PAPER_1777684898722_17,0.0002
T000017,2026-05-02 09:06:29,2026-05-02 09:23:21,UBUSDT,LONG,10,780.8839606434483,0.12782,0.1308,102.13962205216303,9.981258784944554,2.327034202717484,23.314035362228218,23.314035362228218,0.020427924410432608,2.3066062783070516,0.13289,0.12768,3.9590816804622975,1.124472903326563,1.124472903326563,3.9590816804622975,TRAILING_STOP,"移動止損 (最高39.7% → 當前23.3%, 回撤 16.4%)",16,1011,UNKNOWN,0.0,1.0,,0.0,,PAPER_1777685001794_18,0.0002
T000018,2026-05-02 09:24:16,2026-05-02 09:24:16,ONUSDT,LONG,10,699.7410957945559,0.14209,,99.42621230144844,9.942621230144844,,,,0,,,,,,,,,,,,UNKNOWN,0.0,1.0,,0.0,0.0,PAPER_1777685056874_19,0.0002
T000019,2026-05-02 09:14:30,2026-05-02 09:34:39,BUSDT,LONG,10,306.9367710251688,0.3255,0.3204,98.34254143646409,9.990791896869245,-1.565377532228359,-15.668202764976938,-15.668202764976938,0.01966850828729282,-1.5850460405156517,0.3294,0.3254,1.1970534069981629,1.565377532228359,1.565377532228359,1.1970534069981629,TECHNICAL_EXIT,"時間 + 收益 (20分, PnL: -1.57 USDT)",20,1208,UNKNOWN,0.0,1.0,,0.0,,PAPER_1777685679430_20,0.0002
T000020,2026-05-02 09:34:40,2026-05-02 09:34:40,UBUSDT,LONG,10,759.8784194528876,0.13152,,99.93920972644376,9.993920972644377,,,,0,,,,,,,,,,,,UNKNOWN,0.0,1.0,,0.0,0.0,PAPER_1777685680067_21,0.0002
T000021,2026-05-02 09:34:40,2026-05-02 09:39:34,UBUSDT,LONG,10,759.8784194528876,0.13152,0.12694,96.45896656534954,9.993920972644377,-3.4802431610942257,-34.82360097323602,-34.82360097323602,0.01929179331306991,-3.4995349544072956,0.13168,0.13139,0.12158054711245705,3.2446808510638268,3.2446808510638268,0.12158054711245705,STOP_LOSS,固定止損 (PnL: -3.24 USDT),4,294,UNKNOWN,0.0,1.0,,0.0,,PAPER_1777685974704_22,0.0002
T000022,2026-05-02 09:21:38,2026-05-02 09:41:44,LUMIAUSDT,LONG,10,577.634011090573,0.17312,0.17234,99.54944547134936,10.0,-0.45055452865064866,-4.505545286506487,-4.505545286506487,0.019909889094269873,-0.47046441774491854,0.17379,0.17304,0.3870147874306862,1.0686229205175546,1.0686229205175546,0.3870147874306862,TECHNICAL_EXIT,"時間 + 收益 (20分, PnL: -0.44 USDT)",20,1205,UNKNOWN,0.0,1.0,,0.0,,PAPER_1777686104625_23,0.0002
T000023,2026-05-02 09:41:45,2026-05-02 09:41:45,TAGUSDT,LONG,10,119175.30687641521,0.0008391,,100.0,10.0,,,,0,,,,,,,,,,,,UNKNOWN,0.0,1.0,,0.0,0.0,PAPER_1777686105264_24,0.0002
T000024,2026-05-02 09:42:38,2026-05-02 09:42:38,UBUSDT,LONG,10,773.6943907156673,0.12929,,100.03094777562862,10.003094777562861,,,,0,,,,,,,,,,,,UNKNOWN,0.0,1.0,,0.0,0.0,PAPER_1777686158887_25,0.0002
T000025,2026-05-02 09:24:16,2026-05-02 09:44:24,ONUSDT,LONG,10,699.7410957945559,0.14209,0.14299,100.05597928766356,9.942621230144844,0.6297669862151086,6.334013653318403,6.334013653318403,0.020011195857532714,0.6097557903575759,0.14303,0.14195,0.65775663004688,0.447834301308517,0.447834301308517,0.65775663004688,TECHNICAL_EXIT,"時間 + 收益 (20分, PnL: 0.63 USDT)",20,1207,UNKNOWN,0.0,1.0,,0.0,,PAPER_1777686264216_26,0.0002
T000026,2026-05-02 09:44:58,2026-05-02 09:44:58,NFPUSDT,LONG,10,5868.544600938967,0.01703,,99.94131455399061,9.99413145539906,,,,0,,,,,,,,,,,,UNKNOWN,0.0,1.0,,0.0,0.0,PAPER_1777686298219_27,0.0002
T000027,2026-05-02 09:42:38,2026-05-02 09:45:08,UBUSDT,LONG,10,773.6943907156673,0.12929,0.13085,101.23791102514505,10.003094777562861,1.2069632495164455,12.065898368009947,12.065898368009947,0.02024758220502901,1.1867156673114165,0.13214,0.12929,2.2050290135396664,0.0,0.0,2.2050290135396664,TRAILING_STOP,"移動止損 (最高22.0% → 當前12.1%, 回撤 10.0%)",2,149,UNKNOWN,0.0,1.0,,0.0,,PAPER_1777686308609_28,0.0002
T000028,2026-05-02 09:48:42,2026-05-02 09:48:42,BABYUSDT,LONG,10,5681.818181818181,0.01761,,100.05681818181817,10.005681818181817,,,,0,,,,,,,,,,,,UNKNOWN,0.0,1.0,,0.0,0.0,PAPER_1777686522570_29,0.0002
T000029,2026-05-02 09:48:42,2026-05-02 10:01:24,BABYUSDT,LONG,10,5681.818181818181,0.01761,0.01676,95.22727272727272,10.005681818181817,-4.829545454545454,-48.26802952867689,-48.26802952867689,0.019045454545454546,-4.848590909090909,0.01764,0.01753,0.17045454545453848,4.829545454545454,4.829545454545454,0.17045454545453848,STOP_LOSS,固定止損 (PnL: -4.83 USDT),12,761,UNKNOWN,0.0,1.0,,0.0,,PAPER_1777687284008_30,0.0002
T000030,2026-05-02 10:01:24,2026-05-02 10:01:24,BUSDT,LONG,10,304.41400304414003,0.3287,,100.06088280060882,10.006088280060883,,,,0,,,,,,,,,,,,UNKNOWN,0.0,1.0,,0.0,0.0,PAPER_1777687284627_31,0.0002
T000031,2026-05-02 09:41:45,2026-05-02 10:01:55,TAGUSDT,LONG,10,119175.30687641521,0.0008391,0.0008387,99.95232987724943,10.0,-0.04767012275056724,-0.4767012275056724,-0.4767012275056724,0.019990465975449886,-0.06766058872601713,0.0008506,0.0008383,1.370516029078776,0.7508044333214147,0.7508044333214147,1.370516029078776,TECHNICAL_EXIT,"時間 + 收益 (20分, PnL: -0.05 USDT)",20,1209,UNKNOWN,0.0,1.0,,0.0,,PAPER_1777687315219_32,0.0002
T000032,2026-05-02 10:01:55,2026-05-02 10:01:55,ONUSDT,LONG,10,690.894016857814,0.14474,,100.0,10.0,,,,0,,,,,,,,,,,,UNKNOWN,0.0,1.0,,0.0,0.0,PAPER_1777687315832_33,0.0002
T000033,2026-05-02 09:44:58,2026-05-02 10:05:05,NFPUSDT,LONG,10,5868.544600938967,0.01703,0.01686,98.94366197183099,9.99413145539906,-0.9976525821596245,-9.982384028185557,-9.982384028185557,0.0197887323943662,-1.0174413145539907,0.01721,0.01702,1.0563380281690118,1.467136150234743,1.467136150234743,1.0563380281690118,TECHNICAL_EXIT,"時間 + 收益 (20分, PnL: -1.00 USDT)",20,1207,UNKNOWN,0.0,1.0,,0.0,,PAPER_1777687505548_34,0.0002
T000034,2026-05-02 10:05:07,2026-05-02 10:05:07,TAGUSDT,LONG,10,117384.66956215518,0.0008509,,99.88261533043784,9.988261533043785,,,,0,,,,,,,,,,,,UNKNOWN,0.0,1.0,,0.0,0.0,PAPER_1777687507922_35,0.0002
T000035,2026-05-02 10:01:24,2026-05-02 10:08:36,BUSDT,LONG,10,304.41400304414003,0.3287,0.3334,101.49162861491628,10.006088280060883,1.4307458143074527,14.298752662001771,14.298752662001771,0.020298325722983256,1.4104474885844696,0.337,0.3286,2.526636225266371,1.156773211567723,1.156773211567723,2.526636225266371,TRAILING_STOP,"移動止損 (最高25.3% → 當前14.3%, 回撤 11.0%)",7,431,UNKNOWN,0.0,1.0,,0.0,,PAPER_1777687716249_36,0.0002
T000036,2026-05-02 10:11:41,2026-05-02 10:11:41,BUSDT,LONG,10,305.5300947143294,0.3275,,100.06110601894288,10.006110601894289,,,,0,,,,,,,,,,,,UNKNOWN,0.0,1.0,,0.0,0.0,PAPER_1777687901361_37,0.0002
T000037,2026-05-02 10:01:55,2026-05-02 10:22:06,ONUSDT,LONG,10,690.894016857814,0.14474,0.14417,99.60619041039104,10.0,-0.3938095896089643,-3.9380958960896426,-3.9380958960896426,0.01992123808207821,-0.41373082769104247,0.14617,0.14448,0.9879784441066649,2.3835843581594642,2.3835843581594642,0.9879784441066649,TECHNICAL_EXIT,"時間 + 收益 (20分, PnL: -0.39 USDT)",20,1210,UNKNOWN,0.0,1.0,,0.0,,PAPER_1777688526096_38,0.0002
T000038,2026-05-02 10:22:06,2026-05-02 10:22:06,UBUSDT,LONG,10,772.2007722007721,0.12963,,100.10038610038609,10.01003861003861,,,,0,,,,,,,,,,,,UNKNOWN,0.0,1.0,,0.0,0.0,PAPER_1777688526819_39,0.0002
T000039,2026-05-02 10:05:07,2026-05-02 10:25:17,TAGUSDT,LONG,10,117384.66956215518,0.0008509,0.0008327,97.74621434440662,9.988261533043785,-2.136400986031225,-21.389117405100492,-21.389117405100492,0.019549242868881326,-2.1559502289001067,0.000854,0.0008505,0.3638924756426835,2.53550886254255,2.53550886254255,0.3638924756426835,TECHNICAL_EXIT,"時間 + 收益 (20分, PnL: -2.11 USDT)",20,1209,UNKNOWN,0.0,1.0,,0.0,,PAPER_1777688717448_40,0.0002
T000040,2026-05-02 10:25:18,2026-05-02 10:25:18,ONUSDT,LONG,10,694.589150517469,0.14416,,100.13197193859833,10.013197193859833,,,,0,,,,,,,,,,,,UNKNOWN,0.0,1.0,,0.0,0.0,PAPER_1777688718321_41,0.0002
T000041,2026-05-02 10:11:41,2026-05-02 10:28:49,BUSDT,LONG,10,305.5300947143294,0.3275,0.3305,100.97769630308586,10.006110601894289,0.9165902841429889,9.160305343511457,9.160305343511457,0.020195539260617172,0.8963947448823718,0.3325,0.3267,1.5276504735716483,1.191567369385889,1.191567369385889,1.5276504735716483,TRAILING_STOP,"移動止損 (最高15.3% → 當前10.1%, 回撤 5.2%)",17,1027,UNKNOWN,0.0,1.0,,0.0,,PAPER_1777688929241_42,0.0002
T000042,2026-05-02 10:28:50,2026-05-02 10:28:50,BLESSUSDT,LONG,10,13827.433628318584,0.007246,,100.19358407079646,10.019358407079647,,,,0,,,,,,,,,,,,UNKNOWN,0.0,1.0,,0.0,0.0,PAPER_1777688930008_43,0.0002
T000043,2026-05-02 10:22:06,2026-05-02 10:32:54,UBUSDT,LONG,10,772.2007722007721,0.12963,0.13096,101.1274131274131,10.01003861003861,1.0270270270270252,10.259970685798022,10.259970685798022,0.020225482625482624,1.0068015444015426,0.13171,0.12955,1.606177606177605,1.3359073359073215,1.3359073359073215,1.606177606177605,TRAILING_STOP,"移動止損 (最高16.0% → 當前10.3%, 回撤 5.8%)",10,647,UNKNOWN,0.0,1.0,,0.0,,PAPER_1777689174345_44,0.0002
T000044,2026-05-02 10:32:56,2026-05-02 10:32:56,BUSDT,LONG,10,299.8500749625187,0.3335,,100.0,10.0,,,,0,,,,,,,,,,,,UNKNOWN,0.0,1.0,,0.0,0.0,PAPER_1777689176834_45,0.0002
T000045,2026-05-02 10:32:56,2026-05-02 10:39:43,BUSDT,LONG,10,299.8500749625187,0.3335,0.3465,103.89805097451273,10.0,3.89805097451273,38.9805097451273,38.9805097451273,0.020779610194902546,3.8772713643178274,0.3531,0.3334,5.877061469265368,0.6296851574213032,0.6296851574213032,5.877061469265368,TRAILING_STOP,"移動止損 (最高58.8% → 當前39.0%, 回撤 19.8%)",6,406,UNKNOWN,0.0,1.0,,0.0,,PAPER_1777689583087_46,0.0002
T000046,2026-05-02 10:39:43,2026-05-02 10:39:43,UBUSDT,LONG,10,762.1370322383965,0.13124,,100.02286411096715,10.002286411096716,,,,0,,,,,,,,,,,,UNKNOWN,0.0,1.0,,0.0,0.0,PAPER_1777689583900_47,0.0002
T000047,2026-05-02 10:39:43,2026-05-02 10:43:24,UBUSDT,LONG,10,762.1370322383965,0.13124,0.13439,102.42359576251812,10.002286411096716,2.4007316515509594,24.001828710759018,24.001828710759018,0.020484719152503626,2.380246932398456,0.1363,0.13095,3.8564133831262932,0.4953890709549455,0.4953890709549455,3.8564133831262932,TRAILING_STOP,"移動止損 (最高38.6% → 當前23.7%, 回撤 14.9%)",3,220,UNKNOWN,0.0,1.0,,0.0,,PAPER_1777689804507_48,0.0002
T000048,2026-05-02 10:43:25,2026-05-02 10:43:25,BUSDT,LONG,10,291.71528588098016,0.3424,,99.8833138856476,9.98833138856476,,,,0,,,,,,,,,,,,UNKNOWN,0.0,1.0,,0.0,0.0,PAPER_1777689805245_49,0.0002
T000049,2026-05-02 10:25:18,2026-05-02 10:45:20,ONUSDT,LONG,10,694.589150517469,0.14416,0.14436,100.2708897687018,10.013197193859833,0.1389178301034785,1.3873473917867507,1.3873473917867507,0.020054177953740364,0.11886365214973812,0.14448,0.14385,0.22226852816558101,1.7295269847885115,1.7295269847885115,0.22226852816558101,TECHNICAL_EXIT,"時間 + 收益 (20分, PnL: 0.10 USDT)",20,1202,UNKNOWN,0.0,1.0,,0.0,,PAPER_1777689920514_50,0.0002
T000050,2026-05-02 10:45:21,2026-05-02 10:45:21,LABUSDT,LONG,10,81.35372600065082,1.2266,,99.78848031239829,9.97884803123983,,,,0,,,,,,,,,,,,UNKNOWN,0.0,1.0,,0.0,0.0,PAPER_1777689921221_51,0.0002
T000051,2026-05-02 10:28:50,2026-05-02 10:48:52,BLESSUSDT,LONG,10,13827.433628318584,0.007246,0.007109,98.29922566371681,10.019358407079647,-1.8943584070796455,-18.906983163124476,-18.906983163124476,0.019659845132743364,-1.914018252212389,0.007303,0.007229,0.788163716814156,2.4474557522123903,2.4474557522123903,0.788163716814156,TECHNICAL_EXIT,"時間 + 收益 (20分, PnL: -1.89 USDT)",20,1202,UNKNOWN,0.0,1.0,,0.0,,PAPER_1777690132405_52,0.0002
T000052,2026-05-02 10:48:53,2026-05-02 10:48:53,UBUSDT,LONG,10,743.8262421898245,0.13462,,100.13388872359417,10.013388872359418,,,,0,,,,,,,,,,,,UNKNOWN,0.0,1.0,,0.0,0.0,PAPER_1777690133062_53,0.0002
T000053,2026-05-02 10:43:25,2026-05-02 10:53:57,BUSDT,LONG,10,291.71528588098016,0.3424,0.3459,100.90431738623103,9.98833138856476,1.0210035005834315,10.22196261682244,10.22196261682244,0.020180863477246208,1.0008226371061852,0.3478,0.3392,1.5752625437572976,1.5169194865810918,1.5169194865810918,1.5752625437572976,TRAILING_STOP,"移動止損 (最高15.8% → 當前10.2%, 回撤 5.5%)",10,632,UNKNOWN,0.0,1.0,,0.0,,PAPER_1777690437980_54,0.0002
T000054,2026-05-02 10:53:58,2026-05-02 10:53:58,ONUSDT,LONG,10,685.5889208830386,0.14579,,99.95200877553819,9.995200877553819,,,,0,,,,,,,,,,,,UNKNOWN,0.0,1.0,,0.0,0.0,PAPER_1777690438619_55,0.0002
T000055,2026-05-02 10:48:53,2026-05-02 10:58:19,UBUSDT,LONG,10,743.8262421898245,0.13462,0.13749,102.26867003867896,10.013388872359418,2.1347813150848047,21.31926905363253,21.31926905363253,0.020453734007735792,2.114327581077069,0.13946,0.13452,3.6001190121987587,1.4876524843796504,1.4876524843796504,3.6001190121987587,TRAILING_STOP,"移動止損 (最高36.0% → 當前23.7%, 回撤 12.3%)",9,565,UNKNOWN,0.0,1.0,,0.0,,PAPER_1777690699052_56,0.0002
T000056,2026-05-02 10:58:19,2026-05-02 10:58:19,BUSDT,LONG,10,289.1844997108155,0.3465,,100.20242914979755,10.020242914979756,,,,0,,,,,,,,,,,,UNKNOWN,0.0,1.0,,0.0,0.0,PAPER_1777690699899_57,0.0002
T000057,2026-05-02 10:53:58,2026-05-02 11:06:34,ONUSDT,LONG,10,685.5889208830386,0.14579,0.14913,102.24187577128755,9.995200877553819,2.2898669957493554,22.909664586048493,22.909664586048493,0.02044837515425751,2.269418620595098,0.15164,0.14575,4.010695187165772,0.02742355683532994,0.02742355683532994,4.010695187165772,TRAILING_STOP,"移動止損 (最高40.1% → 當前24.7%, 回撤 15.4%)",12,755,UNKNOWN,0.0,1.0,,0.0,,PAPER_1777691194589_58,0.0002
T000058,2026-05-02 11:06:35,2026-05-02 11:06:35,UBUSDT,LONG,10,732.4397568300006,0.1369,,100.27100271002709,10.027100271002709,,,,0,,,,,,,,,,,,UNKNOWN,0.0,1.0,,0.0,0.0,PAPER_1777691195198_59,0.0002
T000059,2026-05-02 10:45:21,2026-05-02 11:10:35,LABUSDT,LONG,10,81.35372600065082,1.2266,1.2657,102.96941099902375,9.97884803123983,3.1809306866254583,31.8767324311105,31.8767324311105,0.02059388219980475,3.1603368044256537,1.2851,1.2265,4.759192971038073,0.6752359258053997,0.6752359258053997,4.759192971038073,TRAILING_STOP,"移動止損 (最高47.7% → 當前23.9%, 回撤 23.8%)",25,1514,UNKNOWN,0.0,1.0,,0.0,,PAPER_1777691435274_60,0.0002
T000060,2026-05-02 11:10:36,2026-05-02 11:10:36,ONUSDT,LONG,10,654.5787785559993,0.15261,,99.89526739543105,9.989526739543106,,,,0,,,,,,,,,,,,UNKNOWN,0.0,1.0,,0.0,0.0,PAPER_1777691436004_61,0.0002
T000061,2026-05-02 10:58:19,2026-05-02 11:18:27,BUSDT,LONG,10,289.1844997108155,0.3465,0.3467,100.26026604973973,10.020242914979756,0.05783689994217278,0.5772005772006739,0.5772005772006739,0.020052053209947945,0.03778484673222483,0.3501,0.3461,1.0410641989589495,1.5905147484094706,1.5905147484094706,1.0410641989589495,TECHNICAL_EXIT,"時間 + 收益 (20分, PnL: -0.14 USDT)",20,1207,UNKNOWN,0.0,1.0,,0.0,,PAPER_1777691907048_62,0.0002
T000062,2026-05-02 11:18:27,2026-05-02 11:18:27,LABUSDT,LONG,10,76.77543186180422,1.301,,99.88483685220729,9.988483685220729,,,,0,,,,,,,,,,,,UNKNOWN,0.0,1.0,,0.0,0.0,PAPER_1777691907785_63,0.0002
T000063,2026-05-02 11:10:36,2026-05-02 11:18:48,ONUSDT,LONG,10,654.5787785559993,0.15261,0.1568,102.63795247758068,9.989526739543106,2.7426850821496367,27.455605792543082,27.455605792543082,0.020527590495516137,2.7221574916541207,0.15884,0.15117,4.078025790403884,1.1847875891863626,1.1847875891863626,4.078025790403884,TRAILING_STOP,"移動止損 (最高40.8% → 當前26.3%, 回撤 14.5%)",8,492,UNKNOWN,0.0,1.0,,0.0,,PAPER_1777691928238_64,0.0002
T000064,2026-05-02 11:18:49,2026-05-02 11:18:49,IRYSUSDT,LONG,10,2384.9272597185786,0.04193,,100.0,10.0,,,,0,,,,,,,,,,,,UNKNOWN,0.0,1.0,,0.0,0.0,PAPER_1777691929038_65,0.0002
T000065,2026-05-02 11:18:27,2026-05-02 11:24:12,LABUSDT,LONG,10,76.77543186180422,1.301,1.3176,101.15930902111324,9.988483685220729,1.274472168905963,12.759415833973996,12.759415833973996,0.02023186180422265,1.2542403071017403,1.3234,1.2992,1.7197696737044126,0.1765834932821473,0.1765834932821473,1.7197696737044126,TRAILING_STOP,"移動止損 (最高17.2% → 當前11.1%, 回撤 6.1%)",5,344,UNKNOWN,0.0,1.0,,0.0,,PAPER_1777692252156_66,0.0002
T000066,2026-05-02 11:24:14,2026-05-02 11:24:14,BUSDT,LONG,10,291.6302128900554,0.3424,,99.85418489355497,9.985418489355498,,,,0,,,,,,,,,,,,UNKNOWN,0.0,1.0,,0.0,0.0,PAPER_1777692254560_67,0.0002
T000067,2026-05-02 11:06:35,2026-05-02 11:26:37,UBUSDT,LONG,10,732.4397568300006,0.1369,0.13754,100.73976415439829,10.027100271002709,0.46876144437120165,4.674945215485769,4.674945215485769,0.020147952830879657,0.448613491540322,0.13859,0.1364,1.237823189042699,1.3696623452720886,1.3696623452720886,1.237823189042699,TECHNICAL_EXIT,"時間 + 收益 (20分, PnL: 0.47 USDT)",20,1202,UNKNOWN,0.0,1.0,,0.0,,PAPER_1777692397973_68,0.0002
T000068,2026-05-02 11:26:38,2026-05-02 11:26:38,ONUSDT,LONG,10,656.1679790026246,0.15235,,99.96719160104988,9.996719160104988,,,,0,,,,,,,,,,,,UNKNOWN,0.0,1.0,,0.0,0.0,PAPER_1777692398732_69,0.0002
T000069,2026-05-02 11:26:38,2026-05-02 11:29:13,ONUSDT,LONG,10,656.1679790026246,0.15235,0.14716,96.56167979002625,9.996719160104988,-3.4055118110236218,-34.06629471611421,-34.06629471611421,0.01931233595800525,-3.424824146981627,0.15374,0.15215,0.9120734908136315,3.4055118110236218,3.4055118110236218,0.9120734908136315,STOP_LOSS,固定止損 (PnL: -3.41 USDT),2,155,UNKNOWN,0.0,1.0,,0.0,,PAPER_1777692553846_70,0.0002
T000070,2026-05-02 11:29:14,2026-05-02 11:29:14,LABUSDT,LONG,10,75.55723460521345,1.3238,,100.02266717038158,10.002266717038157,,,,0,,,,,,,,,,,,UNKNOWN,0.0,1.0,,0.0,0.0,PAPER_1777692554524_71,0.0002
T000071,2026-05-02 11:29:14,2026-05-02 11:29:24,LABUSDT,LONG,10,75.55723460521345,1.3238,1.3685,103.40007555723462,10.002266717038157,3.3774083868530385,33.76642997431633,33.76642997431633,0.020680015111446924,3.3567283717415917,1.3685,1.3238,3.3774083868530385,0.0,0.0,3.3774083868530385,TECHNICAL_EXIT,價格偏離 (12.9% > 10.0%),0,10,UNKNOWN,0.0,1.0,,0.0,,PAPER_1777692564670_72,0.0002
T000072,2026-05-02 11:29:25,2026-05-02 11:29:25,B2USDT,LONG,10,149.47683109118086,0.6695,,100.07473841554558,10.007473841554559,,,,0,,,,,,,,,,,,UNKNOWN,0.0,1.0,,0.0,0.0,PAPER_1777692565317_73,0.0002
T000073,2026-05-02 11:18:49,2026-05-02 11:38:58,IRYSUSDT,LONG,10,2384.9272597185786,0.04193,0.04126,98.40209873598855,10.0,-1.597901264011457,-15.97901264011457,-15.97901264011457,0.01968041974719771,-1.6175816837586547,0.04244,0.04192,1.216312902456467,1.597901264011457,1.597901264011457,1.216312902456467,TECHNICAL_EXIT,"時間 + 收益 (20分, PnL: -1.60 USDT)",20,1209,UNKNOWN,0.0,1.0,,0.0,,PAPER_1777693138432_74,0.0002
T000074,2026-05-02 11:38:59,2026-05-02 11:38:59,UBUSDT,LONG,10,706.9136151562279,0.1415,,100.02827654460624,10.002827654460624,,,,0,,,,,,,,,,,,UNKNOWN,0.0,1.0,,0.0,0.0,PAPER_1777693139048_75,0.0002
T000075,2026-05-02 11:24:14,2026-05-02 11:39:30,BUSDT,LONG,10,291.6302128900554,0.3424,0.351,102.36220472440945,9.985418489355498,2.5080198308544754,25.11682242990653,25.11682242990653,0.020472440944881893,2.4875473899095937,0.3553,0.3423,3.7620297462817214,0.14581510644502785,0.14581510644502785,3.7620297462817214,TRAILING_STOP,"移動止損 (最高37.7% → 當前25.1%, 回撤 12.6%)",15,916,UNKNOWN,0.0,1.0,,0.0,,PAPER_1777693170873_76,0.0002
T000076,2026-05-02 11:39:31,2026-05-02 11:39:31,LABUSDT,LONG,10,72.6797005596337,1.3734,,99.81830074860092,9.981830074860092,,,,0,,,,,,,,,,,,UNKNOWN,0.0,1.0,,0.0,0.0,PAPER_1777693171473_77,0.0002
T000077,2026-05-02 11:39:31,2026-05-02 11:39:42,LABUSDT,LONG,10,72.6797005596337,1.3734,1.3772,100.09448361072754,9.981830074860092,0.2761828621266099,2.7668559778651707,2.7668559778651707,0.020018896722145508,0.2561639654044644,1.3825,1.3734,0.6613852750926745,0.0,0.0,0.6613852750926745,TECHNICAL_EXIT,價格偏離 (12.2% > 10.0%),0,10,UNKNOWN,0.0,1.0,,0.0,,PAPER_1777693182005_78,0.0002
T000078,2026-05-02 11:39:42,2026-05-02 11:39:42,ONUSDT,LONG,10,665.6460094521733,0.15016,,99.95340477933833,9.995340477933834,,,,0,,,,,,,,,,,,UNKNOWN,0.0,1.0,,0.0,0.0,PAPER_1777693182558_79,0.0002
T000079,2026-05-02 11:29:25,2026-05-02 11:46:18,B2USDT,LONG,10,149.47683109118086,0.6695,0.6824,102.00298953662181,10.007473841554559,1.9282511210762363,19.268110530246485,19.268110530246485,0.020400597907324364,1.907850523168912,0.6869,0.6683,2.6008968609865426,1.6292974588938745,1.6292974588938745,2.6008968609865426,TRAILING_STOP,"移動止損 (最高26.0% → 當前16.7%, 回撤 9.3%)",16,1013,UNKNOWN,0.0,1.0,,0.0,,PAPER_1777693578711_80,0.0002
T000080,2026-05-02 11:46:19,2026-05-02 11:46:19,BUSDT,LONG,10,284.2524161455372,0.3518,,99.99999999999999,9.999999999999998,,,,0,,,,,,,,,,,,UNKNOWN,0.0,1.0,,0.0,0.0,PAPER_1777693579417_81,0.0002
T000081,2026-05-02 11:38:59,2026-05-02 11:50:28,UBUSDT,LONG,10,706.9136151562279,0.1415,0.14363,101.53400254488902,10.002827654460624,1.5057260002827801,15.053003533569054,15.053003533569054,0.020306800508977804,1.4854191997738024,0.1445,0.14143,2.120740845468686,0.6574296620952823,0.6574296620952823,2.120740845468686,TRAILING_STOP,"移動止損 (最高21.2% → 當前13.3%, 回撤 7.9%)",11,689,UNKNOWN,0.0,1.0,,0.0,,PAPER_1777693828622_82,0.0002
T000082,2026-05-02 11:50:29,2026-05-02 11:50:29,LABUSDT,LONG,10,69.82752601075345,1.436,,100.27232735144194,10.027232735144194,,,,0,,,,,,,,,,,,UNKNOWN,0.0,1.0,,0.0,0.0,PAPER_1777693829291_83,0.0002
T000083,2026-05-02 11:50:29,2026-05-02 11:50:39,LABUSDT,LONG,10,69.82752601075345,1.436,1.4338,100.11870679421828,10.027232735144194,-0.15362055722365617,-1.53203342618383,-1.53203342618383,0.020023741358843657,-0.17364429858249983,1.436,1.434,0.0,0.13965505202150702,0.13965505202150702,0.0,TECHNICAL_EXIT,價格偏離 (12.0% > 10.0%),0,10,UNKNOWN,0.0,1.0,,0.0,,PAPER_1777693839775_84,0.0002
T000084,2026-05-02 11:50:40,2026-05-02 11:50:40,B2USDT,LONG,10,145.94279042615295,0.6874,,100.32107413893755,10.032107413893755,,,,0,,,,,,,,,,,,UNKNOWN,0.0,1.0,,0.0,0.0,PAPER_1777693840362_85,0.0002
T000085,2026-05-02 11:39:42,2026-05-02 11:54:49,ONUSDT,LONG,10,665.6460094521733,0.15016,0.15241,101.45110830060572,9.995340477933834,1.4977035212673913,14.984017048481634,14.984017048481634,0.020290221660121146,1.4774132996072702,0.15312,0.15006,1.970312187978445,1.2114757372029477,1.2114757372029477,1.970312187978445,TRAILING_STOP,"移動止損 (最高19.7% → 當前11.9%, 回撤 7.8%)",15,907,UNKNOWN,0.0,1.0,,0.0,,PAPER_1777694089756_86,0.0002
T000086,2026-05-02 11:54:50,2026-05-02 11:54:50,UBUSDT,LONG,10,689.27488282327,0.14485,,99.84146677695067,9.984146677695067,,,,0,,,,,,,,,,,,UNKNOWN,0.0,1.0,,0.0,0.0,PAPER_1777694090439_87,0.0002
T000087,2026-05-02 11:54:50,2026-05-02 11:56:35,UBUSDT,LONG,10,689.27488282327,0.14485,0.14726,101.50261924455474,9.984146677695067,1.6611524676040776,16.63790127718326,16.63790127718326,0.02030052384891095,1.6408519437551667,0.14903,0.14485,2.881169010201261,0.0,0.0,2.881169010201261,TRAILING_STOP,"移動止損 (最高28.9% → 當前17.5%, 回撤 11.3%)",1,105,UNKNOWN,0.0,1.0,,0.0,,PAPER_1777694195454_88,0.0002
T000088,2026-05-02 11:56:36,2026-05-02 11:56:36,LABUSDT,LONG,10,69.64758322886196,1.4345,,99.90945814180249,9.990945814180249,,,,0,,,,,,,,,,,,UNKNOWN,0.0,1.0,,0.0,0.0,PAPER_1777694196086_89,0.0002
T000089,2026-05-02 11:56:36,2026-05-02 11:56:45,LABUSDT,LONG,10,69.64758322886196,1.4345,1.4338,99.86070483354227,9.990945814180249,-0.04875330826021347,-0.48797490414788774,-0.48797490414788774,0.019972140966708456,-0.06872544922692192,1.4345,1.4338,0.0,0.04875330826021347,0.04875330826021347,0.0,TECHNICAL_EXIT,價格偏離 (10.7% > 10.0%),0,9,UNKNOWN,0.0,1.0,,0.0,,PAPER_1777694205566_90,0.0002
T000090,2026-05-02 11:57:07,2026-05-02 11:57:07,IRYSUSDT,LONG,10,2413.127413127413,0.04149,,100.12065637065636,10.012065637065636,,,,0,,,,,,,,,,,,UNKNOWN,0.0,1.0,,0.0,0.0,PAPER_1777694227302_91,0.0002
T000091,2026-05-02 11:46:19,2026-05-02 11:58:00,BUSDT,LONG,10,284.2524161455372,0.3518,0.338,96.07731665719159,9.999999999999998,-3.9226833428084076,-39.226833428084085,-39.226833428084085,0.01921546333143832,-3.941898806139846,0.3554,0.3515,1.0233086981239317,3.7237066515065376,3.7237066515065376,1.0233086981239317,STOP_LOSS,固定止損 (PnL: -3.72 USDT),11,700,UNKNOWN,0.0,1.0,,0.0,,PAPER_1777694280216_92,0.0002
T000092,2026-05-02 11:58:00,2026-05-02 11:58:00,ONUSDT,LONG,10,657.1165724799579,0.15225,,100.04599816007358,10.004599816007358,,,,0,,,,,,,,,,,,UNKNOWN,0.0,1.0,,0.0,0.0,PAPER_1777694280796_93,0.0002
T000093,2026-05-02 11:50:40,2026-05-02 12:02:00,B2USDT,LONG,10,145.94279042615295,0.6874,0.7299,106.52364273204904,10.032107413893755,6.202568593111498,61.82717486179805,61.82717486179805,0.021304728546409808,6.181263864565088,0.7299,0.6854,6.202568593111498,0.29188558085230615,0.29188558085230615,6.202568593111498,FULL_EXIT,全數止盈 (收益率 61.8%),11,680,UNKNOWN,0.0,1.0,,0.0,,PAPER_1777694520364_94,0.0002
T000094,2026-05-02 12:02:01,2026-05-02 12:02:01,UBUSDT,LONG,10,674.3088334457182,0.14827,,99.97977073499663,9.997977073499664,,,,0,,,,,,,,,,,,UNKNOWN,0.0,1.0,,0.0,0.0,PAPER_1777694521027_95,0.0002
T000095,2026-05-02 12:02:01,2026-05-02 12:09:20,UBUSDT,LONG,10,674.3088334457182,0.14827,0.14243,96.04180714767364,9.997977073499664,-3.937963587323002,-39.38760369596015,-39.38760369596015,0.019208361429534727,-3.9571719487525367,0.14949,0.14793,0.8226567768037754,3.937963587323002,3.937963587323002,0.8226567768037754,STOP_LOSS,固定止損 (PnL: -3.94 USDT),7,439,UNKNOWN,0.0,1.0,,0.0,,PAPER_1777694960958_96,0.0002
T000096,2026-05-02 12:09:21,2026-05-02 12:09:21,BUSDT,LONG,10,288.18443804034587,0.3476,,100.17291066282424,10.017291066282423,,,,0,,,,,,,,,,,,UNKNOWN,0.0,1.0,,0.0,0.0,PAPER_1777694961674_97,0.0002
T000097,2026-05-02 11:57:07,2026-05-02 12:17:12,IRYSUSDT,LONG,10,2413.127413127413,0.04149,0.04156,100.28957528957528,10.012065637065636,0.1689189189189204,1.6871535309713335,1.6871535309713335,0.020057915057915057,0.14886100386100537,0.04177,0.04141,0.6756756756756817,0.41023166023165186,0.41023166023165186,0.6756756756756817,TECHNICAL_EXIT,"時間 + 收益 (20分, PnL: 0.17 USDT)",20,1204,UNKNOWN,0.0,1.0,,0.0,,PAPER_1777695432138_98,0.0002
T000098,2026-05-02 12:17:12,2026-05-02 12:17:12,UBUSDT,LONG,10,680.6888571234089,0.14671,,99.86386222857531,9.986386222857531,,,,0,,,,,,,,,,,,UNKNOWN,0.0,1.0,,0.0,0.0,PAPER_1777695432768_99,0.0002
T000099,2026-05-02 11:58:00,2026-05-02 12:18:04,ONUSDT,LONG,10,657.1165724799579,0.15225,0.15581,102.38533315810224,10.004599816007358,2.339334998028655,23.382594417077225,23.382594417077225,0.02047706663162045,2.3188579313970346,0.156,0.15221,2.464187146799844,0.9002497042975489,0.9002497042975489,2.464187146799844,TECHNICAL_EXIT,"時間 + 收益 (20分, PnL: 2.30 USDT)",20,1203,UNKNOWN,0.0,1.0,,0.0,,,0.0002
T000100,2026-05-02 12:18:05,2026-05-02 12:18:05,NFPUSDT,LONG,10,6086.427267194157,0.01643,,100.0,10.0,,,,0,,,,,,,,,,,,UNKNOWN,0.0,1.0,,0.0,0.0,,0.0002
T000101,2026-05-02 12:17:12,2026-05-02 12:18:25,UBUSDT,LONG,10,680.6888571234089,0.14671,0.14998,102.08971479136886,9.986386222857531,2.2258525627935435,22.288869197737,22.288869197737,0.020417942958273774,2.2054346198352697,0.15192,0.14671,3.546388945612955,0.0,0.0,3.546388945612955,TRAILING_STOP,"移動止損 (最高35.5% → 當前22.3%, 回撤 13.2%)",1,72,UNKNOWN,0.0,1.0,,0.0,,,0.0002
T000102,2026-05-02 12:18:25,2026-05-02 12:18:25,KNCUSDT,LONG,10,583.0903790087463,0.1712,,99.82507288629735,9.982507288629735,,,,0,,,,,,,,,,,,UNKNOWN,0.0,1.0,,0.0,0.0,,0.0002
T000103,2026-05-02 12:18:25,2026-05-02 12:18:45,KNCUSDT,LONG,10,583.0903790087463,0.1712,0.1745,101.74927113702621,9.982507288629735,1.924198250728861,19.275700934579426,19.275700934579426,0.020349854227405244,1.9038483965014559,0.1731,0.1712,1.1078717201166253,0.0,0.0,1.1078717201166253,TECHNICAL_EXIT,價格偏離 (10.2% > 10.0%),0,19,UNKNOWN,0.0,1.0,,0.0,,,0.0002
T000104,2026-05-02 12:18:46,2026-05-02 12:18:46,B2USDT,LONG,10,144.3418013856813,0.6935,,100.10103926096998,10.010103926096999,,,,0,,,,,,,,,,,,UNKNOWN,0.0,1.0,,0.0,0.0,,0.0002
T000105,2026-05-02 12:09:21,2026-05-02 12:19:58,BUSDT,LONG,10,288.18443804034587,0.3476,0.3512,101.21037463976947,10.017291066282423,1.037463976945243,10.356731875719195,10.356731875719195,0.020242074927953897,1.017221902017289,0.353,0.347,1.5561959654178563,0.7492795389049127,0.7492795389049127,1.5561959654178563,TRAILING_STOP,"移動止損 (最高15.5% → 當前10.4%, 回撤 5.2%)",10,636,UNKNOWN,0.0,1.0,,0.0,,,0.0002
T000106,2026-05-02 12:19:58,2026-05-02 12:19:58,TAGUSDT,LONG,10,121124.03100775194,0.0008258,,100.02422480620156,10.002422480620156,,,,0,,,,,,,,,,,,UNKNOWN,0.0,1.0,,0.0,0.0,,0.0002
T000107,2026-05-02 12:18:46,2026-05-02 12:21:41,B2USDT,LONG,10,144.3418013856813,0.6935,0.7089,102.32390300230946,10.010103926096999,2.2228637413394874,22.206200432588272,22.206200432588272,0.020464780600461894,2.2023989607390253,0.7235,0.6935,4.330254041570442,0.0,0.0,4.330254041570442,TRAILING_STOP,"移動止損 (最高43.3% → 當前22.2%, 回撤 21.1%)",2,175,UNKNOWN,0.0,1.0,,0.0,,,0.0002
T000108,2026-05-02 12:21:42,2026-05-02 12:21:42,UBUSDT,LONG,10,703.9774727208729,0.14157,,99.66209081309398,9.966209081309398,,,,0,,,,,,,,,,,,UNKNOWN,0.0,1.0,,0.0,0.0,,0.0002
T000109,2026-05-02 12:21:42,2026-05-02 12:22:03,UBUSDT,LONG,10,703.9774727208729,0.14157,0.13693,96.39563533966913,9.966209081309398,-3.266455473424854,-32.77530550257827,-32.77530550257827,0.019279127067933825,-3.285734600492788,0.14157,0.13987,0.0,3.266455473424854,3.266455473424854,0.0,STOP_LOSS,固定止損 (PnL: -3.27 USDT),0,21,UNKNOWN,0.0,1.0,,0.0,,,0.0002
T000110,2026-05-02 12:22:04,2026-05-02 12:22:04,ONUSDT,LONG,10,643.7077566784681,0.15535,,100.0,10.0,,,,0,,,,,,,,,,,,UNKNOWN,0.0,1.0,,0.0,0.0,,0.0002
T000111,2026-05-02 12:22:04,2026-05-02 12:24:20,ONUSDT,LONG,10,643.7077566784681,0.15535,0.15079,97.0646926295462,10.0,-2.9353073704538017,-29.35307370453802,-29.35307370453802,0.01941293852590924,-2.954720308979711,0.15535,0.1538,0.0,3.064048921789499,3.064048921789499,0.0,STOP_LOSS,固定止損 (PnL: -3.06 USDT),2,135,UNKNOWN,0.0,1.0,,0.0,,,0.0002
T000112,2026-05-02 12:24:21,2026-05-02 12:24:21,BUSDT,LONG,10,287.68699654775605,0.3481,,100.14384349827388,10.014384349827388,,,,0,,,,,,,,,,,,UNKNOWN,0.0,1.0,,0.0,0.0,,0.0002
T000113,2026-05-02 12:19:58,2026-05-02 12:27:59,TAGUSDT,LONG,10,121124.03100775194,0.0008258,0.0008351,101.15067829457364,10.002422480620156,1.1264534883720876,11.261806732865045,11.261806732865045,0.020230135658914728,1.1062233527131728,0.0008401,0.0008253,1.7320736434108488,0.6056201550387613,0.6056201550387613,1.7320736434108488,TRAILING_STOP,"移動止損 (最高17.3% → 當前11.3%, 回撤 6.1%)",8,481,UNKNOWN,0.0,1.0,,0.0,,,0.0002
T000114,2026-05-02 12:28:00,2026-05-02 12:28:00,KNCUSDT,LONG,10,560.5381165919282,0.1785,,100.05605381165918,10.005605381165918,,,,0,,,,,,,,,,,,UNKNOWN,0.0,1.0,,0.0,0.0,,0.0002
T000115,2026-05-02 12:28:00,2026-05-02 12:28:10,KNCUSDT,LONG,10,560.5381165919282,0.1785,0.1784,99.99999999999999,10.005605381165918,-0.056053811659186645,-0.5602240896357926,-0.5602240896357926,0.019999999999999997,-0.07605381165918665,0.1785,0.1784,0.0,0.056053811659186645,0.056053811659186645,0.0,TECHNICAL_EXIT,價格偏離 (11.4% > 10.0%),0,9,UNKNOWN,0.0,1.0,,0.0,,,0.0002
T000116,2026-05-02 12:29:15,2026-05-02 12:29:15,B2USDT,LONG,10,142.9388221841052,0.6951,,99.35677530017152,9.935677530017152,,,,0,,,,,,,,,,,,UNKNOWN,0.0,1.0,,0.0,0.0,,0.0002
T000117,2026-05-02 12:18:05,2026-05-02 12:33:13,NFPUSDT,LONG,10,6086.427267194157,0.01643,0.01585,96.46987218502738,10.0,-3.530127814972615,-35.30127814972615,-35.30127814972615,0.01929397443700548,-3.5494217894096205,0.01651,0.01642,0.4869141813755338,3.530127814972615,3.530127814972615,0.4869141813755338,STOP_LOSS,固定止損 (PnL: -3.53 USDT),15,908,UNKNOWN,0.0,1.0,,0.0,,,0.0002
T000118,2026-05-02 12:33:14,2026-05-02 12:33:14,KNCUSDT,LONG,10,561.7977528089888,0.1778,,99.88764044943821,9.98876404494382,,,,0,,,,,,,,,,,,UNKNOWN,0.0,1.0,,0.0,0.0,,0.0002
T000119,2026-05-02 12:33:14,2026-05-02 12:33:25,KNCUSDT,LONG,10,561.7977528089888,0.1778,0.1782,100.11235955056179,9.98876404494382,0.22471910112358637,2.249718785151764,2.249718785151764,0.02002247191011236,0.204696629213474,0.178,0.1778,0.11235955056178538,0.0,0.0,0.11235955056178538,TECHNICAL_EXIT,價格偏離 (10.2% > 10.0%),0,11,UNKNOWN,0.0,1.0,,0.0,,,0.0002
T000120,2026-05-02 12:33:26,2026-05-02 12:33:26,TAGUSDT,LONG,10,119019.28112354201,0.0008398,,99.95239228755058,9.995239228755057,,,,0,,,,,,,,,,,,UNKNOWN,0.0,1.0,,0.0,0.0,,0.0002
T000121,2026-05-02 12:29:15,2026-05-02 12:37:16,B2USDT,LONG,10,142.9388221841052,0.6951,0.7142,102.08690680388791,9.935677530017152,2.730131503716394,27.478060710688958,27.478060710688958,0.020417381360777583,2.7097141223556163,0.7327,0.6947,5.374499714122351,2.058319039451126,2.058319039451126,5.374499714122351,TRAILING_STOP,"移動止損 (最高54.1% → 當前27.5%, 回撤 26.6%)",8,480,UNKNOWN,0.0,1.0,,0.0,,,0.0002
T000122,2026-05-02 12:37:16,2026-05-02 12:37:16,KNCUSDT,LONG,10,562.4296962879639,0.1772,,99.6625421822272,9.96625421822272,,,,0,,,,,,,,,,,,UNKNOWN,0.0,1.0,,0.0,0.0,,0.0002
T000123,2026-05-02 12:24:21,2026-05-02 12:43:24,BUSDT,LONG,10,287.68699654775605,0.3481,0.3521,101.29459148446492,10.014384349827388,1.1507479861910253,11.490950876185014,11.490950876185014,0.020258918296892983,1.1304890678941322,0.3546,0.3474,1.869965477560416,1.1795166858458137,1.1795166858458137,1.869965477560416,TRAILING_STOP,"移動止損 (最高18.7% → 當前11.5%, 回撤 7.2%)",19,1142,UNKNOWN,0.0,1.0,,0.0,,,0.0002
T000124,2026-05-02 12:43:24,2026-05-02 12:43:24,B2USDT,LONG,10,140.4494382022472,0.712,,100.0,10.0,,,,0,,,,,,,,,,,,UNKNOWN,0.0,1.0,,0.0,0.0,,0.0002
T000125,2026-05-02 12:37:16,2026-05-02 12:46:20,KNCUSDT,LONG,10,562.4296962879639,0.1772,0.1794,100.89988751406072,9.96625421822272,1.2373453318335248,12.415349887133226,12.415349887133226,0.020179977502812144,1.2171653543307126,0.1808,0.176,2.0247469066366657,0.7311586051743506,0.7311586051743506,2.0247469066366657,TRAILING_STOP,"移動止損 (最高20.3% → 當前12.4%, 回撤 7.9%)",9,543,UNKNOWN,0.0,1.0,,0.0,,,0.0002
T000126,2026-05-02 12:46:32,2026-05-02 12:46:32,BUSDT,LONG,10,282.326369282891,0.3547,,100.14116318464144,10.014116318464144,,,,0,,,,,,,,,,,,UNKNOWN,0.0,1.0,,0.0,0.0,,0.0002
T000127,2026-05-02 12:43:24,2026-05-02 12:49:40,B2USDT,LONG,10,140.4494382022472,0.712,0.719,100.98314606741573,10.0,0.9831460674157312,9.831460674157313,9.831460674157313,0.02019662921348315,0.962949438202248,0.7256,0.7112,1.9101123595505698,0.4634831460674115,0.4634831460674115,1.9101123595505698,TRAILING_STOP,"移動止損 (最高19.1% → 當前11.7%, 回撤 7.4%)",6,375,UNKNOWN,0.0,1.0,,0.0,,,0.0002
T000128,2026-05-02 12:49:41,2026-05-02 12:49:41,KNCUSDT,LONG,10,570.4506560182543,0.1754,,100.05704506560181,10.005704506560182,,,,0,,,,,,,,,,,,UNKNOWN,0.0,1.0,,0.0,0.0,,0.0002
T000129,2026-05-02 12:33:26,2026-05-02 12:53:30,TAGUSDT,LONG,10,119019.28112354201,0.0008398,0.0008641,102.84456081885266,9.995239228755057,2.89216853130207,28.93546082400571,28.93546082400571,0.020568912163770534,2.8715996191382995,0.0008718,0.000837,3.8086169959533467,0.9402523208759853,0.9402523208759853,3.8086169959533467,TECHNICAL_EXIT,"時間 + 收益 (20分, PnL: 2.89 USDT)",20,1203,UNKNOWN,0.0,1.0,,0.0,,,0.0002
T000130,2026-05-02 12:53:31,2026-05-02 12:53:31,B2USDT,LONG,10,139.6258028483664,0.7143,,99.73471097458813,9.973471097458813,,,,0,,,,,,,,,,,,UNKNOWN,0.0,1.0,,0.0,0.0,,0.0002
T000131,2026-05-02 12:53:31,2026-05-02 12:58:04,B2USDT,LONG,10,139.6258028483664,0.7143,0.7293,101.8290980173136,9.973471097458813,2.094387042725482,20.99958000839969,20.99958000839969,0.02036581960346272,2.074021223122019,0.7384,0.7143,3.364981848645616,0.0,0.0,3.364981848645616,TRAILING_STOP,"移動止損 (最高33.7% → 當前21.0%, 回撤 12.7%)",4,273,UNKNOWN,0.0,1.0,,0.0,,,0.0002
T000132,2026-05-02 12:58:05,2026-05-02 12:58:05,LABUSDT,LONG,10,57.82017924255565,1.7297,,100.01156403584851,10.00115640358485,,,,0,,,,,,,,,,,,UNKNOWN,0.0,1.0,,0.0,0.0,,0.0002
T000133,2026-05-02 12:58:05,2026-05-02 12:58:14,LABUSDT,LONG,10,57.82017924255565,1.7297,1.7427,100.76322636600173,10.00115640358485,0.7516623301532177,7.51575417702486,7.51575417702486,0.020152645273200348,0.7315096848800173,1.7427,1.7297,0.7516623301532177,0.0,0.0,0.7516623301532177,TECHNICAL_EXIT,價格偏離 (14.7% > 10.0%),0,9,UNKNOWN,0.0,1.0,,0.0,,,0.0002
T000134,2026-05-02 12:58:15,2026-05-02 12:58:15,TAGUSDT,LONG,10,117495.00646222536,0.0008512,,100.01174950064622,10.001174950064621,,,,0,,,,,,,,,,,,UNKNOWN,0.0,1.0,,0.0,0.0,,0.0002
T000135,2026-05-02 12:58:15,2026-05-02 13:01:45,TAGUSDT,LONG,10,117495.00646222536,0.0008512,0.0008654,101.68017859240982,10.001174950064621,1.6684290917636024,16.682330827067695,16.682330827067695,0.020336035718481964,1.6480930560451206,0.0008687,0.0008505,2.056162613088949,0.08224650452355338,0.08224650452355338,2.056162613088949,TRAILING_STOP,"移動止損 (最高20.6% → 當前12.8%, 回撤 7.8%)",3,209,UNKNOWN,0.0,1.0,,0.0,,,0.0002
T000136,2026-05-02 13:01:46,2026-05-02 13:01:46,LABUSDT,LONG,10,54.68664552116373,1.7933,,98.06956141310292,9.806956141310291,,,,0,,,,,,,,,,,,UNKNOWN,0.0,1.0,,0.0,0.0,,0.0002
T000137,2026-05-02 13:01:46,2026-05-02 13:01:55,LABUSDT,LONG,10,54.68664552116373,1.7933,1.8218,99.6281308104561,9.806956141310291,1.558569397353177,15.892488707968658,15.892488707968658,0.01992562616209122,1.5386437711910856,1.8239,1.7933,1.6734113529476202,0.0,0.0,1.6734113529476202,TECHNICAL_EXIT,價格偏離 (18.0% > 10.0%),0,9,UNKNOWN,0.0,1.0,,0.0,,,0.0002
T000138,2026-05-02 13:01:56,2026-05-02 13:01:56,B2USDT,LONG,10,137.85497656465398,0.7204,,99.31072511717673,9.931072511717673,,,,0,,,,,,,,,,,,UNKNOWN,0.0,1.0,,0.0,0.0,,0.0002
T000139,2026-05-02 13:01:56,2026-05-02 13:02:47,B2USDT,LONG,10,137.85497656465398,0.7204,0.6911,95.27157430383237,9.931072511717673,-4.039150813344361,-40.67184897279289,-40.67184897279289,0.019054314860766475,-4.0582051282051275,0.7244,0.7077,0.5514199062586164,4.039150813344361,4.039150813344361,0.5514199062586164,STOP_LOSS,固定止損 (PnL: -4.04 USDT),0,51,UNKNOWN,0.0,1.0,,0.0,,,0.0002
T000140,2026-05-02 13:02:48,2026-05-02 13:02:48,NFPUSDT,LONG,10,6169.031462060457,0.01619,,99.87661937075879,9.98766193707588,,,,0,,,,,,,,,,,,UNKNOWN,0.0,1.0,,0.0,0.0,,0.0002
T000141,2026-05-02 12:46:32,2026-05-02 13:06:38,BUSDT,LONG,10,282.326369282891,0.3547,0.3496,98.7012987012987,10.014116318464144,-1.4398644833427423,-14.378347899633475,-14.378347899633475,0.019740259740259742,-1.4596047430830021,0.3557,0.3536,0.28232636928289123,2.25861095426313,2.25861095426313,0.28232636928289123,TECHNICAL_EXIT,"時間 + 收益 (20分, PnL: -1.44 USDT)",20,1206,UNKNOWN,0.0,1.0,,0.0,,,0.0002
T000142,2026-05-02 13:06:39,2026-05-02 13:06:39,LABUSDT,LONG,10,54.66870763175159,1.8288,,99.9781325169473,9.99781325169473,,,,0,,,,,,,,,,,,UNKNOWN,0.0,1.0,,0.0,0.0,,0.0002
T000143,2026-05-02 13:06:39,2026-05-02 13:06:48,LABUSDT,LONG,10,54.66870763175159,1.8288,1.8275,99.90706319702602,9.99781325169473,-0.07106931992128138,-0.7108486439195533,-0.7108486439195533,0.019981412639405206,-0.09105073256068658,1.8301,1.8288,0.07106931992128138,0.0,0.0,0.07106931992128138,TECHNICAL_EXIT,價格偏離 (16.6% > 10.0%),0,9,UNKNOWN,0.0,1.0,,0.0,,,0.0002
T000144,2026-05-02 13:06:49,2026-05-02 13:06:49,TAGUSDT,LONG,10,115406.8090017311,0.0008665,,100.0,10.0,,,,0,,,,,,,,,,,,UNKNOWN,0.0,1.0,,0.0,0.0,,0.0002
T000145,2026-05-02 12:49:41,2026-05-02 13:07:29,KNCUSDT,LONG,10,570.4506560182543,0.1754,0.1703,97.14774671990872,10.005704506560182,-2.9092983456930934,-29.076396807297566,-29.076396807297566,0.019429549343981747,-2.928727895037075,0.1754,0.1751,0.0,3.0233884768967476,3.0233884768967476,0.0,STOP_LOSS,固定止損 (PnL: -3.02 USDT),17,1068,UNKNOWN,0.0,1.0,,0.0,,,0.0002
T000146,2026-05-02 13:09:38,2026-05-02 13:09:38,BUSDT,LONG,10,285.5511136493432,0.3503,,100.02855511136494,10.002855511136493,,,,0,,,,,,,,,,,,UNKNOWN,0.0,1.0,,0.0,0.0,,0.0002
T000147,2026-05-02 13:02:48,2026-05-02 13:09:49,NFPUSDT,LONG,10,6169.031462060457,0.01619,0.01649,101.72732880937694,9.98766193707588,1.8507094386181473,18.52995676343432,18.52995676343432,0.02034546576187539,1.830363972856272,0.01665,0.01619,2.837754472547823,0.0,0.0,2.837754472547823,TRAILING_STOP,"移動止損 (最高28.4% → 當前18.5%, 回撤 9.9%)",7,420,UNKNOWN,0.0,1.0,,0.0,,,0.0002
T000148,2026-05-02 13:09:49,2026-05-02 13:09:49,LABUSDT,LONG,10,51.8000518000518,1.9301,,99.97927997927997,9.997927997927997,,,,0,,,,,,,,,,,,UNKNOWN,0.0,1.0,,0.0,0.0,,0.0002
T000149,2026-05-02 13:09:49,2026-05-02 13:09:59,LABUSDT,LONG,10,51.8000518000518,1.9301,1.9276,99.84977984977985,9.997927997927997,-0.12950012950012674,-1.295269675146338,-1.295269675146338,0.01996995596995597,-0.1494700854700827,1.9301,1.9287,0.0,0.07252007252006452,0.07252007252006452,0.0,TECHNICAL_EXIT,價格偏離 (22.5% > 10.0%),0,9,UNKNOWN,0.0,1.0,,0.0,,,0.0002
T000150,2026-05-02 13:12:55,2026-05-02 13:12:55,NFPUSDT,LONG,10,6016.84717208183,0.01665,,100.18050541516247,10.018050541516248,,,,0,,,,,,,,,,,,UNKNOWN,0.0,1.0,,0.0,0.0,,0.0002
T000151,2026-05-02 13:09:38,2026-05-02 13:14:06,BUSDT,LONG,10,285.5511136493432,0.3503,0.337,96.23072529982868,10.002855511136493,-3.7978298115362588,-37.96745646588632,-37.96745646588632,0.019246145059965736,-3.8170759565962245,0.3522,0.35,0.5425471159337558,3.9120502569959994,3.9120502569959994,0.5425471159337558,STOP_LOSS,固定止損 (PnL: -3.91 USDT),4,267,UNKNOWN,0.0,1.0,,0.0,,,0.0002
T000152,2026-05-02 13:14:28,2026-05-02 13:14:28,PLAYUSDT,LONG,10,804.5699573577923,0.12423,,99.95172580255853,9.995172580255852,,,,0,,,,,,,,,,,,UNKNOWN,0.0,1.0,,0.0,0.0,,0.0002
T000153,2026-05-02 13:12:55,2026-05-02 13:20:14,NFPUSDT,LONG,10,6016.84717208183,0.01665,0.01714,103.12876052948256,10.018050541516248,2.948255114320081,29.42942942942927,29.42942942942927,0.020625752105896514,2.9276293622141845,0.01738,0.01661,4.392298435619724,0.5415162454873844,0.5415162454873844,4.392298435619724,TRAILING_STOP,"移動止損 (最高43.8% → 當前27.6%, 回撤 16.2%)",7,439,UNKNOWN,0.0,1.0,,0.0,,,0.0002
T000154,2026-05-02 13:23:16,2026-05-02 13:23:16,NFPUSDT,LONG,10,5701.254275940707,0.01762,,100.45610034207526,10.045610034207526,,,,0,,,,,,,,,,,,UNKNOWN,0.0,1.0,,0.0,0.0,,0.0002
T000155,2026-05-02 13:06:49,2026-05-02 13:26:57,TAGUSDT,LONG,10,115406.8090017311,0.0008665,0.0008505,98.15349105597231,10.0,-1.8465089440276925,-18.465089440276923,-18.465089440276923,0.019630698211194463,-1.866139642238887,0.0008756,0.0008618,1.0502019619157599,2.49278707443739,2.49278707443739,1.0502019619157599,TECHNICAL_EXIT,"時間 + 收益 (20分, PnL: -1.85 USDT)",20,1208,UNKNOWN,0.0,1.0,,0.0,,,0.0002
T000156,2026-05-02 13:30:06,2026-05-02 13:30:06,TAGUSDT,LONG,10,117096.01873536299,0.0008532,,99.9063231850117,9.99063231850117,,,,0,,,,,,,,,,,,UNKNOWN,0.0,1.0,,0.0,0.0,,0.0002
T000157,2026-05-02 13:23:16,2026-05-02 13:30:57,NFPUSDT,LONG,10,5701.254275940707,0.01762,0.01713,97.6624857468643,10.045610034207526,-2.7936145952109515,-27.809307604994377,-27.809307604994377,0.01953249714937286,-2.813147092360324,0.01779,0.01757,0.9692132269099203,3.1356898517673994,3.1356898517673994,0.9692132269099203,STOP_LOSS,固定止損 (PnL: -3.14 USDT),7,460,UNKNOWN,0.0,1.0,,0.0,,,0.0002
T000158,2026-05-02 13:14:28,2026-05-02 13:34:39,PLAYUSDT,LONG,10,804.5699573577923,0.12423,0.12741,102.51025826695631,9.995172580255852,2.558532464397781,25.597681719391467,25.597681719391467,0.020502051653391265,2.53803041274439,0.12748,0.12411,2.6148523614128383,1.1666264381687932,1.1666264381687932,2.6148523614128383,TECHNICAL_EXIT,"時間 + 收益 (20分, PnL: 2.57 USDT)",20,1210,UNKNOWN,0.0,1.0,,0.0,,,0.0002
T000159,2026-05-02 13:37:43,2026-05-02 13:37:43,PLAYUSDT,LONG,10,781.921964187974,0.12792,,100.02345765892564,10.002345765892564,,,,0,,,,,,,,,,,,UNKNOWN,0.0,1.0,,0.0,0.0,,0.0002
T000160,2026-05-02 13:40:13,2026-05-02 13:40:13,UBUSDT,LONG,10,712.3521869212138,0.14044,,100.04274113121528,10.004274113121529,,,,0,,,,,,,,,,,,UNKNOWN,0.0,1.0,,0.0,0.0,,0.0002
T000161,2026-05-02 13:30:06,2026-05-02 13:48:39,TAGUSDT,LONG,10,117096.01873536299,0.0008532,0.0008274,96.88524590163934,9.99063231850117,-3.0210772833723625,-30.239099859352997,-30.239099859352997,0.019377049180327868,-3.0404543325526903,0.0008592,0.0008516,0.7025761124121697,3.126463700234198,3.126463700234198,0.7025761124121697,STOP_LOSS,固定止損 (PnL: -3.13 USDT),18,1113,UNKNOWN,0.0,1.0,,0.0,,,0.0002
T000162,2026-05-02 13:40:13,2026-05-02 13:57:10,UBUSDT,LONG,10,712.3521869212138,0.14044,0.1435,102.22253882319418,10.004274113121529,2.1797976919788997,21.788664198233974,21.788664198233974,0.02044450776463884,2.159353184214261,0.14591,0.13943,3.8965664624590417,0.7194757087904338,0.7194757087904338,3.8965664624590417,TRAILING_STOP,"移動止損 (最高38.9% → 當前21.8%, 回撤 17.2%)",16,1017,UNKNOWN,0.0,1.0,,0.0,,,0.0002
T000163,2026-05-02 13:37:43,2026-05-02 13:57:43,PLAYUSDT,LONG,10,781.921964187974,0.12792,0.13128,102.65071545859723,10.002345765892564,2.627257799671594,26.26641651031896,26.26641651031896,0.02053014309171945,2.6067276565798747,0.1321,0.12759,3.268433810305723,0.2580342481820291,0.2580342481820291,3.268433810305723,TECHNICAL_EXIT,"時間 + 收益 (20分, PnL: 2.63 USDT)",20,1200,UNKNOWN,0.0,1.0,,0.0,,,0.0002
T000164,2026-05-02 14:00:13,2026-05-02 14:00:13,UBUSDT,LONG,10,700.4272606289836,0.14298,,100.14708972473207,10.014708972473207,,,,0,,,,,,,,,,,,UNKNOWN,0.0,1.0,,0.0,0.0,,0.0002
T000165,2026-05-02 14:00:46,2026-05-02 14:00:46,PLAYUSDT,LONG,10,759.6475235490732,0.13155,,99.93163172288058,9.993163172288059,,,,0,,,,,,,,,,,,UNKNOWN,0.0,1.0,,0.0,0.0,,0.0002
T000166,2026-05-02 14:00:13,2026-05-02 14:05:18,UBUSDT,LONG,10,700.4272606289836,0.14298,0.14448,101.19773061567555,10.014708972473207,1.0506408909434763,10.49097775912716,10.49097775912716,0.02023954612313511,1.0304013448203413,0.14522,0.14208,1.5689570638089176,1.253764796525871,1.253764796525871,1.5689570638089176,TRAILING_STOP,"移動止損 (最高15.7% → 當前10.5%, 回撤 5.2%)",5,305,UNKNOWN,0.0,1.0,,0.0,,,0.0002
T000167,2026-05-02 14:05:40,2026-05-02 14:05:40,CHRUSDT,LONG,10,3551.1363636363635,0.02815,,99.96448863636364,9.996448863636363,,,,0,,,,,,,,,,,,UNKNOWN,0.0,1.0,,0.0,0.0,,0.0002
T000168,2026-05-02 14:07:38,2026-05-02 14:07:38,KNCUSDT,LONG,10,572.4098454493418,0.1747,,100.0,10.0,,,,0,,,,,,,,,,,,UNKNOWN,0.0,1.0,,0.0,0.0,,0.0002
T000169,2026-05-02 14:00:46,2026-05-02 14:09:21,PLAYUSDT,LONG,10,759.6475235490732,0.13155,0.1291,98.07049529018535,9.993163172288059,-1.861136432695235,-18.624097301406366,-18.624097301406366,0.01961409905803707,-1.8807505317532722,0.13418,0.13127,1.9978729869340575,2.1194165907019045,2.1194165907019045,1.9978729869340575,TECHNICAL_EXIT,高點回撤 (4.0% > 4.0%),8,514,UNKNOWN,0.0,1.0,,0.0,,,0.0002
T000170,2026-05-02 14:09:22,2026-05-02 14:09:22,UBUSDT,LONG,10,697.4959893980609,0.14332,,99.9651252005301,9.99651252005301,,,,0,,,,,,,,,,,,UNKNOWN,0.0,1.0,,0.0,0.0,,0.0002
T000171,2026-05-02 14:09:22,2026-05-02 14:10:46,UBUSDT,LONG,10,697.4959893980609,0.14332,0.14583,101.71584013391922,9.99651252005301,1.750714933389122,17.51325704716707,17.51325704716707,0.020343168026783844,1.7303717653623383,0.14636,0.14297,2.120387807770096,0.7253958289739926,0.7253958289739926,2.120387807770096,TRAILING_STOP,"移動止損 (最高21.2% → 當前13.2%, 回撤 8.0%)",1,84,UNKNOWN,0.0,1.0,,0.0,,,0.0002
T000172,2026-05-02 14:10:47,2026-05-02 14:10:47,LABUSDT,LONG,10,51.668905652578275,1.9266,,99.54531363025731,9.954531363025731,,,,0,,,,,,,,,,,,UNKNOWN,0.0,1.0,,0.0,0.0,,0.0002
T000173,2026-05-02 14:10:47,2026-05-02 14:15:51,LABUSDT,LONG,10,51.668905652578275,1.9266,1.8543,95.8096517515759,9.954531363025731,-3.7356618786814106,-37.527250077857374,-37.527250077857374,0.01916193035031518,-3.7548238090317256,1.9297,1.9188,0.16017360752298648,4.0146739692053375,4.0146739692053375,0.16017360752298648,STOP_LOSS,固定止損 (PnL: -4.01 USDT),5,304,UNKNOWN,0.0,1.0,,0.0,,,0.0002
T000174,2026-05-02 14:15:52,2026-05-02 14:15:52,UBUSDT,LONG,10,669.7923643670463,0.14924,,99.95981245813799,9.995981245813798,,,,0,,,,,,,,,,,,UNKNOWN,0.0,1.0,,0.0,0.0,,0.0002
T000175,2026-05-02 14:07:38,2026-05-02 14:17:48,KNCUSDT,LONG,10,572.4098454493418,0.1747,0.1765,101.03033772180882,10.0,1.030337721808813,10.30337721808813,10.30337721808813,0.020206067544361765,1.0101316542644512,0.1774,0.1737,1.5455065827132273,1.2020606754436125,1.2020606754436125,1.5455065827132273,TRAILING_STOP,"移動止損 (最高15.5% → 當前10.3%, 回撤 5.2%)",10,609,UNKNOWN,0.0,1.0,,0.0,,,0.0002
T000176,2026-05-02 14:17:49,2026-05-02 14:17:49,PLAYUSDT,LONG,10,769.2899453804139,0.12999,,100.0,10.0,,,,0,,,,,,,,,,,,UNKNOWN,0.0,1.0,,0.0,0.0,,0.0002
T000177,2026-05-02 14:15:52,2026-05-02 14:23:15,UBUSDT,LONG,10,669.7923643670463,0.14924,0.15395,103.11453449430678,9.995981245813798,3.1547220361687827,31.55990351112297,31.55990351112297,0.020622906898861357,3.1340991292699214,0.15646,0.14853,4.835900870730058,1.1386470194239835,1.1386470194239835,4.835900870730058,TRAILING_STOP,"移動止損 (最高48.4% → 當前31.6%, 回撤 16.8%)",7,443,UNKNOWN,0.0,1.0,,0.0,,,0.0002
T000178,2026-05-02 14:23:16,2026-05-02 14:23:16,BUSDT,LONG,10,295.85798816568047,0.3382,,100.05917159763314,10.005917159763314,,,,0,,,,,,,,,,,,UNKNOWN,0.0,1.0,,0.0,0.0,,0.0002
T000179,2026-05-02 14:17:49,2026-05-02 14:23:49,PLAYUSDT,LONG,10,769.2899453804139,0.12999,0.13413,103.18486037387491,10.0,3.1848603738749173,31.84860373874917,31.84860373874917,0.020636972074774985,3.1642234018001423,0.13649,0.12999,5.000384644972694,0.0,0.0,5.000384644972694,TRAILING_STOP,"移動止損 (最高50.0% → 當前31.5%, 回撤 18.5%)",6,360,UNKNOWN,0.0,1.0,,0.0,,,0.0002
T000180,2026-05-02 14:23:50,2026-05-02 14:23:50,KNCUSDT,LONG,10,565.9309564233164,0.1767,,100.0,10.0,,,,0,,,,,,,,,,,,UNKNOWN,0.0,1.0,,0.0,0.0,,0.0002
T000181,2026-05-02 14:05:40,2026-05-02 14:25:45,CHRUSDT,LONG,10,3551.1363636363635,0.02815,0.02792,99.14772727272727,9.996448863636363,-0.8167613636363673,-8.170515097690977,-8.170515097690977,0.019829545454545454,-0.8365909090909127,0.02815,0.02805,0.0,1.6690340909090968,1.6690340909090968,0.0,TECHNICAL_EXIT,"時間 + 收益 (20分, PnL: -0.82 USDT)",20,1204,UNKNOWN,0.0,1.0,,0.0,,,0.0002
T000182,2026-05-02 14:26:20,2026-05-02 14:26:20,UBUSDT,LONG,10,660.9385327164574,0.15136,,100.03965631196299,10.003965631196298,,,,0,,,,,,,,,,,,UNKNOWN,0.0,1.0,,0.0,0.0,,0.0002
T000183,2026-05-02 14:23:50,2026-05-02 14:28:28,KNCUSDT,LONG,10,565.9309564233164,0.1767,0.1788,101.18845500848896,10.0,1.1884550084889591,11.884550084889591,11.884550084889591,0.020237691001697793,1.1682173174872614,0.1805,0.1764,2.150537634408601,0.5659309564233169,0.5659309564233169,2.150537634408601,TRAILING_STOP,"移動止損 (最高21.5% → 當前13.0%, 回撤 8.5%)",4,278,UNKNOWN,0.0,1.0,,0.0,,,0.0002
T000184,2026-05-02 14:28:50,2026-05-02 14:28:50,PLAYUSDT,LONG,10,783.3920877399138,0.12774,,100.07050528789658,10.007050528789659,,,,0,,,,,,,,,,,,UNKNOWN,0.0,1.0,,0.0,0.0,,0.0002
T000185,2026-05-02 14:28:50,2026-05-02 14:35:52,PLAYUSDT,LONG,10,783.3920877399138,0.12774,0.12603,98.73090481786134,10.007050528789659,-1.3396004700352442,-13.386566463128148,-13.386566463128148,0.01974618096357227,-1.3593466509988164,0.13125,0.1273,2.7497062279671076,1.4179396788092486,1.4179396788092486,2.7497062279671076,TECHNICAL_EXIT,高點回撤 (4.1% > 4.0%),7,422,UNKNOWN,0.0,1.0,,0.0,,,0.0002
T000186,2026-05-02 14:35:53,2026-05-02 14:35:53,KNCUSDT,LONG,10,556.4830272676684,0.1794,,99.8330550918197,9.983305509181971,,,,0,,,,,,,,,,,,UNKNOWN,0.0,1.0,,0.0,0.0,,0.0002
T000187,2026-05-02 14:23:16,2026-05-02 14:43:19,BUSDT,LONG,10,295.85798816568047,0.3382,0.3387,100.20710059171597,10.005917159763314,0.14792899408284035,1.4784151389710243,1.4784151389710243,0.020041420118343194,0.12788757396449715,0.3387,0.338,0.14792899408284035,1.5088757396449684,1.5088757396449684,0.14792899408284035,TECHNICAL_EXIT,"時間 + 收益 (20分, PnL: 0.15 USDT)",20,1203,UNKNOWN,0.0,1.0,,0.0,,,0.0002
T000188,2026-05-02 14:43:20,2026-05-02 14:43:20,IRYSUSDT,LONG,10,2222.716159146477,0.04496,,99.93331851522561,9.99333185152256,,,,0,,,,,,,,,,,,UNKNOWN,0.0,1.0,,0.0,0.0,,0.0002
T000189,2026-05-02 14:26:20,2026-05-02 14:46:29,UBUSDT,LONG,10,660.9385327164574,0.15136,0.14752,97.50165234633181,10.003965631196298,-2.5380039656311846,-25.36997885835084,-25.36997885835084,0.01950033046926636,-2.557504296100451,0.15239,0.15049,0.6807666886979532,2.5974884335756703,2.5974884335756703,0.6807666886979532,TECHNICAL_EXIT,"時間 + 收益 (20分, PnL: -2.54 USDT)",20,1208,UNKNOWN,0.0,1.0,,0.0,,,0.0002
T000190,2026-05-02 14:46:30,2026-05-02 14:46:30,BUSDT,LONG,10,298.9536621823617,0.3343,,99.94020926756352,9.994020926756352,,,,0,,,,,,,,,,,,UNKNOWN,0.0,1.0,,0.0,0.0,,0.0002
T000191,2026-05-02 14:35:53,2026-05-02 14:47:21,KNCUSDT,LONG,10,556.4830272676684,0.1794,0.1741,96.88369504730106,9.983305509181971,-2.949360044518642,-29.54292084726867,-29.54292084726867,0.019376739009460214,-2.968736783528102,0.1804,0.1793,0.5564830272676689,3.005008347245418,3.005008347245418,0.5564830272676689,STOP_LOSS,固定止損 (PnL: -3.01 USDT),11,687,UNKNOWN,0.0,1.0,,0.0,,,0.0002
T000192,2026-05-02 14:47:35,2026-05-02 14:47:35,CHRUSDT,LONG,10,3562.5222657641607,0.02807,,100.0,10.0,,,,0,,,,,,,,,,,,UNKNOWN,0.0,1.0,,0.0,0.0,,0.0002
T000193,2026-05-02 14:43:20,2026-05-02 15:01:20,IRYSUSDT,LONG,10,2222.716159146477,0.04496,0.04371,97.1549233162925,9.99333185152256,-2.7783951989330986,-27.80249110320287,-27.80249110320287,0.0194309846632585,-2.797826183596357,0.04526,0.0448,0.6668148477439467,3.156256945987992,3.156256945987992,0.6668148477439467,STOP_LOSS,固定止損 (PnL: -3.16 USDT),17,1079,UNKNOWN,0.0,1.0,,0.0,,,0.0002
T000194,2026-05-02 15:01:20,2026-05-02 15:01:20,UBUSDT,LONG,10,680.9669731018046,0.14669,,99.8910452843037,9.98910452843037,,,,0,,,,,,,,,,,,UNKNOWN,0.0,1.0,,0.0,0.0,,0.0002
T000195,2026-05-02 14:46:30,2026-05-02 15:01:40,BUSDT,LONG,10,298.9536621823617,0.3343,0.3428,102.48131539611359,9.994020926756352,2.541106128550077,25.426263834878878,25.426263834878878,0.02049626307922272,2.520609865470854,0.3473,0.3343,3.886397608370706,0.0,0.0,3.886397608370706,TRAILING_STOP,"移動止損 (最高38.9% → 當前24.2%, 回撤 14.7%)",15,910,UNKNOWN,0.0,1.0,,0.0,,,0.0002
T000196,2026-05-02 15:01:41,2026-05-02 15:01:41,NFPUSDT,LONG,10,5892.751915144373,0.01697,,100.0,10.0,,,,0,,,,,,,,,,,,UNKNOWN,0.0,1.0,,0.0,0.0,,0.0002
T000197,2026-05-02 15:01:20,2026-05-02 15:02:12,UBUSDT,LONG,10,680.9669731018046,0.14669,0.14862,101.20531154239019,9.98910452843037,1.314266258086493,13.156997750357998,13.156997750357998,0.02024106230847804,1.294025195778015,0.14938,0.14669,1.8318011576438717,0.0,0.0,1.8318011576438717,TRAILING_STOP,"移動止損 (最高18.3% → 當前11.0%, 回撤 7.3%)",0,51,UNKNOWN,0.0,1.0,,0.0,,,0.0002
T000198,2026-05-02 15:02:13,2026-05-02 15:02:13,TAGUSDT,LONG,10,115061.55793349442,0.0008691,,100.0,10.0,,,,0,,,,,,,,,,,,UNKNOWN,0.0,1.0,,0.0,0.0,,0.0002
T000199,2026-05-02 14:47:35,2026-05-02 15:07:39,CHRUSDT,LONG,10,3562.5222657641607,0.02807,0.02803,99.85749910936943,10.0,-0.14250089063057297,-1.4250089063057298,-1.4250089063057298,0.019971499821873885,-0.16247239045244685,0.0281,0.02804,0.10687566797292046,1.4606341289633082,1.4606341289633082,0.10687566797292046,TECHNICAL_EXIT,"時間 + 收益 (20分, PnL: -0.25 USDT)",20,1204,UNKNOWN,0.0,1.0,,0.0,,,0.0002
T000200,2026-05-02 15:07:40,2026-05-02 15:07:40,LABUSDT,LONG,10,54.83358008444371,1.8238,,100.00548335800845,10.000548335800845,,,,0,,,,,,,,,,,,UNKNOWN,0.0,1.0,,0.0,0.0,,0.0002
T000201,2026-05-02 15:02:13,2026-05-02 15:08:00,TAGUSDT,LONG,10,115061.55793349442,0.0008691,0.0008782,101.0470601771948,10.0,1.0470601771947934,10.470601771947933,10.470601771947933,0.02020941203543896,1.0268507651593544,0.0008858,0.000867,1.9215280174893474,0.48325854332067586,0.48325854332067586,1.9215280174893474,TRAILING_STOP,"移動止損 (最高19.2% → 當前10.5%, 回撤 8.7%)",5,347,UNKNOWN,0.0,1.0,,0.0,,,0.0002
T000202,2026-05-02 15:08:01,2026-05-02 15:08:01,UBUSDT,LONG,10,682.7336655970506,0.14595,,99.64497849388954,9.964497849388954,,,,0,,,,,,,,,,,,UNKNOWN,0.0,1.0,,0.0,0.0,,0.0002
T000203,2026-05-02 15:07:40,2026-05-02 15:08:10,LABUSDT,LONG,10,54.83358008444371,1.8238,1.667,91.40757800076767,10.000548335800845,-8.597905357240776,-85.974339291589,-85.974339291589,0.018281515600153536,-8.61618687284093,1.8238,1.8208,0.0,7.561550693644795,7.561550693644795,0.0,STOP_LOSS,固定止損 (PnL: -7.56 USDT),0,29,UNKNOWN,0.0,1.0,,0.0,,,0.0002
T000204,2026-05-02 15:08:11,2026-05-02 15:08:11,BUSDT,LONG,10,289.1844997108155,0.3461,,100.08675534991325,10.008675534991324,,,,0,,,,,,,,,,,,UNKNOWN,0.0,1.0,,0.0,0.0,,0.0002
T000205,2026-05-02 15:01:41,2026-05-02 15:08:31,NFPUSDT,LONG,10,5892.751915144373,0.01697,0.01759,103.65350618738952,10.0,3.653506187389526,36.53506187389526,36.53506187389526,0.020730701237477906,3.632775486152048,0.01795,0.01697,5.774896876841495,0.0,0.0,5.774896876841495,TRAILING_STOP,"移動止損 (最高57.7% → 當前36.5%, 回撤 21.2%)",6,410,UNKNOWN,0.0,1.0,,0.0,,,0.0002
T000206,2026-05-02 15:08:32,2026-05-02 15:08:32,IRYSUSDT,LONG,10,2295.684113865932,0.04356,,100.0,10.0,,,,0,,,,,,,,,,,,UNKNOWN,0.0,1.0,,0.0,0.0,,0.0002
T000207,2026-05-02 15:08:01,2026-05-02 15:11:08,UBUSDT,LONG,10,682.7336655970506,0.14595,0.14767,100.81928039871646,9.964497849388954,1.1743019048269265,11.78485782802329,11.78485782802329,0.020163856079743293,1.1541380487471833,0.149,0.14595,2.0823376800710025,0.0,0.0,2.0823376800710025,TRAILING_STOP,"移動止損 (最高20.9% → 當前11.8%, 回撤 9.1%)",3,187,UNKNOWN,0.0,1.0,,0.0,,,0.0002
T000208,2026-05-02 15:11:09,2026-05-02 15:11:09,TAGUSDT,LONG,10,115127.79184895234,0.0008669,,99.80428275385678,9.980428275385679,,,,0,,,,,,,,,,,,UNKNOWN,0.0,1.0,,0.0,0.0,,0.0002
T000209,2026-05-02 15:08:32,2026-05-02 15:15:15,IRYSUSDT,LONG,10,2295.684113865932,0.04356,0.04414,101.33149678604224,10.0,1.331496786042234,13.314967860422339,13.314967860422339,0.02026629935720845,1.3112304866850255,0.04432,0.04351,1.744719926538101,1.033057851239667,1.033057851239667,1.744719926538101,TRAILING_STOP,"移動止損 (最高17.4% → 當前11.0%, 回撤 6.4%)",6,403,UNKNOWN,0.0,1.0,,0.0,,,0.0002
T000210,2026-05-02 15:15:16,2026-05-02 15:15:16,NFPUSDT,LONG,10,5733.94495412844,0.01747,,100.17201834862385,10.017201834862385,,,,0,,,,,,,,,,,,UNKNOWN,0.0,1.0,,0.0,0.0,,0.0002
T000211,2026-05-02 15:15:16,2026-05-02 15:23:24,NFPUSDT,LONG,10,5733.94495412844,0.01747,0.01847,105.9059633027523,10.017201834862385,5.733944954128446,57.24098454493423,57.24098454493423,0.02118119266055046,5.712763761467896,0.01854,0.01741,6.13532110091744,0.5733944954128406,0.5733944954128406,6.13532110091744,FULL_EXIT,全數止盈 (收益率 61.2%),8,487,UNKNOWN,0.0,1.0,,0.0,,,0.0002
T000212,2026-05-02 15:23:24,2026-05-02 15:23:24,IRYSUSDT,LONG,10,2307.8698361412416,0.04333,,100.0,10.0,,,,0,,,,,,,,,,,,UNKNOWN,0.0,1.0,,0.0,0.0,,0.0002
T000213,2026-05-02 15:11:09,2026-05-02 15:26:04,TAGUSDT,LONG,10,115127.79184895234,0.0008669,0.0008814,101.47363573566659,9.980428275385679,1.6693529818098058,16.726266005306233,16.726266005306233,0.020294727147133318,1.6490582546626724,0.0008891,0.0008668,2.5558369790467417,0.4374856090260171,0.4374856090260171,2.5558369790467417,TRAILING_STOP,"移動止損 (最高25.6% → 當前16.8%, 回撤 8.8%)",14,895,UNKNOWN,0.0,1.0,,0.0,,,0.0002
T000214,2026-05-02 15:26:05,2026-05-02 15:26:05,UBUSDT,LONG,10,676.773145641581,0.148,,100.16242555495398,10.016242555495399,,,,0,,,,,,,,,,,,UNKNOWN,0.0,1.0,,0.0,0.0,,0.0002
T000215,2026-05-02 15:08:11,2026-05-02 15:28:22,BUSDT,LONG,10,289.1844997108155,0.3461,0.3376,97.62868710237132,10.008675534991324,-2.458068247541934,-24.559375902918255,-24.559375902918255,0.019525737420474264,-2.4775939849624082,0.3486,0.346,0.7229612492770393,2.8050896471949223,2.8050896471949223,0.7229612492770393,TECHNICAL_EXIT,"時間 + 收益 (20分, PnL: -2.46 USDT)",20,1210,UNKNOWN,0.0,1.0,,0.0,,,0.0002
T000216,2026-05-02 15:28:22,2026-05-02 15:28:22,NFPUSDT,LONG,10,5414.185165132648,0.01848,,100.05414185165134,10.005414185165133,,,,0,,,,,,,,,,,,UNKNOWN,0.0,1.0,,0.0,0.0,,0.0002
T000217,2026-05-02 15:28:22,2026-05-02 15:34:01,NFPUSDT,LONG,10,5414.185165132648,0.01848,0.01791,96.96805630752571,10.005414185165133,-3.086085544125615,-30.844155844155903,-30.844155844155903,0.019393611261505142,-3.10547915538712,0.01853,0.01845,0.27070925825664016,3.086085544125615,3.086085544125615,0.27070925825664016,STOP_LOSS,固定止損 (PnL: -3.09 USDT),5,338,UNKNOWN,0.0,1.0,,0.0,,,0.0002
T000218,2026-05-02 15:34:02,2026-05-02 15:34:02,TAGUSDT,LONG,10,115273.77521613833,0.0008683,,100.0922190201729,10.009221902017291,,,,0,,,,,,,,,,,,UNKNOWN,0.0,1.0,,0.0,0.0,,0.0002
T000219,2026-05-02 15:26:05,2026-05-02 15:40:14,UBUSDT,LONG,10,676.773145641581,0.148,0.15,101.51597184623715,10.016242555495399,1.353546291283163,13.513513513513523,13.513513513513523,0.02030319436924743,1.3332430969139157,0.15066,0.14785,1.8002165674066024,1.4212236058473138,1.4212236058473138,1.8002165674066024,TRAILING_STOP,"移動止損 (最高18.0% → 當前11.6%, 回撤 6.4%)",14,848,UNKNOWN,0.0,1.0,,0.0,,,0.0002
T000220,2026-05-02 15:40:14,2026-05-02 15:40:14,NFPUSDT,LONG,10,5621.135469364812,0.01779,,100.0,10.0,,,,0,,,,,,,,,,,,UNKNOWN,0.0,1.0,,0.0,0.0,,0.0002
T000221,2026-05-02 15:23:24,2026-05-02 15:43:34,IRYSUSDT,LONG,10,2307.8698361412416,0.04333,0.04332,99.97692130163858,10.0,-0.023078698361419483,-0.23078698361419483,-0.23078698361419483,0.01999538426032772,-0.0430740826217472,0.04355,0.04328,0.5077313639510684,2.769443803369489,2.769443803369489,0.5077313639510684,TECHNICAL_EXIT,"時間 + 收益 (20分, PnL: -0.02 USDT)",20,1209,UNKNOWN,0.0,1.0,,0.0,,,0.0002
T000222,2026-05-02 15:43:35,2026-05-02 15:43:35,UBUSDT,LONG,10,668.851581833991,0.14878,,99.51173834526118,9.951173834526118,,,,0,,,,,,,,,,,,UNKNOWN,0.0,1.0,,0.0,0.0,,0.0002
T000223,2026-05-02 15:43:35,2026-05-02 15:49:17,UBUSDT,LONG,10,668.851581833991,0.14878,0.15023,100.48157313892047,9.951173834526118,0.9698347936592915,9.74593359322494,9.74593359322494,0.020096314627784096,0.9497384790315074,0.15138,0.14868,1.7390141127683707,0.06688515818339173,0.06688515818339173,1.7390141127683707,TRAILING_STOP,"移動止損 (最高17.5% → 當前10.1%, 回撤 7.4%)",5,341,UNKNOWN,0.0,1.0,,0.0,,,0.0002
T000224,2026-05-02 15:51:46,2026-05-02 15:51:46,BIOUSDT,LONG,10,2050.020500205002,0.04876,,99.9589995899959,9.99589995899959,,,,0,,,,,,,,,,,,UNKNOWN,0.0,1.0,,0.0,0.0,,0.0002
T000225,2026-05-02 15:34:02,2026-05-02 15:54:03,TAGUSDT,LONG,10,115273.77521613833,0.0008683,0.0008769,101.0835734870317,10.009221902017291,0.9913544668587887,9.904410917885514,9.904410917885514,0.02021671469740634,0.9711377521613823,0.0008788,0.0008664,1.2103746397694506,0.9913544668587887,0.9913544668587887,1.2103746397694506,TECHNICAL_EXIT,"時間 + 收益 (20分, PnL: 0.99 USDT)",20,1201,UNKNOWN,0.0,1.0,,0.0,,,0.0002
T000226,2026-05-02 15:54:04,2026-05-02 15:54:04,UBUSDT,LONG,10,662.0324395895399,0.15145,,100.26481297583581,10.026481297583581,,,,0,,,,,,,,,,,,UNKNOWN,0.0,1.0,,0.0,0.0,,0.0002
T000227,2026-05-02 15:40:14,2026-05-02 16:00:16,NFPUSDT,LONG,10,5621.135469364812,0.01779,0.01743,97.97639123102867,10.0,-2.023608768971328,-20.23608768971328,-20.23608768971328,0.019595278246205734,-2.0432040472175337,0.01785,0.01774,0.33726812816189444,2.2484541877459305,2.2484541877459305,0.33726812816189444,TECHNICAL_EXIT,"時間 + 收益 (20分, PnL: -2.02 USDT)",20,1201,UNKNOWN,0.0,1.0,,0.0,,,0.0002
T000228,2026-05-02 16:00:17,2026-05-02 16:00:17,TAGUSDT,LONG,10,112485.93925759279,0.0008896,,100.06749156355455,10.006749156355456,,,,0,,,,,,,,,,,,UNKNOWN,0.0,1.0,,0.0,0.0,,0.0002
T000229,2026-05-02 15:51:46,2026-05-02 16:00:37,BIOUSDT,LONG,10,2050.020500205002,0.04876,0.04731,96.98646986469863,9.99589995899959,-2.9725297252972527,-29.737489745693185,-29.737489745693185,0.019397293972939728,-2.9919270192701926,0.0494,0.04851,1.3120131201312046,2.9725297252972527,2.9725297252972527,1.3120131201312046,TECHNICAL_EXIT,高點回撤 (4.2% > 4.0%),8,530,UNKNOWN,0.0,1.0,,0.0,,,0.0002
T000230,2026-05-02 16:00:49,2026-05-02 16:00:49,SPACEUSDT,LONG,10,12648.62130027827,0.007921,,100.18972931950417,10.018972931950417,,,,0,,,,,,,,,,,,UNKNOWN,0.0,1.0,,0.0,0.0,,0.0002
T000231,2026-05-02 15:54:04,2026-05-02 16:03:16,UBUSDT,LONG,10,662.0324395895399,0.15145,0.14688,97.23932472691162,10.026481297583581,-3.025488248924191,-30.174975239352865,-30.174975239352865,0.019447864945382323,-3.0449361138695736,0.15145,0.15091,0.0,3.025488248924191,3.025488248924191,0.0,STOP_LOSS,固定止損 (PnL: -3.03 USDT),9,551,UNKNOWN,0.0,1.0,,0.0,,,0.0002
T000232,2026-05-02 16:03:51,2026-05-02 16:03:51,BIOUSDT,LONG,10,2079.434393844874,0.04804,,99.89602828030776,9.989602828030776,,,,0,,,,,,,,,,,,UNKNOWN,0.0,1.0,,0.0,0.0,,0.0002
T000233,2026-05-02 16:00:17,2026-05-02 16:08:25,TAGUSDT,LONG,10,112485.93925759279,0.0008896,0.0009023,101.49606299212597,10.006749156355456,1.4285714285714206,14.276079136690567,14.276079136690567,0.020299212598425195,1.4082722159729955,0.0009071,0.0008878,1.9685039370078667,0.8998875140607521,0.8998875140607521,1.9685039370078667,TRAILING_STOP,"移動止損 (最高19.7% → 當前12.4%, 回撤 7.3%)",8,488,UNKNOWN,0.0,1.0,,0.0,,,0.0002
T000234,2026-05-02 16:08:26,2026-05-02 16:08:26,LABUSDT,LONG,10,52.73149124657245,1.8891,,99.61506011390001,9.961506011390002,,,,0,,,,,,,,,,,,UNKNOWN,0.0,1.0,,0.0,0.0,,0.0002
T000235,2026-05-02 16:08:26,2026-05-02 16:08:35,LABUSDT,LONG,10,52.73149124657245,1.8891,1.8887,99.5939675174014,9.961506011390002,-0.02109259649862666,-0.21174104070719174,-0.21174104070719174,0.01991879350348028,-0.041011390002106934,1.8891,1.8887,0.0,0.02109259649862666,0.02109259649862666,0.0,TECHNICAL_EXIT,價格偏離 (13.4% > 10.0%),0,9,UNKNOWN,0.0,1.0,,0.0,,,0.0002
T000236,2026-05-02 16:08:36,2026-05-02 16:08:36,UBUSDT,LONG,10,666.4445184938354,0.1499,,99.90003332222594,9.990003332222594,,,,0,,,,,,,,,,,,UNKNOWN,0.0,1.0,,0.0,0.0,,0.0002
T000237,2026-05-02 16:08:36,2026-05-02 16:15:40,UBUSDT,LONG,10,666.4445184938354,0.1499,0.14528,96.8210596467844,9.990003332222594,-3.078973675441528,-30.820547031354316,-30.820547031354316,0.019364211929356882,-3.0983378873708847,0.15057,0.14984,0.4465178273908723,3.078973675441528,3.078973675441528,0.4465178273908723,STOP_LOSS,固定止損 (PnL: -3.08 USDT),7,424,UNKNOWN,0.0,1.0,,0.0,,,0.0002
T000238,2026-05-02 16:15:41,2026-05-02 16:15:41,LABUSDT,LONG,10,53.341868032218485,1.8712,,99.81330346188723,9.981330346188724,,,,0,,,,,,,,,,,,UNKNOWN,0.0,1.0,,0.0,0.0,,0.0002
T000239,2026-05-02 16:15:41,2026-05-02 16:15:50,LABUSDT,LONG,10,53.341868032218485,1.8712,1.8665,99.5625966821358,9.981330346188724,-0.25070677975142297,-2.5117571611799523,-2.5117571611799523,0.01991251933642716,-0.27061929908785015,1.8712,1.8701,0.0,0.05867605483543387,0.05867605483543387,0.0,TECHNICAL_EXIT,價格偏離 (10.9% > 10.0%),0,9,UNKNOWN,0.0,1.0,,0.0,,,0.0002
T000240,2026-05-02 16:15:51,2026-05-02 16:15:51,TAGUSDT,LONG,10,110546.09772275039,0.0009048,,100.02210921954455,10.002210921954454,,,,0,,,,,,,,,,,,UNKNOWN,0.0,1.0,,0.0,0.0,,0.0002
T000241,2026-05-02 16:00:49,2026-05-02 16:20:58,SPACEUSDT,LONG,10,12648.62130027827,0.007921,0.007731,97.7864912724513,10.018972931950417,-2.403238047052861,-23.98687034465335,-23.98687034465335,0.01955729825449026,-2.4227953453073514,0.007921,0.007904,0.0,2.782696686061205,2.782696686061205,0.0,TECHNICAL_EXIT,"時間 + 收益 (20分, PnL: -2.40 USDT)",20,1209,UNKNOWN,0.0,1.0,,0.0,,,0.0002
T000242,2026-05-02 16:21:33,2026-05-02 16:21:33,KNCUSDT,LONG,10,580.3830528148578,0.1722,,99.94196169471851,9.994196169471852,,,,0,,,,,,,,,,,,UNKNOWN,0.0,1.0,,0.0,0.0,,0.0002
T000000,2026-05-02 16:51:01,2026-05-02 16:51:01,BUSDT,LONG,10,294.20417769932334,0.3399,,100.0,10.0,,,,0,,,,,,,,,,,,UNKNOWN,0.0,1.0,,0.0,0.0,PAPER_1777711861970_1,0.0002
T000001,2026-05-02 16:51:02,2026-05-02 16:51:02,XNYUSDT,LONG,10,13954.786491766677,0.007179,,100.18141222439297,10.018141222439297,,,,0,,,,,,,,,,,,UNKNOWN,0.0,1.0,,0.0,0.0,PAPER_1777711862118_2,0.0002
T000002,2026-05-02 16:51:02,2026-05-02 16:51:02,JCTUSDT,LONG,10,29377.20329024677,0.003404,,100.0,10.0,,,,0,,,,,,,,,,,,UNKNOWN,0.0,1.0,,0.0,0.0,PAPER_1777711862261_3,0.0002
T000003,2026-05-02 16:51:02,2026-05-02 16:51:43,XNYUSDT,LONG,10,13954.786491766677,0.007179,0.007327,102.24672062517445,10.018141222439297,2.065308400781476,20.615684635743218,20.615684635743218,0.02044934412503489,2.044859056656441,0.007293,0.007147,1.5908456600614067,0.4465531677365324,0.4465531677365324,1.5908456600614067,TECHNICAL_EXIT,價格偏離 (10.1% > 10.0%),0,41,UNKNOWN,0.0,1.0,,0.0,,PAPER_1777711903263_4,0.0002
T000004,2026-05-02 16:51:44,2026-05-02 16:51:44,NFPUSDT,LONG,10,5540.16620498615,0.01805,,100.0,10.0,,,,0,,,,,,,,,,,,UNKNOWN,0.0,1.0,,0.0,0.0,PAPER_1777711904141_5,0.0002
T000005,2026-05-02 16:51:02,2026-05-02 17:03:29,JCTUSDT,LONG,10,29377.20329024677,0.003404,0.003455,101.49823736780259,10.0,1.4982373678025929,14.98237367802593,14.98237367802593,0.020299647473560518,1.4779377203290323,0.003518,0.003363,3.34900117508813,1.6451233842538209,1.6451233842538209,3.34900117508813,TRAILING_STOP,"移動止損 (最高33.5% → 當前15.0%, 回撤 18.5%)",12,746,UNKNOWN,0.0,1.0,,0.0,,PAPER_1777712609054_6,0.0002
T000006,2026-05-02 17:03:29,2026-05-02 17:03:29,LABUSDT,LONG,10,55.05698397841766,1.8122,,99.77426636568849,9.977426636568849,,,,0,,,,,,,,,,,,UNKNOWN,0.0,1.0,,0.0,0.0,PAPER_1777712609826_7,0.0002
T000007,2026-05-02 16:51:44,2026-05-02 17:09:34,NFPUSDT,LONG,10,5540.16620498615,0.01805,0.01745,96.67590027700831,10.0,-3.324099722991689,-33.24099722991689,-33.24099722991689,0.019335180055401663,-3.3434349030470907,0.01817,0.01804,0.66481994459833,3.324099722991689,3.324099722991689,0.66481994459833,STOP_LOSS,固定止損 (PnL: -3.32 USDT),17,1070,UNKNOWN,0.0,1.0,,0.0,,PAPER_1777712974927_8,0.0002
T000008,2026-05-02 17:09:35,2026-05-02 17:09:35,UBUSDT,LONG,10,669.9718611818304,0.1493,,100.02679887444727,10.002679887444726,,,,0,,,,,,,,,,,,UNKNOWN,0.0,1.0,,0.0,0.0,PAPER_1777712975721_9,0.0002
T000009,2026-05-02 17:03:29,2026-05-02 17:09:55,LABUSDT,LONG,10,55.05698397841766,1.8122,1.8416,101.39294169465396,9.977426636568849,1.618675328965472,16.22337490343222,16.22337490343222,0.020278588338930793,1.5983967406265414,1.8503,1.8088,2.097671089577714,0.5505698397841771,0.5505698397841771,2.097671089577714,TRAILING_STOP,"移動止損 (最高21.0% → 當前10.9%, 回撤 10.1%)",6,385,UNKNOWN,0.0,1.0,,0.0,,PAPER_1777712995164_10,0.0002
T000010,2026-05-02 17:09:55,2026-05-02 17:09:55,XNYUSDT,LONG,10,13607.293509320996,0.007359,,100.13607293509321,10.01360729350932,,,,0,,,,,,,,,,,,UNKNOWN,0.0,1.0,,0.0,0.0,PAPER_1777712995880_11,0.0002
T000011,2026-05-02 16:51:01,2026-05-02 17:11:08,BUSDT,LONG,10,294.20417769932334,0.3399,0.3392,99.79405707561048,10.0,-0.20594292438952,-2.0594292438951998,-2.0594292438951998,0.019958811415122096,-0.2259017358046421,0.3431,0.3396,0.9414533686378453,1.0885554574874907,1.0885554574874907,0.9414533686378453,TECHNICAL_EXIT,"時間 + 收益 (20分, PnL: -0.21 USDT)",20,1206,UNKNOWN,0.0,1.0,,0.0,,PAPER_1777713068497_12,0.0002
T000012,2026-05-02 17:11:09,2026-05-02 17:11:09,JCTUSDT,LONG,10,28835.06343713956,0.003476,,100.23068050749711,10.02306805074971,,,,0,,,,,,,,,,,,UNKNOWN,0.0,1.0,,0.0,0.0,PAPER_1777713069198_13,0.0002
T000013,2026-05-02 17:11:09,2026-05-02 17:15:21,JCTUSDT,LONG,10,28835.06343713956,0.003476,0.003342,96.36678200692042,10.02306805074971,-3.8638985005767013,-38.55005753739931,-38.55005753739931,0.019273356401384084,-3.8831718569780853,0.003476,0.00345,0.0,3.8638985005767013,3.8638985005767013,0.0,STOP_LOSS,固定止損 (PnL: -3.86 USDT),4,252,UNKNOWN,0.0,1.0,,0.0,,PAPER_1777713321460_14,0.0002
T000014,2026-05-02 17:15:22,2026-05-02 17:15:22,LABUSDT,LONG,10,53.132139631262945,1.882,,99.99468678603685,9.999468678603685,,,,0,,,,,,,,,,,,UNKNOWN,0.0,1.0,,0.0,0.0,PAPER_1777713322278_15,0.0002
T000015,2026-05-02 17:09:35,2026-05-02 17:15:53,UBUSDT,LONG,10,669.9718611818304,0.1493,0.15276,102.34490151413641,10.002679887444726,2.3181026396891458,23.17481580709993,23.17481580709993,0.020468980302827282,2.2976336593863187,0.15395,0.14896,3.1153691544955215,0.22779043280180838,0.22779043280180838,3.1153691544955215,TRAILING_STOP,"移動止損 (最高31.1% → 當前20.4%, 回撤 10.8%)",6,377,UNKNOWN,0.0,1.0,,0.0,,PAPER_1777713353224_16,0.0002
T000016,2026-05-02 17:15:53,2026-05-02 17:15:53,BUSDT,LONG,10,299.4011976047904,0.334,,100.0,10.0,,,,0,,,,,,,,,,,,UNKNOWN,0.0,1.0,,0.0,0.0,PAPER_1777713353946_17,0.0002
T000017,2026-05-02 17:09:55,2026-05-02 17:17:38,XNYUSDT,LONG,10,13607.293509320996,0.007359,0.007121,96.89753707987481,10.01360729350932,-3.238535855218402,-32.341350727001,-32.341350727001,0.019379507415974963,-3.257915362634377,0.007371,0.007326,0.16328752211185002,3.238535855218402,3.238535855218402,0.16328752211185002,STOP_LOSS,固定止損 (PnL: -3.24 USDT),7,462,UNKNOWN,0.0,1.0,,0.0,,PAPER_1777713458479_18,0.0002
T000018,2026-05-02 17:17:39,2026-05-02 17:17:39,BIOUSDT,LONG,10,1977.456990310461,0.05055,,99.9604508601938,9.99604508601938,,,,0,,,,,,,,,,,,UNKNOWN,0.0,1.0,,0.0,0.0,PAPER_1777713459194_19,0.0002
T000019,2026-05-02 17:15:53,2026-05-02 17:21:40,BUSDT,LONG,10,299.4011976047904,0.334,0.3384,101.31736526946106,10.0,1.3173652694610656,13.173652694610654,13.173652694610654,0.020263473053892214,1.2971017964071734,0.341,0.3328,2.0958083832335346,0.449101796407186,0.449101796407186,2.0958083832335346,TRAILING_STOP,"移動止損 (最高21.0% → 當前13.2%, 回撤 7.8%)",5,346,UNKNOWN,0.0,1.0,,0.0,,PAPER_1777713700783_20,0.0002
T000020,2026-05-02 17:21:41,2026-05-02 17:21:41,UBUSDT,LONG,10,664.9378283130527,0.15039,,100.0,10.0,,,,0,,,,,,,,,,,,UNKNOWN,0.0,1.0,,0.0,0.0,PAPER_1777713701478_21,0.0002
T000021,2026-05-02 17:15:22,2026-05-02 17:23:06,LABUSDT,LONG,10,53.132139631262945,1.882,1.9933,105.90829392699644,9.999468678603685,5.913607140959575,59.139213602550576,59.139213602550576,0.02118165878539929,5.892425482174176,2.0113,1.8764,6.8699856543222975,0.2975399819350633,0.2975399819350633,6.8699856543222975,FULL_EXIT,全數止盈 (收益率 68.7%),7,463,UNKNOWN,0.0,1.0,,0.0,,PAPER_1777713786133_22,0.0002
T000022,2026-05-02 17:23:06,2026-05-02 17:23:06,XNYUSDT,LONG,10,14411.298457991064,0.00694,,100.01441129845799,10.001441129845798,,,,0,,,,,,,,,,,,UNKNOWN,0.0,1.0,,0.0,0.0,PAPER_1777713786795_23,0.0002
T000023,2026-05-02 17:21:41,2026-05-02 17:28:59,UBUSDT,LONG,10,664.9378283130527,0.15039,0.15207,101.11709555156594,10.0,1.1170955515659384,11.170955515659383,11.170955515659383,0.02022341911031319,1.0968721324556252,0.15286,0.15039,1.6423964359332401,0.0,0.0,1.6423964359332401,TRAILING_STOP,"移動止損 (最高16.4% → 當前10.4%, 回撤 6.1%)",7,437,UNKNOWN,0.0,1.0,,0.0,,PAPER_1777714139307_24,0.0002
T000024,2026-05-02 17:29:00,2026-05-02 17:29:00,LABUSDT,LONG,10,50.28410519434807,2.0015,,100.64363654648767,10.064363654648767,,,,0,,,,,,,,,,,,UNKNOWN,0.0,1.0,,0.0,0.0,PAPER_1777714140031_25,0.0002
T000025,2026-05-02 17:17:39,2026-05-02 17:29:09,BIOUSDT,LONG,10,1977.456990310461,0.05055,0.05187,102.57069408740361,9.99604508601938,2.610243227209812,26.11275964391695,26.11275964391695,0.020514138817480723,2.5897290883923314,0.0525,0.05048,3.8560411311053997,1.2260233339924769,1.2260233339924769,3.8560411311053997,TRAILING_STOP,"移動止損 (最高38.6% → 當前24.9%, 回撤 13.6%)",11,690,UNKNOWN,0.0,1.0,,0.0,,PAPER_1777714149318_26,0.0002
T000026,2026-05-02 17:29:12,2026-05-02 17:29:12,BUSDT,LONG,10,293.513354857646,0.3408,,100.02935133548576,10.002935133548576,,,,0,,,,,,,,,,,,UNKNOWN,0.0,1.0,,0.0,0.0,PAPER_1777714152854_27,0.0002
T000027,2026-05-02 17:29:00,2026-05-02 17:33:33,LABUSDT,LONG,10,50.28410519434807,2.0015,2.0229,101.7197163976467,10.064363654648767,1.076079851159042,10.691981014239252,10.691981014239252,0.020343943279529344,1.0557359078795125,2.0416,1.9999,2.016392618293348,1.382812892844576,1.382812892844576,2.016392618293348,TRAILING_STOP,"移動止損 (最高20.0% → 當前10.7%, 回撤 9.3%)",4,273,UNKNOWN,0.0,1.0,,0.0,,PAPER_1777714413107_28,0.0002
T000028,2026-05-02 17:33:34,2026-05-02 17:33:34,UBUSDT,LONG,10,659.8917777484493,0.15156,,100.01319783555498,10.001319783555498,,,,0,,,,,,,,,,,,UNKNOWN,0.0,1.0,,0.0,0.0,PAPER_1777714414139_29,0.0002
T000029,2026-05-02 17:33:34,2026-05-02 17:36:01,UBUSDT,LONG,10,659.8917777484493,0.15156,0.15324,101.12181602217235,10.001319783555498,1.1086181866173863,11.084718923198647,11.084718923198647,0.02022436320443447,1.0883938234129518,0.15478,0.15139,2.124851524350007,0.11218160221723868,0.11218160221723868,2.124851524350007,TRAILING_STOP,"移動止損 (最高21.2% → 當前13.8%, 回撤 7.5%)",2,146,UNKNOWN,0.0,1.0,,0.0,,PAPER_1777714561110_30,0.0002
T000030,2026-05-02 17:36:02,2026-05-02 17:36:02,BIOUSDT,LONG,10,1934.610176049526,0.05169,,100.0,10.0,,,,0,,,,,,,,,,,,UNKNOWN,0.0,1.0,,0.0,0.0,PAPER_1777714562015_31,0.0002
T000031,2026-05-02 17:23:06,2026-05-02 17:42:28,XNYUSDT,LONG,10,14411.298457991064,0.00694,0.007015,101.09525868280733,10.001441129845798,1.0808473843493358,10.806916426513029,10.806916426513029,0.020219051736561466,1.0606283326127743,0.007146,0.00692,2.968727482346153,1.9599365902867825,1.9599365902867825,2.968727482346153,TRAILING_STOP,"移動止損 (最高29.7% → 當前10.8%, 回撤 18.9%)",19,1162,UNKNOWN,0.0,1.0,,0.0,,PAPER_1777714948978_32,0.0002
T000032,2026-05-02 17:42:31,2026-05-02 17:42:31,LABUSDT,LONG,10,48.1000481000481,2.0818,,100.13468013468012,10.013468013468012,,,,0,,,,,,,,,,,,UNKNOWN,0.0,1.0,,0.0,0.0,PAPER_1777714951672_33,0.0002
T000033,2026-05-02 17:42:31,2026-05-02 17:42:50,LABUSDT,LONG,10,48.1000481000481,2.0818,2.0909,100.57239057239057,10.013468013468012,0.4377104377104429,4.371217215870933,4.371217215870933,0.020114478114478116,0.41759595959596474,2.098,2.0818,0.7792207792207788,0.0,0.0,0.7792207792207788,TECHNICAL_EXIT,價格偏離 (10.3% > 10.0%),0,18,UNKNOWN,0.0,1.0,,0.0,,PAPER_1777714970592_34,0.0002
T000034,2026-05-02 17:42:51,2026-05-02 17:42:51,UBUSDT,LONG,10,656.5557087518876,0.15205,,99.8292955157245,9.98292955157245,,,,0,,,,,,,,,,,,UNKNOWN,0.0,1.0,,0.0,0.0,PAPER_1777714971622_35,0.0002
T000035,2026-05-02 17:29:12,2026-05-02 17:49:17,BUSDT,LONG,10,293.513354857646,0.3408,0.3327,97.65189316113882,10.002935133548576,-2.3774581743469314,-23.767605633802805,-23.767605633802805,0.019530378632227764,-2.3969885529791592,0.3457,0.3402,1.43821543880247,2.3774581743469314,2.3774581743469314,1.43821543880247,TECHNICAL_EXIT,"時間 + 收益 (20分, PnL: -2.38 USDT)",20,1205,UNKNOWN,0.0,1.0,,0.0,,PAPER_1777715357908_36,0.0002
T000036,2026-05-02 17:49:18,2026-05-02 17:49:18,LABUSDT,LONG,10,47.56695048280454,2.0991,,99.84778575845502,9.984778575845501,,,,0,,,,,,,,,,,,UNKNOWN,0.0,1.0,,0.0,0.0,PAPER_1777715358711_37,0.0002
T000037,2026-05-02 17:49:18,2026-05-02 17:52:07,LABUSDT,LONG,10,47.56695048280454,2.0991,2.0328,96.69409694144507,9.984778575845501,-3.1536888170099426,-31.584964984993587,-31.584964984993587,0.019338819388289016,-3.1730276363982317,2.1033,2.0959,0.1997811920277782,3.1536888170099426,3.1536888170099426,0.1997811920277782,STOP_LOSS,固定止損 (PnL: -3.15 USDT),2,168,UNKNOWN,0.0,1.0,,0.0,,PAPER_1777715527180_38,0.0002
T000038,2026-05-02 17:52:08,2026-05-02 17:52:08,JCTUSDT,LONG,10,29620.85308056872,0.003375,,99.97037914691943,9.997037914691942,,,,0,,,,,,,,,,,,UNKNOWN,0.0,1.0,,0.0,0.0,PAPER_1777715528247_39,0.0002
T000039,2026-05-02 17:52:08,2026-05-02 17:55:39,JCTUSDT,LONG,10,29620.85308056872,0.003375,0.003411,101.03672985781989,9.997037914691942,1.0663507109004742,10.66666666666667,10.66666666666667,0.02020734597156398,1.0461433649289102,0.003429,0.003374,1.5995260663507176,0.029620853080572652,0.029620853080572652,1.5995260663507176,TRAILING_STOP,"移動止損 (最高16.0% → 當前10.7%, 回撤 5.3%)",3,211,UNKNOWN,0.0,1.0,,0.0,,PAPER_1777715739814_40,0.0002
T000040,2026-05-02 17:55:42,2026-05-02 17:55:42,LABUSDT,LONG,10,49.11108928396032,2.0372,,100.04911108928395,10.004911108928395,,,,0,,,,,,,,,,,,UNKNOWN,0.0,1.0,,0.0,0.0,PAPER_1777715742515_41,0.0002
T000041,2026-05-02 17:36:02,2026-05-02 17:56:10,BIOUSDT,LONG,10,1934.610176049526,0.05169,0.05097,98.60708067324434,10.0,-1.3929193267556557,-13.929193267556556,-13.929193267556556,0.01972141613464887,-1.4126407428903045,0.05214,0.05167,0.8705745792222848,1.9539562778100155,1.9539562778100155,0.8705745792222848,TECHNICAL_EXIT,"時間 + 收益 (20分, PnL: -1.39 USDT)",20,1208,UNKNOWN,0.0,1.0,,0.0,,PAPER_1777715770643_42,0.0002
T000042,2026-05-02 17:56:11,2026-05-02 17:56:11,IRYSUSDT,LONG,10,2267.573696145125,0.04401,,99.79591836734694,9.979591836734695,,,,0,,,,,,,,,,,,UNKNOWN,0.0,1.0,,0.0,0.0,PAPER_1777715771549_43,0.0002
T000043,2026-05-02 17:55:42,2026-05-02 18:01:16,LABUSDT,LONG,10,49.11108928396032,2.0372,2.1585,106.00628621942835,10.004911108928395,5.957175130144396,59.542509326526705,59.542509326526705,0.02120125724388567,5.935973872900511,2.191,2.0348,7.553285531873094,0.5303997642667566,0.5303997642667566,7.553285531873094,FULL_EXIT,全數止盈 (收益率 75.5%),5,333,UNKNOWN,0.0,1.0,,0.0,,PAPER_1777716076285_44,0.0002
T000044,2026-05-02 18:01:17,2026-05-02 18:01:17,JCTUSDT,LONG,10,29403.116730373422,0.003401,,100.0,10.0,,,,0,,,,,,,,,,,,UNKNOWN,0.0,1.0,,0.0,0.0,PAPER_1777716077114_45,0.0002
T000045,2026-05-02 17:42:51,2026-05-02 18:03:24,UBUSDT,LONG,10,656.5557087518876,0.15205,0.15649,102.74440286258287,9.98292955157245,2.9151073468583806,29.20092074975337,29.20092074975337,0.020548880572516574,2.894558466285864,0.15755,0.15036,3.6110563981353847,1.109579147790688,1.109579147790688,3.6110563981353847,TECHNICAL_EXIT,"時間 + 收益 (20分, PnL: 2.92 USDT)",20,1232,UNKNOWN,0.0,1.0,,0.0,,PAPER_1777716204140_46,0.0002
T000046,2026-05-02 18:03:24,2026-05-02 18:03:24,TAGUSDT,LONG,10,104964.83677967881,0.0009527,,100.0,10.0,,,,0,,,,,,,,,,,,UNKNOWN,0.0,1.0,,0.0,0.0,PAPER_1777716204977_47,0.0002
T000047,2026-05-02 17:56:11,2026-05-02 18:16:19,IRYSUSDT,LONG,10,2267.573696145125,0.04401,0.04379,99.29705215419501,9.979591836734695,-0.49886621315192287,-4.99886389456937,-4.99886389456937,0.019859410430839004,-0.5187256235827619,0.0441,0.04395,0.20408163265306078,1.4285714285714255,1.4285714285714255,0.20408163265306078,TECHNICAL_EXIT,"時間 + 收益 (20分, PnL: -0.41 USDT)",20,1207,UNKNOWN,0.0,1.0,,0.0,,PAPER_1777716979312_48,0.0002
T000048,2026-05-02 18:16:20,2026-05-02 18:16:20,LABUSDT,LONG,10,46.91972035846666,2.1322,,100.04222774832262,10.004222774832261,,,,0,,,,,,,,,,,,UNKNOWN,0.0,1.0,,0.0,0.0,PAPER_1777716980112_49,0.0002
T000049,2026-05-02 18:16:20,2026-05-02 18:18:03,LABUSDT,LONG,10,46.91972035846666,2.1322,2.1807,102.31783418570825,10.004222774832261,2.275606437385622,22.746459056373592,22.746459056373592,0.02046356683714165,2.2551428705484806,2.1807,2.1322,2.275606437385622,0.0,0.0,2.275606437385622,TECHNICAL_EXIT,價格偏離 (10.2% > 10.0%),1,103,UNKNOWN,0.0,1.0,,0.0,,PAPER_1777717083394_50,0.0002
T000050,2026-05-02 18:18:04,2026-05-02 18:18:04,BIOUSDT,LONG,10,1935.3590090961873,0.05149,,99.65163537836268,9.965163537836268,,,,0,,,,,,,,,,,,UNKNOWN,0.0,1.0,,0.0,0.0,PAPER_1777717084307_51,0.0002
T000051,2026-05-02 18:01:17,2026-05-02 18:20:43,JCTUSDT,LONG,10,29403.116730373422,0.003401,0.003294,96.85386650985005,10.0,-3.146133490149953,-31.461334901499526,-31.461334901499526,0.019370773301970012,-3.165504263451923,0.003424,0.003398,0.6762716847985892,3.0579241399588337,3.0579241399588337,0.6762716847985892,STOP_LOSS,固定止損 (PnL: -3.06 USDT),19,1166,UNKNOWN,0.0,1.0,,0.0,,PAPER_1777717243473_52,0.0002
T000052,2026-05-02 18:20:44,2026-05-02 18:20:44,UBUSDT,LONG,10,656.1249261859458,0.15191,,99.67193753690702,9.967193753690703,,,,0,,,,,,,,,,,,UNKNOWN,0.0,1.0,,0.0,0.0,PAPER_1777717244335_53,0.0002
T000053,2026-05-02 18:20:44,2026-05-02 18:22:39,UBUSDT,LONG,10,656.1249261859458,0.15191,0.15349,100.70861492028081,9.967193753690703,1.0366773833737932,10.400895266934358,10.400895266934358,0.020141722984056164,1.016535660389737,0.1543,0.15191,1.5681385735844127,0.0,0.0,1.5681385735844127,TRAILING_STOP,"移動止損 (最高15.7% → 當前10.4%, 回撤 5.3%)",1,114,UNKNOWN,0.0,1.0,,0.0,,PAPER_1777717359183_54,0.0002
T000054,2026-05-02 18:22:39,2026-05-02 18:22:39,LABUSDT,LONG,10,46.561437817199796,2.1494,,100.07915444428924,10.007915444428924,,,,0,,,,,,,,,,,,UNKNOWN,0.0,1.0,,0.0,0.0,PAPER_1777717359936_55,0.0002
T000055,2026-05-02 18:03:24,2026-05-02 18:23:31,TAGUSDT,LONG,10,104964.83677967881,0.0009527,0.0009582,100.57730660228823,10.0,0.5773066022882304,5.773066022882304,5.773066022882304,0.020115461320457648,0.5571911409677728,0.0009601,0.0009522,0.7767397921696193,1.2700745250341159,1.2700745250341159,0.7767397921696193,TECHNICAL_EXIT,"時間 + 收益 (20分, PnL: 0.59 USDT)",20,1206,UNKNOWN,0.0,1.0,,0.0,,PAPER_1777717411908_56,0.0002
T000056,2026-05-02 18:23:32,2026-05-02 18:23:32,TACUSDT,LONG,10,4251.339171839129,0.02347,,99.77893036306438,9.977893036306437,,,,0,,,,,,,,,,,,UNKNOWN,0.0,1.0,,0.0,0.0,PAPER_1777717412710_57,0.0002
T000057,2026-05-02 18:18:04,2026-05-02 18:28:14,BIOUSDT,LONG,10,1935.3590090961873,0.05149,0.04992,96.61312173408167,9.965163537836268,-3.038513644281018,-30.491357545154436,-30.491357545154436,0.019322624346816336,-3.057836268627834,0.0519,0.05143,0.793497193729438,3.038513644281018,3.038513644281018,0.793497193729438,STOP_LOSS,固定止損 (PnL: -3.04 USDT),10,609,UNKNOWN,0.0,1.0,,0.0,,PAPER_1777717694031_58,0.0002
T000058,2026-05-02 18:28:14,2026-05-02 18:28:14,TAGUSDT,LONG,10,102585.14567090686,0.0009738,,99.8974148543291,9.98974148543291,,,,0,,,,,,,,,,,,UNKNOWN,0.0,1.0,,0.0,0.0,PAPER_1777717694908_59,0.0002
T000059,2026-05-02 18:23:32,2026-05-02 18:30:09,TACUSDT,LONG,10,4251.339171839129,0.02347,0.023592,100.29759374202874,9.977893036306437,0.5186633789643615,5.198125266297278,5.198125266297278,0.02005951874840575,0.4986038602159558,0.023903,0.023326,1.8408298614063403,1.1776209505994513,1.1776209505994513,1.8408298614063403,TRAILING_STOP,"移動止損 (最高18.4% → 當前10.4%, 回撤 8.1%)",6,396,UNKNOWN,0.0,1.0,,0.0,,PAPER_1777717809682_60,0.0002
T000060,2026-05-02 18:30:10,2026-05-02 18:30:10,CHILLGUYUSDT,LONG,10,7283.851700779373,0.013733,,100.02913540680312,10.002913540680312,,,,0,,,,,,,,,,,,UNKNOWN,0.0,1.0,,0.0,0.0,PAPER_1777717810626_61,0.0002
T000061,2026-05-02 18:22:39,2026-05-02 18:37:05,LABUSDT,LONG,10,46.561437817199796,2.1494,2.1714,101.10350607626765,10.007915444428924,1.0243516319784067,10.23541453428875,10.23541453428875,0.02022070121525353,1.0041309307631532,2.1826,2.1355,1.5458397355310285,2.0766401266471095,2.0766401266471095,1.5458397355310285,TRAILING_STOP,"移動止損 (最高15.4% → 當前10.2%, 回撤 5.2%)",14,865,UNKNOWN,0.0,1.0,,0.0,,PAPER_1777718225105_62,0.0002
T000062,2026-05-02 18:37:05,2026-05-02 18:37:05,TACUSDT,LONG,10,4180.776788327271,0.023983,,100.26756971445295,10.026756971445295,,,,0,,,,,,,,,,,,UNKNOWN,0.0,1.0,,0.0,0.0,PAPER_1777718225992_63,0.0002
T000063,2026-05-02 18:37:05,2026-05-02 18:48:10,TACUSDT,LONG,10,4180.776788327271,0.023983,0.024251,101.38801789372465,10.026756971445295,1.1204481792717123,11.174581995580239,11.174581995580239,0.020277603578744932,1.1001705756929674,0.024397,0.023954,1.7308415903674805,0.30937748233622286,0.30937748233622286,1.7308415903674805,TRAILING_STOP,"移動止損 (最高17.3% → 當前11.2%, 回撤 6.1%)",11,664,UNKNOWN,0.0,1.0,,0.0,,PAPER_1777718890347_64,0.0002
T000064,2026-05-02 18:48:11,2026-05-02 18:48:11,LABUSDT,LONG,10,47.04775346977181,2.1323,,100.31992472359443,10.031992472359443,,,,0,,,,,,,,,,,,UNKNOWN,0.0,1.0,,0.0,0.0,PAPER_1777718891101_65,0.0002
T000065,2026-05-02 18:28:14,2026-05-02 18:48:20,TAGUSDT,LONG,10,102585.14567090686,0.0009738,0.0009855,101.09766105867871,9.98974148543291,1.2002462043496116,12.014787430683931,12.014787430683931,0.020219532211735742,1.1800266721378758,0.000987,0.0009702,1.35412392285597,0.687320475995076,0.687320475995076,1.35412392285597,TECHNICAL_EXIT,"時間 + 收益 (20分, PnL: 1.17 USDT)",20,1205,UNKNOWN,0.0,1.0,,0.0,,PAPER_1777718900383_66,0.0002
T000066,2026-05-02 18:49:39,2026-05-02 18:49:39,BUSDT,LONG,10,298.1514609421586,0.3351,,99.91055456171736,9.991055456171736,,,,0,,,,,,,,,,,,UNKNOWN,0.0,1.0,,0.0,0.0,PAPER_1777718979223_67,0.0002
T000067,2026-05-02 18:30:10,2026-05-02 18:50:20,CHILLGUYUSDT,LONG,10,7283.851700779373,0.013733,0.013562,98.78359676596985,10.002913540680312,-1.24553864083328,-12.451758537828661,-12.451758537828661,0.01975671935319397,-1.265295360186474,0.013788,0.013716,0.4006118435428618,1.5223250054628952,1.5223250054628952,0.4006118435428618,TECHNICAL_EXIT,"時間 + 收益 (20分, PnL: -1.34 USDT)",20,1209,UNKNOWN,0.0,1.0,,0.0,,PAPER_1777719020529_68,0.0002
T000068,2026-05-02 18:51:04,2026-05-02 18:51:04,JCTUSDT,LONG,10,29542.097488921714,0.003371,,99.58641063515509,9.95864106351551,,,,0,,,,,,,,,,,,UNKNOWN,0.0,1.0,,0.0,0.0,PAPER_1777719064308_69,0.0002
T000069,2026-05-02 18:48:11,2026-05-02 18:51:45,LABUSDT,LONG,10,47.04775346977181,2.1323,2.0674,97.26652552340626,10.031992472359443,-3.0533992001881782,-30.436617736716098,-30.436617736716098,0.019453305104681254,-3.0728525052928597,2.1323,2.0871,0.0,3.373323923782633,3.373323923782633,0.0,STOP_LOSS,固定止損 (PnL: -3.37 USDT),3,214,UNKNOWN,0.0,1.0,,0.0,,PAPER_1777719105128_70,0.0002
T000070,2026-05-02 18:51:45,2026-05-02 18:51:45,XNYUSDT,LONG,10,14518.002322880371,0.00688,,99.88385598141696,9.988385598141695,,,,0,,,,,,,,,,,,UNKNOWN,0.0,1.0,,0.0,0.0,PAPER_1777719105861_71,0.0002
T000000,2026-05-02 19:46:45,2026-05-02 19:46:45,LABUSDT,LONG,10,46.20218074293106,2.1623,,99.90297542043984,9.990297542043985,,,,0,,,,,,,,,,,,UNKNOWN,0.0,1.0,,0.0,0.0,PAPER_1777722405864_1,0.0002
T000001,2026-05-02 19:46:46,2026-05-02 19:46:46,BUSDT,LONG,10,293.3411557641537,0.3414,,100.14667057788208,10.014667057788207,,,,0,,,,,,,,,,,,UNKNOWN,0.0,1.0,,0.0,0.0,PAPER_1777722406109_2,0.0002
T000002,2026-05-02 19:46:46,2026-05-02 19:46:46,TAGUSDT,LONG,10,95265.3138992093,0.0010487,,99.9047346861008,9.99047346861008,,,,0,,,,,,,,,,,,UNKNOWN,0.0,1.0,,0.0,0.0,PAPER_1777722406426_3,0.0002
T000003,2026-05-02 19:46:46,2026-05-02 19:56:17,TAGUSDT,LONG,10,95265.3138992093,0.0010487,0.0010642,101.38134705153854,9.99047346861008,1.4766123654377337,14.780204062172105,14.780204062172105,0.020276269410307707,1.4563360960274259,0.001076,0.0010479,2.6007430694483995,0.38106125559684645,0.38106125559684645,2.6007430694483995,TRAILING_STOP,"移動止損 (最高26.0% → 當前16.8%, 回撤 9.2%)",9,570,UNKNOWN,0.0,1.0,,0.0,,PAPER_1777722977070_4,0.0002
T000004,2026-05-02 19:56:18,2026-05-02 19:56:18,JCTUSDT,LONG,10,29568.30277942046,0.003382,,100.0,10.0,,,,0,,,,,,,,,,,,UNKNOWN,0.0,1.0,,0.0,0.0,PAPER_1777722978278_5,0.0002
T000005,2026-05-02 19:46:45,2026-05-02 20:06:50,LABUSDT,LONG,10,46.20218074293106,2.1623,2.1501,99.33930881537609,9.990297542043985,-0.5636666050637584,-5.6421403135550054,-5.6421403135550054,0.019867861763075218,-0.5835344668268336,2.1659,2.1594,0.16632785067455402,2.4856773239697048,2.4856773239697048,0.16632785067455402,TECHNICAL_EXIT,"時間 + 收益 (20分, PnL: -0.56 USDT)",20,1205,UNKNOWN,0.0,1.0,,0.0,,PAPER_1777723610985_6,0.0002
T000006,2026-05-02 20:06:53,2026-05-02 20:06:53,BIOUSDT,LONG,10,1859.0816136828407,0.05385,,100.11154489682097,10.011154489682097,,,,0,,,,,,,,,,,,UNKNOWN,0.0,1.0,,0.0,0.0,PAPER_1777723613026_7,0.0002
T000007,2026-05-02 19:46:46,2026-05-02 20:06:58,BUSDT,LONG,10,293.3411557641537,0.3414,0.3411,100.05866823115284,10.014667057788207,-0.08800234672923642,-0.8787346221440158,-0.8787346221440158,0.02001173364623057,-0.10801408037546699,0.3428,0.3408,0.41067761806981884,2.786740979759463,2.786740979759463,0.41067761806981884,TECHNICAL_EXIT,"時間 + 收益 (20分, PnL: -0.09 USDT)",20,1212,UNKNOWN,0.0,1.0,,0.0,,PAPER_1777723618484_8,0.0002
T000008,2026-05-02 20:07:00,2026-05-02 20:07:00,TAGUSDT,LONG,10,92798.81217520416,0.0010776,,100.0,10.0,,,,0,,,,,,,,,,,,UNKNOWN,0.0,1.0,,0.0,0.0,PAPER_1777723620317_9,0.0002
T000009,2026-05-02 20:06:53,2026-05-02 20:15:31,BIOUSDT,LONG,10,1859.0816136828407,0.05385,0.05221,97.0626510503811,10.011154489682097,-3.0488938464398636,-30.454967502321313,-30.454967502321313,0.01941253021007622,-3.06830637664994,0.05385,0.0536,0.0,3.0488938464398636,3.0488938464398636,0.0,STOP_LOSS,固定止損 (PnL: -3.05 USDT),8,518,UNKNOWN,0.0,1.0,,0.0,,PAPER_1777724131769_10,0.0002
T000010,2026-05-02 20:15:33,2026-05-02 20:15:33,LABUSDT,LONG,10,45.275501426178295,2.2117,,100.13582650427854,10.013582650427853,,,,0,,,,,,,,,,,,UNKNOWN,0.0,1.0,,0.0,0.0,PAPER_1777724133781_11,0.0002
T000011,2026-05-02 20:15:33,2026-05-02 20:16:15,LABUSDT,LONG,10,45.275501426178295,2.2117,2.2328,101.09113958437091,10.013582650427853,0.9553130800923674,9.540172717818926,9.540172717818926,0.020218227916874183,0.9350948521754932,2.2642,2.2097,2.37696382487437,0.09055100285234662,0.09055100285234662,2.37696382487437,TRAILING_STOP,"移動止損 (最高23.7% → 當前10.6%, 回撤 13.1%)",0,41,UNKNOWN,0.0,1.0,,0.0,,PAPER_1777724175467_12,0.0002
T000012,2026-05-02 20:16:17,2026-05-02 20:16:17,BUSDT,LONG,10,294.0311673037342,0.3396,,99.85298441634814,9.985298441634814,,,,0,,,,,,,,,,,,UNKNOWN,0.0,1.0,,0.0,0.0,PAPER_1777724177664_13,0.0002
T000013,2026-05-02 19:56:18,2026-05-02 20:16:25,JCTUSDT,LONG,10,29568.30277942046,0.003382,0.003401,100.56179775280899,10.0,0.5617977528089864,5.617977528089864,5.617977528089864,0.020112359550561797,0.5416853932584246,0.00342,0.00338,1.1235955056179727,0.266114725014781,0.266114725014781,1.1235955056179727,TECHNICAL_EXIT,"時間 + 收益 (20分, PnL: 0.56 USDT)",20,1206,UNKNOWN,0.0,1.0,,0.0,,PAPER_1777724185172_14,0.0002
T000014,2026-05-02 20:16:29,2026-05-02 20:16:29,CHILLGUYUSDT,LONG,10,7287.036362311447,0.013721,,99.98542592727537,9.998542592727537,,,,0,,,,,,,,,,,,UNKNOWN,0.0,1.0,,0.0,0.0,PAPER_1777724189244_15,0.0002
T000015,2026-05-02 20:07:00,2026-05-02 20:19:05,TAGUSDT,LONG,10,92798.81217520416,0.0010776,0.001093,101.42910170749815,10.0,1.4291017074981487,14.291017074981488,14.291017074981488,0.02028582034149963,1.408815887156649,0.0011146,0.0010767,3.433556050482567,0.7423904974016312,0.7423904974016312,3.433556050482567,TRAILING_STOP,"移動止損 (最高34.3% → 當前10.0%, 回撤 24.3%)",12,724,UNKNOWN,0.0,1.0,,0.0,,PAPER_1777724345200_16,0.0002
T000016,2026-05-02 20:19:06,2026-05-02 20:19:06,BIOUSDT,LONG,10,1882.5301204819277,0.05306,,99.88704819277109,9.988704819277109,,,,0,,,,,,,,,,,,UNKNOWN,0.0,1.0,,0.0,0.0,PAPER_1777724346986_17,0.0002
T000017,2026-05-02 20:16:29,2026-05-02 20:28:19,CHILLGUYUSDT,LONG,10,7287.036362311447,0.013721,0.013853,100.94731472710048,9.998542592727537,0.9618887998251123,9.62029006632171,9.62029006632171,0.020189462945420095,0.9416993368796922,0.013937,0.013679,1.5739998542592666,0.5975369817095422,0.5975369817095422,1.5739998542592666,TRAILING_STOP,"移動止損 (最高15.7% → 當前10.2%, 回撤 5.5%)",11,710,UNKNOWN,0.0,1.0,,0.0,,PAPER_1777724899518_18,0.0002
T000018,2026-05-02 20:28:22,2026-05-02 20:28:22,LABUSDT,LONG,10,45.0470741925312,2.2192,,99.96846704806522,9.996846704806522,,,,0,,,,,,,,,,,,UNKNOWN,0.0,1.0,,0.0,0.0,PAPER_1777724902874_19,0.0002
T000019,2026-05-02 20:16:17,2026-05-02 20:31:08,BUSDT,LONG,10,294.0311673037342,0.3396,0.3432,100.91149661864158,9.985298441634814,1.0585122022934408,10.600706713780895,10.600706713780895,0.020182299323728316,1.0383299029697124,0.3454,0.3395,1.7053807703616501,0.6468685680682256,0.6468685680682256,1.7053807703616501,TRAILING_STOP,"移動止損 (最高17.1% → 當前10.6%, 回撤 6.5%)",14,890,UNKNOWN,0.0,1.0,,0.0,,PAPER_1777725068062_20,0.0002
T000020,2026-05-02 20:31:10,2026-05-02 20:31:10,TAGUSDT,LONG,10,87966.22097114708,0.0011382,,100.1231527093596,10.01231527093596,,,,0,,,,,,,,,,,,UNKNOWN,0.0,1.0,,0.0,0.0,PAPER_1777725070983_21,0.0002
T000021,2026-05-02 20:28:22,2026-05-02 20:33:36,LABUSDT,LONG,10,45.0470741925312,2.2192,2.2478,101.25681336997162,9.996846704806522,1.2883463219063904,12.887527036769992,12.887527036769992,0.020251362673994324,1.268094959232396,2.2656,2.2136,2.0901842425334576,0.8558944096580785,0.8558944096580785,2.0901842425334576,TRAILING_STOP,"移動止損 (最高20.9% → 當前10.0%, 回撤 10.9%)",5,314,UNKNOWN,0.0,1.0,,0.0,,PAPER_1777725216886_22,0.0002
T000022,2026-05-02 20:33:39,2026-05-02 20:33:39,JCTUSDT,LONG,10,29282.576866764273,0.003415,,100.0,10.0,,,,0,,,,,,,,,,,,UNKNOWN,0.0,1.0,,0.0,0.0,PAPER_1777725219484_23,0.0002
T000023,2026-05-02 20:31:10,2026-05-02 20:35:23,TAGUSDT,LONG,10,87966.22097114708,0.0011382,0.00117,102.92047853624209,10.01231527093596,2.7973258268824783,27.938850817079608,27.938850817079608,0.02058409570724842,2.77674173117523,0.0011721,0.0011277,2.9820548909218774,0.9236453201970525,0.9236453201970525,2.9820548909218774,TECHNICAL_EXIT,價格偏離 (11.3% > 10.0%),4,252,UNKNOWN,0.0,1.0,,0.0,,PAPER_1777725323751_24,0.0002
T000024,2026-05-02 20:35:26,2026-05-02 20:35:26,BUSDT,LONG,10,287.68699654775605,0.3476,,100.00000000000001,10.000000000000002,,,,0,,,,,,,,,,,,UNKNOWN,0.0,1.0,,0.0,0.0,PAPER_1777725326091_25,0.0002
T000025,2026-05-02 20:19:06,2026-05-02 20:38:50,BIOUSDT,LONG,10,1882.5301204819277,0.05306,0.05364,100.9789156626506,9.988704819277109,1.0918674698795128,10.931021485111142,10.931021485111142,0.02019578313253012,1.0716716867469827,0.05397,0.05288,1.7131024096385432,1.223644578313262,1.223644578313262,1.7131024096385432,TRAILING_STOP,"移動止損 (最高17.2% → 當前11.1%, 回撤 6.0%)",19,1183,UNKNOWN,0.0,1.0,,0.0,,PAPER_1777725530166_26,0.0002
T000026,2026-05-02 20:38:52,2026-05-02 20:38:52,LABUSDT,LONG,10,45.660015524405274,2.1912,,100.05022601707682,10.005022601707683,,,,0,,,,,,,,,,,,UNKNOWN,0.0,1.0,,0.0,0.0,PAPER_1777725532527_27,0.0002
T000027,2026-05-02 20:33:39,2026-05-02 20:53:49,JCTUSDT,LONG,10,29282.576866764273,0.003415,0.003425,100.29282576866764,10.0,0.2928257686676435,2.9282576866764347,2.9282576866764347,0.02005856515373353,0.27276720351390993,0.003437,0.00341,0.6442166910688106,0.6734992679355788,0.6734992679355788,0.6442166910688106,TECHNICAL_EXIT,"時間 + 收益 (20分, PnL: 0.29 USDT)",20,1209,UNKNOWN,0.0,1.0,,0.0,,PAPER_1777726429235_28,0.0002
T000028,2026-05-02 20:53:51,2026-05-02 20:53:51,TAGUSDT,LONG,10,86625.08662508662,0.0011532,,99.8960498960499,9.98960498960499,,,,0,,,,,,,,,,,,UNKNOWN,0.0,1.0,,0.0,0.0,PAPER_1777726431895_29,0.0002
T000029,2026-05-02 20:35:26,2026-05-02 20:55:34,BUSDT,LONG,10,287.68699654775605,0.3476,0.3515,101.12197928653625,10.000000000000002,1.1219792865362368,11.219792865362365,11.219792865362365,0.02022439585730725,1.1017548906789296,0.3523,0.3473,1.3521288837744483,1.0644418872267079,1.0644418872267079,1.3521288837744483,TECHNICAL_EXIT,"時間 + 收益 (20分, PnL: 1.09 USDT)",20,1208,UNKNOWN,0.0,1.0,,0.0,,PAPER_1777726534263_30,0.0002
T000030,2026-05-02 20:55:37,2026-05-02 20:55:37,BIOUSDT,LONG,10,1884.6588767433093,0.05309,,100.0565397663023,10.00565397663023,,,,0,,,,,,,,,,,,UNKNOWN,0.0,1.0,,0.0,0.0,PAPER_1777726537228_31,0.0002
T000031,2026-05-02 20:53:51,2026-05-02 20:57:09,TAGUSDT,LONG,10,86625.08662508662,0.0011532,0.0011741,101.7065142065142,9.98960498960499,1.8104643104643028,18.12348248352403,18.12348248352403,0.020341302841302842,1.790123007623,0.0011872,0.0011433,2.9452529452529417,1.4033264033264092,1.4033264033264092,2.9452529452529417,TRAILING_STOP,"移動止損 (最高29.5% → 當前18.1%, 回撤 11.4%)",3,197,UNKNOWN,0.0,1.0,,0.0,,PAPER_1777726629082_32,0.0002
T000032,2026-05-02 20:57:12,2026-05-02 20:57:12,UBUSDT,LONG,10,722.6477814713109,0.13823,,99.8916028327793,9.98916028327793,,,,0,,,,,,,,,,,,UNKNOWN,0.0,1.0,,0.0,0.0,PAPER_1777726632230_33,0.0002
T000033,2026-05-02 20:38:52,2026-05-02 20:58:55,LABUSDT,LONG,10,45.660015524405274,2.1912,2.1493,98.13707136660426,10.005022601707683,-1.913154650472563,-19.12194231471322,-19.12194231471322,0.01962741427332085,-1.9327820647458838,2.2031,2.1823,0.5433541847404338,2.4336788274507866,2.4336788274507866,0.5433541847404338,TECHNICAL_EXIT,"時間 + 收益 (20分, PnL: -1.90 USDT)",20,1203,UNKNOWN,0.0,1.0,,0.0,,PAPER_1777726735611_34,0.0002
T000034,2026-05-02 20:58:58,2026-05-02 20:58:58,BUSDT,LONG,10,287.1912693854107,0.3479,,99.91384261918438,9.991384261918437,,,,0,,,,,,,,,,,,UNKNOWN,0.0,1.0,,0.0,0.0,PAPER_1777726738077_35,0.0002
T000035,2026-05-02 20:57:12,2026-05-02 21:14:08,UBUSDT,LONG,10,722.6477814713109,0.13823,0.14036,101.4308426073132,9.98916028327793,1.539239774533907,15.409100774072348,15.409100774072348,0.02028616852146264,1.5189536060124444,0.1418,0.13812,2.5798525798525924,1.8282988871224197,1.8282988871224197,2.5798525798525924,TRAILING_STOP,"移動止損 (最高25.8% → 當前11.6%, 回撤 14.2%)",16,1016,UNKNOWN,0.0,1.0,,0.0,,PAPER_1777727648417_36,0.0002
T000036,2026-05-02 21:14:12,2026-05-02 21:14:12,TAGUSDT,LONG,10,83850.41086701324,0.0011894,,99.73167868522555,9.973167868522555,,,,0,,,,,,,,,,,,UNKNOWN,0.0,1.0,,0.0,0.0,PAPER_1777727652282_37,0.0002
T000037,2026-05-02 20:55:37,2026-05-02 21:15:45,BIOUSDT,LONG,10,1884.6588767433093,0.05309,0.05289,99.67960799095363,10.00565397663023,-0.37693177534865957,-3.767187794311523,-3.767187794311523,0.019935921598190725,-0.3968676969468503,0.05326,0.05308,0.32039200904636916,1.7527327553712782,1.7527327553712782,0.32039200904636916,TECHNICAL_EXIT,"時間 + 收益 (20分, PnL: -0.38 USDT)",20,1208,UNKNOWN,0.0,1.0,,0.0,,PAPER_1777727745990_38,0.0002
T000038,2026-05-02 21:15:48,2026-05-02 21:15:48,JCTUSDT,LONG,10,28893.383415197917,0.003461,,100.0,10.0,,,,0,,,,,,,,,,,,UNKNOWN,0.0,1.0,,0.0,0.0,PAPER_1777727748377_39,0.0002
T000039,2026-05-02 20:58:58,2026-05-02 21:19:05,BUSDT,LONG,10,287.1912693854107,0.3479,0.345,99.08098793796668,9.991384261918437,-0.8328546812176949,-8.335728657660287,-8.335728657660287,0.019816197587593336,-0.8526708788052882,0.3484,0.3474,0.14359563469270548,2.211372774267658,2.211372774267658,0.14359563469270548,TECHNICAL_EXIT,"時間 + 收益 (20分, PnL: -0.83 USDT)",20,1207,UNKNOWN,0.0,1.0,,0.0,,PAPER_1777727945991_40,0.0002
T000040,2026-05-02 21:19:08,2026-05-02 21:19:08,BIOUSDT,LONG,10,1839.587932303164,0.05438,,100.03679175864606,10.003679175864606,,,,0,,,,,,,,,,,,UNKNOWN,0.0,1.0,,0.0,0.0,PAPER_1777727948237_41,0.0002
T000041,2026-05-02 21:15:48,2026-05-02 21:22:52,JCTUSDT,LONG,10,28893.383415197917,0.003461,0.003497,101.04016180294713,10.0,1.0401618029471253,10.401618029471253,10.401618029471253,0.020208032360589427,1.019953770586536,0.003522,0.00346,1.7624963883270688,0.43340075122797617,0.43340075122797617,1.7624963883270688,TRAILING_STOP,"移動止損 (最高17.6% → 當前10.4%, 回撤 7.2%)",7,424,UNKNOWN,0.0,1.0,,0.0,,PAPER_1777728172632_42,0.0002
T000042,2026-05-02 21:22:54,2026-05-02 21:22:54,BUSDT,LONG,10,289.35185185185185,0.346,,100.11574074074073,10.011574074074073,,,,0,,,,,,,,,,,,UNKNOWN,0.0,1.0,,0.0,0.0,PAPER_1777728174527_43,0.0002
T000043,2026-05-02 21:14:12,2026-05-02 21:34:16,TAGUSDT,LONG,10,83850.41086701324,0.0011894,0.0011892,99.71490860305215,9.973167868522555,-0.016770082173393965,-0.16815200941642544,-0.16815200941642544,0.01994298172061043,-0.036713063894004395,0.0012029,0.0011848,1.1319805467046835,2.565822572530604,2.565822572530604,1.1319805467046835,TECHNICAL_EXIT,"時間 + 收益 (20分, PnL: -0.23 USDT)",20,1204,UNKNOWN,0.0,1.0,,0.0,,PAPER_1777728856898_44,0.0002
T000044,2026-05-02 21:34:20,2026-05-02 21:34:20,JCTUSDT,LONG,10,27855.15320334262,0.00359,,100.0,10.0,,,,0,,,,,,,,,,,,UNKNOWN,0.0,1.0,,0.0,0.0,PAPER_1777728860009_45,0.0002
T000045,2026-05-02 21:19:08,2026-05-02 21:34:27,BIOUSDT,LONG,10,1839.587932303164,0.05438,0.05796,106.62251655629139,10.003679175864606,6.585724797645327,65.83302684810592,65.83302684810592,0.021324503311258278,6.564400294334068,0.05796,0.05429,6.585724797645327,1.4348785871964607,1.4348785871964607,6.585724797645327,FULL_EXIT,全數止盈 (收益率 65.8%),15,919,UNKNOWN,0.0,1.0,,0.0,,PAPER_1777728867594_46,0.0002
T000046,2026-05-02 21:34:30,2026-05-02 21:34:30,UBUSDT,LONG,10,722.5955632632415,0.13817,,99.84102897608207,9.984102897608206,,,,0,,,,,,,,,,,,UNKNOWN,0.0,1.0,,0.0,0.0,PAPER_1777728870315_47,0.0002
T000047,2026-05-02 21:22:54,2026-05-02 21:34:37,BUSDT,LONG,10,289.35185185185185,0.346,0.3492,101.04166666666667,10.011574074074073,0.9259259259259364,9.248554913294903,9.248554913294903,0.020208333333333335,0.905717592592603,0.3536,0.3456,2.199074074074089,0.2893518518518521,0.2893518518518521,2.199074074074089,TRAILING_STOP,"移動止損 (最高22.0% → 當前10.4%, 回撤 11.6%)",11,703,UNKNOWN,0.0,1.0,,0.0,,PAPER_1777728877899_48,0.0002
T000048,2026-05-02 21:34:40,2026-05-02 21:34:40,SPACEUSDT,LONG,10,11820.33096926714,0.008474,,100.16548463356975,10.016548463356974,,,,0,,,,,,,,,,,,UNKNOWN,0.0,1.0,,0.0,0.0,PAPER_1777728880148_49,0.0002
T000049,2026-05-02 21:34:30,2026-05-02 21:39:33,UBUSDT,LONG,10,722.5955632632415,0.13817,0.14048,101.51022472722016,9.984102897608206,1.6691957511380926,16.718535137873683,16.718535137873683,0.020302044945444034,1.6488937061926485,0.14185,0.13803,2.6591516728087408,0.267360358407386,0.267360358407386,2.6591516728087408,TRAILING_STOP,"移動止損 (最高26.6% → 當前17.1%, 回撤 9.6%)",5,303,UNKNOWN,0.0,1.0,,0.0,,PAPER_1777729173488_50,0.0002
T000050,2026-05-02 21:39:36,2026-05-02 21:39:36,BUSDT,LONG,10,268.3843263553409,0.3723,,99.91948470209341,9.99194847020934,,,,0,,,,,,,,,,,,UNKNOWN,0.0,1.0,,0.0,0.0,PAPER_1777729176163_51,0.0002
T000051,2026-05-02 21:39:36,2026-05-02 21:42:01,BUSDT,LONG,10,268.3843263553409,0.3723,0.3629,97.3966720343532,9.99194847020934,-2.5228126677402094,-25.248455546602255,-25.248455546602255,0.019479334406870642,-2.54229200214708,0.3727,0.3721,0.10735373054212452,4.482018250134191,4.482018250134191,0.10735373054212452,STOP_LOSS,固定止損 (PnL: -4.48 USDT),2,144,UNKNOWN,0.0,1.0,,0.0,,PAPER_1777729321161_52,0.0002
T000052,2026-05-02 21:42:03,2026-05-02 21:42:03,TAGUSDT,LONG,10,81886.66885031117,0.0012199,,99.8935473304946,9.98935473304946,,,,0,,,,,,,,,,,,UNKNOWN,0.0,1.0,,0.0,0.0,PAPER_1777729323734_53,0.0002
T000053,2026-05-02 21:34:20,2026-05-02 21:45:44,JCTUSDT,LONG,10,27855.15320334262,0.00359,0.003628,101.05849582172702,10.0,1.058495821727027,10.584958217270271,10.584958217270271,0.020211699164345405,1.0382841225626815,0.003651,0.003585,1.6991643454039078,0.2506963788300806,0.2506963788300806,1.6991643454039078,TRAILING_STOP,"移動止損 (最高17.0% → 當前10.6%, 回撤 6.4%)",11,684,UNKNOWN,0.0,1.0,,0.0,,PAPER_1777729544142_54,0.0002
T000054,2026-05-02 21:45:48,2026-05-02 21:45:48,BIOUSDT,LONG,10,1689.1891891891892,0.05915,,99.91554054054055,9.991554054054054,,,,0,,,,,,,,,,,,UNKNOWN,0.0,1.0,,0.0,0.0,PAPER_1777729548732_55,0.0002
T000055,2026-05-02 21:45:48,2026-05-02 21:46:16,BIOUSDT,LONG,10,1689.1891891891892,0.05915,0.05983,101.0641891891892,9.991554054054054,1.1486486486486487,11.496196111580726,11.496196111580726,0.020212837837837838,1.1284358108108108,0.05983,0.05911,1.1486486486486487,0.06756756756756481,0.06756756756756481,1.1486486486486487,TECHNICAL_EXIT,價格偏離 (10.1% > 10.0%),0,27,UNKNOWN,0.0,1.0,,0.0,,PAPER_1777729576287_56,0.0002
T000056,2026-05-02 21:46:18,2026-05-02 21:46:18,UBUSDT,LONG,10,701.1147724882563,0.1427,,100.04907803407417,10.004907803407416,,,,0,,,,,,,,,,,,UNKNOWN,0.0,1.0,,0.0,0.0,PAPER_1777729578810_57,0.0002
T000057,2026-05-02 21:34:40,2026-05-02 21:53:09,SPACEUSDT,LONG,10,11820.33096926714,0.008474,0.00858,101.41843971631207,10.016548463356974,1.252955082742319,12.508850601840948,12.508850601840948,0.020283687943262414,1.2326713947990566,0.008679,0.008473,2.4231678486997468,0.9574468085106526,0.9574468085106526,2.4231678486997468,TRAILING_STOP,"移動止損 (最高24.2% → 當前12.5%, 回撤 11.7%)",18,1109,UNKNOWN,0.0,1.0,,0.0,,PAPER_1777729989836_58,0.0002
T000058,2026-05-02 21:53:12,2026-05-02 21:53:12,BIOUSDT,LONG,10,1687.4789065136686,0.05935,,100.15187310158623,10.015187310158623,,,,0,,,,,,,,,,,,UNKNOWN,0.0,1.0,,0.0,0.0,PAPER_1777729992029_59,0.0002
T000059,2026-05-02 21:46:18,2026-05-02 21:54:26,UBUSDT,LONG,10,701.1147724882563,0.1427,0.14423,101.1217836359812,10.004907803407416,1.0727056019070347,10.721793973370735,10.721793973370735,0.020224356727196243,1.0524812451798384,0.14518,0.14263,1.7387646357708828,0.8483488747107824,0.8483488747107824,1.7387646357708828,TRAILING_STOP,"移動止損 (最高17.4% → 當前11.4%, 回撤 6.0%)",8,487,UNKNOWN,0.0,1.0,,0.0,,PAPER_1777730066288_60,0.0002
T000060,2026-05-02 21:54:29,2026-05-02 21:54:29,USTCUSDT,LONG,10,13399.437223636607,0.007463,,100.0,10.0,,,,0,,,,,,,,,,,,UNKNOWN,0.0,1.0,,0.0,0.0,PAPER_1777730069819_61,0.0002
T000061,2026-05-02 21:42:03,2026-05-02 22:03:01,TAGUSDT,LONG,10,81886.66885031117,0.0012199,0.0012952,106.05961349492303,9.98935473304946,6.166066164428425,61.72637101401748,61.72637101401748,0.021211922698984607,6.1448542417294405,0.0012952,0.0012173,6.166066164428425,2.3092040615787868,2.3092040615787868,6.166066164428425,FULL_EXIT,全數止盈 (收益率 61.7%),20,1257,UNKNOWN,0.0,1.0,,0.0,,PAPER_1777730581042_62,0.0002
T000062,2026-05-02 22:03:03,2026-05-02 22:03:03,LABUSDT,LONG,10,42.135423250326554,2.3716,,99.92836978047445,9.992836978047446,,,,0,,,,,,,,,,,,UNKNOWN,0.0,1.0,,0.0,0.0,PAPER_1777730583742_63,0.0002
T000000,2026-05-02 22:06:05,2026-05-02 22:06:05,LABUSDT,LONG,10,42.417815482502654,2.3583,,100.033934252386,10.0033934252386,,,,0,,,,,,,,,,,,UNKNOWN,0.0,1.0,,0.0,0.0,PAPER_1777730765805_1,0.0002
T000001,2026-05-02 22:06:06,2026-05-02 22:06:06,TAGUSDT,LONG,10,73464.59006758743,0.0013619,,100.05142521304732,10.005142521304732,,,,0,,,,,,,,,,,,UNKNOWN,0.0,1.0,,0.0,0.0,PAPER_1777730766025_2,0.0002
T000002,2026-05-02 22:06:06,2026-05-02 22:06:06,BIOUSDT,LONG,10,1682.085786375105,0.05941,,99.93271656854499,9.9932716568545,,,,0,,,,,,,,,,,,UNKNOWN,0.0,1.0,,0.0,0.0,PAPER_1777730766266_3,0.0002
T000003,2026-05-02 22:06:06,2026-05-02 22:06:14,TAGUSDT,LONG,10,73464.59006758743,0.0013619,0.0013693,100.59506317954747,10.005142521304732,0.5436379665001363,5.4335854321167885,5.4335854321167885,0.020119012635909494,0.5235189538642268,0.0013693,0.0013619,0.5436379665001363,0.0,0.0,0.5436379665001363,TECHNICAL_EXIT,價格偏離 (13.7% > 10.0%),0,8,UNKNOWN,0.0,1.0,,0.0,,PAPER_1777730774896_4,0.0002
T000004,2026-05-02 22:06:16,2026-05-02 22:06:16,BUSDT,LONG,10,279.87685418415896,0.3578,,100.13993842709208,10.013993842709208,,,,0,,,,,,,,,,,,UNKNOWN,0.0,1.0,,0.0,0.0,PAPER_1777730776438_5,0.0002
T000005,2026-05-02 22:06:06,2026-05-02 22:10:25,BIOUSDT,LONG,10,1682.085786375105,0.05941,0.06167,103.73423044575273,9.9932716568545,3.801513877207746,38.04073388318473,38.04073388318473,0.020746846089150547,3.7807670311185952,0.06187,0.05936,4.137931034482765,0.10092514718250219,0.10092514718250219,4.137931034482765,TECHNICAL_EXIT,價格偏離 (10.4% > 10.0%),4,259,UNKNOWN,0.0,1.0,,0.0,,PAPER_1777731025476_6,0.0002
T000006,2026-05-02 22:10:30,2026-05-02 22:10:30,TAGUSDT,LONG,10,74349.44237918215,0.0013441,,99.93308550185873,9.993308550185873,,,,0,,,,,,,,,,,,UNKNOWN,0.0,1.0,,0.0,0.0,PAPER_1777731030499_7,0.0002
T000007,2026-05-02 22:10:30,2026-05-02 22:10:36,TAGUSDT,LONG,10,74349.44237918215,0.0013441,0.0013451,100.0074349442379,9.993308550185873,0.07434944237917589,0.7439922624804075,0.7439922624804075,0.020001486988847583,0.0543479553903283,0.001347,0.0013441,0.2156133828996375,0.0,0.0,0.2156133828996375,TECHNICAL_EXIT,價格偏離 (11.1% > 10.0%),0,5,UNKNOWN,0.0,1.0,,0.0,,PAPER_1777731036362_8,0.0002
T000008,2026-05-02 22:10:39,2026-05-02 22:10:39,UBUSDT,LONG,10,682.4541049614413,0.14645,,99.94540367160307,9.994540367160308,,,,0,,,,,,,,,,,,UNKNOWN,0.0,1.0,,0.0,0.0,PAPER_1777731039340_9,0.0002
T000009,2026-05-02 22:06:05,2026-05-02 22:14:29,LABUSDT,LONG,10,42.417815482502654,2.3583,2.462,104.43266171792155,10.0033934252386,4.39872746553554,43.97235296611981,43.97235296611981,0.02088653234358431,4.377840933191956,2.4691,2.3426,4.699893955461304,1.11134676564156,1.11134676564156,4.699893955461304,TECHNICAL_EXIT,價格偏離 (10.1% > 10.0%),8,503,UNKNOWN,0.0,1.0,,0.0,,PAPER_1777731269725_10,0.0002
T000010,2026-05-02 22:14:34,2026-05-02 22:14:34,BIOUSDT,LONG,10,1622.3231667748216,0.06174,,100.16223231667749,10.016223231667748,,,,0,,,,,,,,,,,,UNKNOWN,0.0,1.0,,0.0,0.0,PAPER_1777731274870_11,0.0002
T000011,2026-05-02 22:14:34,2026-05-02 22:14:40,BIOUSDT,LONG,10,1622.3231667748216,0.06174,0.06166,100.0324464633355,10.016223231667748,-0.1297858533419917,-1.2957563977972737,-1.2957563977972737,0.0200064892926671,-0.1497923426346588,0.06174,0.06166,0.0,0.1297858533419917,0.1297858533419917,0.0,TECHNICAL_EXIT,價格偏離 (10.0% > 10.0%),0,6,UNKNOWN,0.0,1.0,,0.0,,PAPER_1777731280978_12,0.0002
T000012,2026-05-02 22:14:42,2026-05-02 22:14:42,TAGUSDT,LONG,10,73953.5571660997,0.0013537,,100.11093033574916,10.011093033574916,,,,0,,,,,,,,,,,,UNKNOWN,0.0,1.0,,0.0,0.0,PAPER_1777731282481_13,0.0002
T000013,2026-05-02 22:14:42,2026-05-02 22:14:51,TAGUSDT,LONG,10,73953.5571660997,0.0013537,0.0013652,100.9613962431593,10.011093033574916,0.8504659074101472,8.495235281081486,8.495235281081486,0.020192279248631862,0.8302736281615153,0.0013652,0.0013537,0.8504659074101472,0.0,0.0,0.8504659074101472,TECHNICAL_EXIT,價格偏離 (12.4% > 10.0%),0,9,UNKNOWN,0.0,1.0,,0.0,,PAPER_1777731291524_14,0.0002
T000014,2026-05-02 22:14:54,2026-05-02 22:14:54,JCTUSDT,LONG,10,27739.251040221912,0.003608,,100.08321775312066,10.008321775312066,,,,0,,,,,,,,,,,,UNKNOWN,0.0,1.0,,0.0,0.0,PAPER_1777731294271_15,0.0002
T000015,2026-05-02 22:06:16,2026-05-02 22:18:24,BUSDT,LONG,10,279.87685418415896,0.3578,0.378,105.79345088161209,10.013993842709208,5.65351245452001,56.456120737842355,56.456120737842355,0.02115869017632242,5.632353764343688,0.3815,0.3569,6.633081444164567,0.8956059333893033,0.8956059333893033,6.633081444164567,FULL_EXIT,全數止盈 (收益率 66.2%),12,727,UNKNOWN,0.0,1.0,,0.0,,PAPER_1777731504018_16,0.0002
T000016,2026-05-02 22:18:26,2026-05-02 22:18:26,LABUSDT,LONG,10,37.861578070573984,2.6657,,100.92760866272907,10.092760866272908,,,,0,,,,,,,,,,,,UNKNOWN,0.0,1.0,,0.0,0.0,PAPER_1777731506860_17,0.0002
T000017,2026-05-02 22:18:26,2026-05-02 22:18:36,LABUSDT,LONG,10,37.861578070573984,2.6657,2.6427,100.05679236710587,10.092760866272908,-0.8708162956232066,-8.628127696289955,-8.628127696289955,0.020011358473421174,-0.8908276540966278,2.6657,2.6272,0.0,1.4576707557170976,1.4576707557170976,0.0,TECHNICAL_EXIT,價格偏離 (15.8% > 10.0%),0,9,UNKNOWN,0.0,1.0,,0.0,,PAPER_1777731516753_18,0.0002
T000018,2026-05-02 22:18:39,2026-05-02 22:18:39,BIOUSDT,LONG,10,1612.9032258064517,0.06201,,100.01612903225808,10.001612903225809,,,,0,,,,,,,,,,,,UNKNOWN,0.0,1.0,,0.0,0.0,PAPER_1777731519575_19,0.0002
T000019,2026-05-02 22:18:39,2026-05-02 22:18:47,BIOUSDT,LONG,10,1612.9032258064517,0.06201,0.06211,100.17741935483872,10.001612903225809,0.1612903225806386,1.6126431220770183,1.6126431220770183,0.020035483870967746,0.14125483870967087,0.06211,0.06201,0.1612903225806386,0.0,0.0,0.1612903225806386,TECHNICAL_EXIT,價格偏離 (10.0% > 10.0%),0,7,UNKNOWN,0.0,1.0,,0.0,,PAPER_1777731527434_20,0.0002
T000020,2026-05-02 22:18:50,2026-05-02 22:18:50,TAGUSDT,LONG,10,69773.93245883338,0.0014314,,99.8744069215741,9.98744069215741,,,,0,,,,,,,,,,,,UNKNOWN,0.0,1.0,,0.0,0.0,PAPER_1777731530084_21,0.0002
T000021,2026-05-02 22:18:50,2026-05-02 22:18:58,TAGUSDT,LONG,10,69773.93245883338,0.0014314,0.0014389,100.39771141501535,9.98744069215741,0.5233044934412442,5.239625541427911,5.239625541427911,0.02007954228300307,0.5032249511582412,0.0014389,0.0014314,0.5233044934412442,0.0,0.0,0.5233044934412442,TECHNICAL_EXIT,價格偏離 (17.2% > 10.0%),0,8,UNKNOWN,0.0,1.0,,0.0,,PAPER_1777731538454_22,0.0002
T000022,2026-05-02 22:19:00,2026-05-02 22:19:00,XNYUSDT,LONG,10,14374.011786689665,0.006957,,100.0,10.0,,,,0,,,,,,,,,,,,UNKNOWN,0.0,1.0,,0.0,0.0,PAPER_1777731540280_23,0.0002
T000023,2026-05-02 22:10:39,2026-05-02 22:19:21,UBUSDT,LONG,10,682.4541049614413,0.14645,0.15494,105.73943902272572,9.994540367160308,5.794035351122635,57.972004096961406,57.972004096961406,0.021147887804545146,5.7728874633180896,0.15558,0.14609,6.230805978297958,0.24568347778611835,0.24568347778611835,6.230805978297958,FULL_EXIT,全數止盈 (收益率 62.3%),8,522,UNKNOWN,0.0,1.0,,0.0,,PAPER_1777731561591_24,0.0002
T000024,2026-05-02 22:19:24,2026-05-02 22:19:24,CHILLGUYUSDT,LONG,10,7012.622720897616,0.014236,,99.83169705469847,9.983169705469846,,,,0,,,,,,,,,,,,UNKNOWN,0.0,1.0,,0.0,0.0,PAPER_1777731564196_25,0.0002
T000025,2026-05-02 22:14:54,2026-05-02 22:28:28,JCTUSDT,LONG,10,27739.251040221912,0.003608,0.003656,101.41470180305132,10.008321775312066,1.3314840499306482,13.30376940133034,13.30376940133034,0.020282940360610263,1.311201109570038,0.003692,0.0036,2.330097087378637,1.803051317614423,1.803051317614423,2.330097087378637,TRAILING_STOP,"移動止損 (最高23.3% → 當前13.3%, 回撤 10.0%)",13,814,UNKNOWN,0.0,1.0,,0.0,,PAPER_1777732108841_26,0.0002
T000026,2026-05-02 22:28:30,2026-05-02 22:28:30,LABUSDT,LONG,10,38.109756097560975,2.6251,,100.04192073170732,10.004192073170731,,,,0,,,,,,,,,,,,UNKNOWN,0.0,1.0,,0.0,0.0,PAPER_1777732110868_27,0.0002
T000027,2026-05-02 22:28:30,2026-05-02 22:28:39,LABUSDT,LONG,10,38.109756097560975,2.6251,2.6383,100.54496951219512,10.004192073170731,0.5030487804878002,5.0283798712429535,5.0283798712429535,0.020108993902439025,0.4829397865853612,2.6383,2.6251,0.5030487804878002,0.0,0.0,0.5030487804878002,TECHNICAL_EXIT,價格偏離 (13.7% > 10.0%),0,9,UNKNOWN,0.0,1.0,,0.0,,PAPER_1777732119891_28,0.0002
T000028,2026-05-02 22:28:42,2026-05-02 22:28:42,BIOUSDT,LONG,10,1587.8056525881234,0.06319,,100.33343918704351,10.03334391870435,,,,0,,,,,,,,,,,,UNKNOWN,0.0,1.0,,0.0,0.0,PAPER_1777732122077_29,0.0002
T000029,2026-05-02 22:28:42,2026-05-02 22:29:02,BIOUSDT,LONG,10,1587.8056525881234,0.06319,0.06334,100.57161003493172,10.03334391870435,0.23817084788821433,2.37379332172808,2.37379332172808,0.020114322006986346,0.21805652588122798,0.06334,0.06314,0.23817084788821433,0.07939028262939743,0.07939028262939743,0.23817084788821433,TECHNICAL_EXIT,價格偏離 (10.3% > 10.0%),0,20,UNKNOWN,0.0,1.0,,0.0,,PAPER_1777732142875_30,0.0002
T000030,2026-05-02 22:29:05,2026-05-02 22:29:05,TAGUSDT,LONG,10,75409.09433677702,0.0013367,,100.79933639996985,10.079933639996984,,,,0,,,,,,,,,,,,UNKNOWN,0.0,1.0,,0.0,0.0,PAPER_1777732145871_31,0.0002
T000031,2026-05-02 22:29:05,2026-05-02 22:31:53,TAGUSDT,LONG,10,75409.09433677702,0.0013367,0.0012964,97.76034989819775,10.079933639996984,-3.038986501772102,-30.148874092915275,-30.148874092915275,0.01955206997963955,-3.0585385717517415,0.0013419,0.0013203,0.39212729055125006,3.038986501772102,3.038986501772102,0.39212729055125006,STOP_LOSS,固定止損 (PnL: -3.04 USDT),2,168,UNKNOWN,0.0,1.0,,0.0,,PAPER_1777732313949_32,0.0002
T000032,2026-05-02 22:31:58,2026-05-02 22:31:58,LABUSDT,LONG,10,37.98093357134719,2.6323,,99.9772114398572,9.99772114398572,,,,0,,,,,,,,,,,,UNKNOWN,0.0,1.0,,0.0,0.0,PAPER_1777732318658_33,0.0002
T000033,2026-05-02 22:31:58,2026-05-02 22:32:04,LABUSDT,LONG,10,37.98093357134719,2.6323,2.628,99.81389342550041,9.99772114398572,-0.16331801435678334,-1.6335524066404847,-1.6335524066404847,0.01996277868510008,-0.1832807930418834,2.6323,2.628,0.0,0.16331801435678334,0.16331801435678334,0.0,TECHNICAL_EXIT,價格偏離 (12.3% > 10.0%),0,5,UNKNOWN,0.0,1.0,,0.0,,PAPER_1777732324455_34,0.0002
T000034,2026-05-02 22:32:07,2026-05-02 22:32:07,BIOUSDT,LONG,10,1580.5278963173698,0.06321,,99.90516832622095,9.990516832622095,,,,0,,,,,,,,,,,,UNKNOWN,0.0,1.0,,0.0,0.0,PAPER_1777732327738_35,0.0002
T000035,2026-05-02 22:32:07,2026-05-02 22:33:18,BIOUSDT,LONG,10,1580.5278963173698,0.06321,0.06415,101.39086454875927,9.990516832622095,1.485696222538322,14.871064704951689,14.871064704951689,0.020278172909751854,1.46541804962857,0.06409,0.06321,1.3908645487592726,0.0,0.0,1.3908645487592726,TECHNICAL_EXIT,價格偏離 (10.6% > 10.0%),1,70,UNKNOWN,0.0,1.0,,0.0,,PAPER_1777732398529_36,0.0002
T000036,2026-05-02 22:33:24,2026-05-02 22:33:24,JCTUSDT,LONG,10,26766.59528907923,0.003736,,100.0,10.0,,,,0,,,,,,,,,,,,UNKNOWN,0.0,1.0,,0.0,0.0,PAPER_1777732404009_37,0.0002
T000037,2026-05-02 22:19:00,2026-05-02 22:39:05,XNYUSDT,LONG,10,14374.011786689665,0.006957,0.007048,101.30803507258875,10.0,1.3080350725887586,13.080350725887586,13.080350725887586,0.020261607014517753,1.2877734655742408,0.007052,0.006953,1.3655311197355249,0.5605864596808966,0.5605864596808966,1.3655311197355249,TECHNICAL_EXIT,"時間 + 收益 (20分, PnL: 1.29 USDT)",20,1204,UNKNOWN,0.0,1.0,,0.0,,PAPER_1777732745161_38,0.0002
T000038,2026-05-02 22:39:07,2026-05-02 22:39:07,BIOUSDT,LONG,10,1573.0690577316343,0.06365,,100.12584552461853,10.012584552461853,,,,0,,,,,,,,,,,,UNKNOWN,0.0,1.0,,0.0,0.0,PAPER_1777732747239_39,0.0002
T000039,2026-05-02 22:19:24,2026-05-02 22:39:28,CHILLGUYUSDT,LONG,10,7012.622720897616,0.014236,0.014647,102.71388499298739,9.983169705469846,2.8821879382889195,28.87046923293059,28.87046923293059,0.020542776998597478,2.861645161290322,0.014685,0.014208,3.148667601683028,0.7643758765778382,0.7643758765778382,3.148667601683028,TECHNICAL_EXIT,"時間 + 收益 (20分, PnL: 2.92 USDT)",20,1204,UNKNOWN,0.0,1.0,,0.0,,PAPER_1777732768813_40,0.0002
T000040,2026-05-02 22:39:30,2026-05-02 22:39:30,TAGUSDT,LONG,10,73594.34795407712,0.0013588,,100.0,10.0,,,,0,,,,,,,,,,,,UNKNOWN,0.0,1.0,,0.0,0.0,PAPER_1777732770432_41,0.0002
T000041,2026-05-02 22:39:30,2026-05-02 22:42:10,TAGUSDT,LONG,10,73594.34795407712,0.0013588,0.0013037,95.94495142773035,10.0,-4.055048572269648,-40.55048572269648,-40.55048572269648,0.01918899028554607,-4.074237562555194,0.0013613,0.0013528,0.1839858698851853,3.753311745657937,3.753311745657937,0.1839858698851853,STOP_LOSS,固定止損 (PnL: -3.75 USDT),2,159,UNKNOWN,0.0,1.0,,0.0,,PAPER_1777732930360_42,0.0002
T000042,2026-05-02 22:42:13,2026-05-02 22:42:13,XNYUSDT,LONG,10,14144.271570014145,0.00707,,100.0,10.0,,,,0,,,,,,,,,,,,UNKNOWN,0.0,1.0,,0.0,0.0,PAPER_1777732933150_43,0.0002
T000043,2026-05-02 22:33:24,2026-05-02 22:46:31,JCTUSDT,LONG,10,26766.59528907923,0.003736,0.003776,101.07066381156316,10.0,1.0706638115631604,10.706638115631604,10.706638115631604,0.020214132762312632,1.0504496788008477,0.00381,0.003731,1.9807280513918588,1.2312633832976454,1.2312633832976454,1.9807280513918588,TRAILING_STOP,"移動止損 (最高19.8% → 當前10.7%, 回撤 9.1%)",13,787,UNKNOWN,0.0,1.0,,0.0,,PAPER_1777733191774_44,0.0002
T000044,2026-05-02 22:46:35,2026-05-02 22:46:35,UBUSDT,LONG,10,635.6470887363337,0.15737,,100.03178235443684,10.003178235443684,,,,0,,,,,,,,,,,,UNKNOWN,0.0,1.0,,0.0,0.0,PAPER_1777733195738_45,0.0002
T000045,2026-05-02 22:46:35,2026-05-02 22:47:59,UBUSDT,LONG,10,635.6470887363337,0.15737,0.15277,97.10780574624968,10.003178235443684,-2.923976608187148,-29.23047594840198,-29.23047594840198,0.019421561149249936,-2.943398169336398,0.15737,0.15584,0.0,3.0638189677091403,3.0638189677091403,0.0,STOP_LOSS,固定止損 (PnL: -3.06 USDT),1,83,UNKNOWN,0.0,1.0,,0.0,,PAPER_1777733279680_46,0.0002
T000046,2026-05-02 22:48:02,2026-05-02 22:48:02,SPACEUSDT,LONG,10,11823.126034523528,0.008459,,100.01182312603451,10.00118231260345,,,,0,,,,,,,,,,,,UNKNOWN,0.0,1.0,,0.0,0.0,PAPER_1777733282015_47,0.0002
T000047,2026-05-02 22:39:07,2026-05-02 22:50:05,BIOUSDT,LONG,10,1573.0690577316343,0.06365,0.0645,101.46295422369042,10.012584552461853,1.3371086990718948,13.354281225451745,13.354281225451745,0.020292590844738084,1.3168161082271568,0.06509,0.06345,2.2652194431335486,1.6359918200408985,1.6359918200408985,2.2652194431335486,TRAILING_STOP,"移動止損 (最高22.6% → 當前13.7%, 回撤 9.0%)",10,658,UNKNOWN,0.0,1.0,,0.0,,PAPER_1777733405555_48,0.0002
T000048,2026-05-02 22:50:07,2026-05-02 22:50:07,JCTUSDT,LONG,10,26546.32333421821,0.003765,,99.94690735333157,9.994690735333156,,,,0,,,,,,,,,,,,UNKNOWN,0.0,1.0,,0.0,0.0,PAPER_1777733407883_49,0.0002
T000049,2026-05-02 22:48:02,2026-05-02 22:57:23,SPACEUSDT,LONG,10,11823.126034523528,0.008459,0.008193,96.86687160085127,10.00118231260345,-3.144951525183245,-31.445797375576184,-31.445797375576184,0.019373374320170254,-3.1643248995034154,0.008547,0.008439,1.0404350910380855,3.144951525183245,3.144951525183245,1.0404350910380855,STOP_LOSS,固定止損 (PnL: -3.14 USDT),9,561,UNKNOWN,0.0,1.0,,0.0,,PAPER_1777733843385_50,0.0002
T000050,2026-05-02 22:57:25,2026-05-02 22:57:25,BIOUSDT,LONG,10,1557.6323987538942,0.0642,,100.0,10.0,,,,0,,,,,,,,,,,,UNKNOWN,0.0,1.0,,0.0,0.0,PAPER_1777733845337_51,0.0002
T000051,2026-05-02 22:42:13,2026-05-02 23:02:22,XNYUSDT,LONG,10,14144.271570014145,0.00707,0.006961,98.45827439886847,10.0,-1.541725601131538,-15.417256011315377,-15.417256011315377,0.019691654879773694,-1.5614172560113115,0.007111,0.007053,0.5799151343705833,1.7821782178217858,1.7821782178217858,0.5799151343705833,TECHNICAL_EXIT,"時間 + 收益 (20分, PnL: -1.60 USDT)",20,1209,UNKNOWN,0.0,1.0,,0.0,,PAPER_1777734142629_52,0.0002
T000052,2026-05-02 23:02:24,2026-05-02 23:02:24,CHILLGUYUSDT,LONG,10,6796.710392170189,0.014721,,100.05437368313736,10.005437368313736,,,,0,,,,,,,,,,,,UNKNOWN,0.0,1.0,,0.0,0.0,PAPER_1777734144709_53,0.0002
T000053,2026-05-02 22:57:25,2026-05-02 23:02:43,BIOUSDT,LONG,10,1557.6323987538942,0.0642,0.06502,101.27725856697819,10.0,1.2772585669781953,12.772585669781952,12.772585669781952,0.02025545171339564,1.2570031152647996,0.06559,0.06413,2.1651090342679167,0.6853582554517071,0.6853582554517071,2.1651090342679167,TRAILING_STOP,"移動止損 (最高21.7% → 當前12.8%, 回撤 8.9%)",5,318,UNKNOWN,0.0,1.0,,0.0,,PAPER_1777734163878_54,0.0002
T000054,2026-05-02 23:02:46,2026-05-02 23:02:46,BSBUSDT,LONG,10,159.2686384124102,0.62889,,100.16245401118066,10.016245401118066,,,,0,,,,,,,,,,,,UNKNOWN,0.0,1.0,,0.0,0.0,PAPER_1777734166274_55,0.0002
T000055,2026-05-02 22:50:07,2026-05-02 23:10:12,JCTUSDT,LONG,10,26546.32333421821,0.003765,0.003723,98.8319617732944,9.994690735333156,-1.114945580037163,-11.155378486055758,-11.155378486055758,0.01976639235465888,-1.134711972391822,0.003803,0.00376,1.0087602867002878,2.8404565967613573,2.8404565967613573,1.0087602867002878,TECHNICAL_EXIT,"時間 + 收益 (20分, PnL: -1.11 USDT)",20,1204,UNKNOWN,0.0,1.0,,0.0,,PAPER_1777734612722_56,0.0002
T000056,2026-05-02 23:10:14,2026-05-02 23:10:14,BIOUSDT,LONG,10,1565.1901706057286,0.06396,,100.10956331194241,10.01095633119424,,,,0,,,,,,,,,,,,UNKNOWN,0.0,1.0,,0.0,0.0,PAPER_1777734614949_57,0.0002
T000057,2026-05-02 23:02:24,2026-05-02 23:13:19,CHILLGUYUSDT,LONG,10,6796.710392170189,0.014721,0.014887,101.1826276082376,10.005437368313736,1.128253925100248,11.276407852727361,11.276407852727361,0.02023652552164752,1.1080173995786005,0.014975,0.014702,1.7263644396112332,0.5437368313736166,0.5437368313736166,1.7263644396112332,TRAILING_STOP,"移動止損 (最高17.3% → 當前11.1%, 回撤 6.1%)",10,655,UNKNOWN,0.0,1.0,,0.0,,PAPER_1777734799994_58,0.0002
T000058,2026-05-02 23:13:21,2026-05-02 23:13:21,JCTUSDT,LONG,10,27070.92582566324,0.00369,,99.89171629669735,9.989171629669736,,,,0,,,,,,,,,,,,UNKNOWN,0.0,1.0,,0.0,0.0,PAPER_1777734801990_59,0.0002
T000059,2026-05-02 23:10:14,2026-05-02 23:18:04,BIOUSDT,LONG,10,1565.1901706057286,0.06396,0.06186,96.82266395367037,10.01095633119424,-3.2868993582720374,-32.833020637898755,-32.833020637898755,0.019364532790734076,-3.3062638910627715,0.06416,0.06379,0.31303803412113296,3.2086398497417488,3.2086398497417488,0.31303803412113296,STOP_LOSS,固定止損 (PnL: -3.21 USDT),7,469,UNKNOWN,0.0,1.0,,0.0,,PAPER_1777735084581_60,0.0002
T000060,2026-05-02 23:18:06,2026-05-02 23:18:06,XNYUSDT,LONG,10,14184.397163120568,0.007061,,100.15602836879432,10.015602836879433,,,,0,,,,,,,,,,,,UNKNOWN,0.0,1.0,,0.0,0.0,PAPER_1777735086398_61,0.0002
T000061,2026-05-02 23:18:06,2026-05-02 23:20:19,XNYUSDT,LONG,10,14184.397163120568,0.007061,0.007175,101.77304964539007,10.015602836879433,1.6170212765957501,16.14502195156499,16.14502195156499,0.020354609929078015,1.596666666666672,0.007215,0.007038,2.1843971631205745,0.32624113475176714,0.32624113475176714,2.1843971631205745,TRAILING_STOP,"移動止損 (最高21.8% → 當前13.0%, 回撤 8.8%)",2,133,UNKNOWN,0.0,1.0,,0.0,,PAPER_1777735219775_62,0.0002
T000062,2026-05-02 23:20:22,2026-05-02 23:20:22,UBUSDT,LONG,10,638.4065372829418,0.15667,,100.0191521961185,10.001915219611849,,,,0,,,,,,,,,,,,UNKNOWN,0.0,1.0,,0.0,0.0,PAPER_1777735222372_63,0.0002
T000063,2026-05-02 23:13:21,2026-05-02 23:21:20,JCTUSDT,LONG,10,27070.92582566324,0.00369,0.003593,97.26583649160801,9.989171629669736,-2.625879805089342,-26.2872628726288,-26.2872628726288,0.019453167298321604,-2.645332972387664,0.003733,0.003689,1.164049810503521,2.896589063345975,2.896589063345975,1.164049810503521,TECHNICAL_EXIT,高點回撤 (4.0% > 4.0%),7,478,UNKNOWN,0.0,1.0,,0.0,,PAPER_1777735280674_64,0.0002
T000064,2026-05-02 23:21:22,2026-05-02 23:21:22,BIOUSDT,LONG,10,1606.6838046272494,0.06226,,100.03213367609256,10.003213367609256,,,,0,,,,,,,,,,,,UNKNOWN,0.0,1.0,,0.0,0.0,PAPER_1777735282904_65,0.0002
T000065,2026-05-02 23:02:46,2026-05-02 23:23:09,BSBUSDT,LONG,10,159.2686384124102,0.62889,0.64944,103.4354245305557,10.016245401118066,3.2729705193750407,32.67662071268436,32.67662071268436,0.02068708490611114,3.2522834344689295,0.65792,0.62828,4.623568573112268,1.199292847245437,1.199292847245437,4.623568573112268,TRAILING_STOP,"移動止損 (最高46.2% → 當前25.7%, 回撤 20.4%)",20,1223,UNKNOWN,0.0,1.0,,0.0,,PAPER_1777735389718_66,0.0002
T000066,2026-05-02 23:23:12,2026-05-02 23:23:12,BUSDT,LONG,10,269.39655172413796,0.3716,,100.10775862068967,10.010775862068966,,,,0,,,,,,,,,,,,UNKNOWN,0.0,1.0,,0.0,0.0,PAPER_1777735392105_67,0.0002
T000067,2026-05-02 23:20:22,2026-05-02 23:27:45,UBUSDT,LONG,10,638.4065372829418,0.15667,0.15859,101.24489274770175,10.001915219611849,1.2257405515832516,12.255058403012734,12.255058403012734,0.02024897854954035,1.2054915730337112,0.15959,0.15649,1.864147088866194,0.7341675178753908,0.7341675178753908,1.864147088866194,TRAILING_STOP,"移動止損 (最高18.6% → 當前12.3%, 回撤 6.4%)",7,443,UNKNOWN,0.0,1.0,,0.0,,PAPER_1777735665991_68,0.0002
T000068,2026-05-02 23:27:47,2026-05-02 23:27:47,XNYUSDT,LONG,10,13986.013986013986,0.007168,,100.25174825174825,10.025174825174826,,,,0,,,,,,,,,,,,UNKNOWN,0.0,1.0,,0.0,0.0,PAPER_1777735667737_69,0.0002
T000069,2026-05-02 23:21:22,2026-05-02 23:30:42,BIOUSDT,LONG,10,1606.6838046272494,0.06226,0.06054,97.26863753213367,10.003213367609256,-2.763496143958879,-27.626084163186736,-27.626084163186736,0.019453727506426734,-2.7829498714653056,0.06272,0.06221,0.7390745501285269,3.1169665809768707,3.1169665809768707,0.7390745501285269,STOP_LOSS,固定止損 (PnL: -3.12 USDT),9,559,UNKNOWN,0.0,1.0,,0.0,,PAPER_1777735842326_70,0.0002
T000070,2026-05-02 23:30:44,2026-05-02 23:30:44,SKYAIUSDT,LONG,10,211.72534987614065,0.47228,,99.9936482395037,9.99936482395037,,,,0,,,,,,,,,,,,UNKNOWN,0.0,1.0,,0.0,0.0,PAPER_1777735844492_71,0.0002
T000071,2026-05-02 23:30:44,2026-05-02 23:35:47,SKYAIUSDT,LONG,10,211.72534987614065,0.47228,0.4774,101.07768203086955,9.99936482395037,1.084033791365843,10.841026509697668,10.841026509697668,0.020215536406173913,1.063818254959669,0.48026,0.47096,1.6895682920116115,0.27947746183650307,0.27947746183650307,1.6895682920116115,TRAILING_STOP,"移動止損 (最高16.9% → 當前10.8%, 回撤 6.1%)",5,302,UNKNOWN,0.0,1.0,,0.0,,PAPER_1777736147032_72,0.0002
T000072,2026-05-02 23:35:48,2026-05-02 23:35:48,LABUSDT,LONG,10,35.71938848406916,2.7958,,99.86426632376055,9.986426632376055,,,,0,,,,,,,,,,,,UNKNOWN,0.0,1.0,,0.0,0.0,PAPER_1777736148935_73,0.0002
T000073,2026-05-02 23:23:12,2026-05-02 23:38:37,BUSDT,LONG,10,269.39655172413796,0.3716,0.3775,101.69719827586208,10.010775862068966,1.5894396551724184,15.877287405812746,15.877287405812746,0.020339439655172417,1.569100215517246,0.3818,0.3712,2.7478448275862037,0.5387931034482764,0.5387931034482764,2.7478448275862037,TRAILING_STOP,"移動止損 (最高27.4% → 當前15.9%, 回撤 11.6%)",15,925,UNKNOWN,0.0,1.0,,0.0,,PAPER_1777736317292_74,0.0002
T000074,2026-05-02 23:38:39,2026-05-02 23:38:39,KNCUSDT,LONG,10,546.7468562055768,0.1819,,99.45325314379443,9.945325314379442,,,,0,,,,,,,,,,,,UNKNOWN,0.0,1.0,,0.0,0.0,PAPER_1777736319060_75,0.0002
T000075,2026-05-02 23:38:39,2026-05-02 23:39:08,KNCUSDT,LONG,10,546.7468562055768,0.1819,0.1842,100.71077091306725,9.945325314379442,1.2575177692728248,12.644310060472769,12.644310060472769,0.02014215418261345,1.2373756150902113,0.1842,0.1819,1.2575177692728248,0.0,0.0,1.2575177692728248,TECHNICAL_EXIT,價格偏離 (10.5% > 10.0%),0,29,UNKNOWN,0.0,1.0,,0.0,,PAPER_1777736348968_76,0.0002
T000076,2026-05-02 23:39:10,2026-05-02 23:39:10,UBUSDT,LONG,10,622.0452848967406,0.16086,,100.06220452848969,10.006220452848968,,,,0,,,,,,,,,,,,UNKNOWN,0.0,1.0,,0.0,0.0,PAPER_1777736350330_77,0.0002
T000077,2026-05-02 23:27:47,2026-05-02 23:47:57,XNYUSDT,LONG,10,13986.013986013986,0.007168,0.007187,100.51748251748252,10.025174825174826,0.2657342657342646,2.6506696428571312,2.6506696428571312,0.020103496503496503,0.24563076923076813,0.007212,0.00715,0.6153846153846122,0.9230769230769242,0.9230769230769242,0.6153846153846122,TECHNICAL_EXIT,"時間 + 收益 (20分, PnL: 0.27 USDT)",20,1209,UNKNOWN,0.0,1.0,,0.0,,PAPER_1777736877464_78,0.0002
T000078,2026-05-02 23:47:59,2026-05-02 23:47:59,TAGUSDT,LONG,10,68563.59273225917,0.0014585,,100.0,10.0,,,,0,,,,,,,,,,,,UNKNOWN,0.0,1.0,,0.0,0.0,PAPER_1777736879075_79,0.0002
T000079,2026-05-02 23:47:59,2026-05-02 23:50:08,TAGUSDT,LONG,10,68563.59273225917,0.0014585,0.0014191,97.29859444634899,10.0,-2.70140555365101,-27.0140555365101,-27.0140555365101,0.019459718889269798,-2.72086527254028,0.0014662,0.0014553,0.5279396640383973,3.3184778882413353,3.3184778882413353,0.5279396640383973,STOP_LOSS,固定止損 (PnL: -3.32 USDT),2,129,UNKNOWN,0.0,1.0,,0.0,,PAPER_1777737008843_80,0.0002
T000080,2026-05-02 23:50:10,2026-05-02 23:50:10,SKYAIUSDT,LONG,10,208.30295581894308,0.47949,,99.87918428562502,9.987918428562502,,,,0,,,,,,,,,,,,UNKNOWN,0.0,1.0,,0.0,0.0,PAPER_1777737010742_81,0.0002
T000081,2026-05-02 23:35:48,2026-05-02 23:50:48,LABUSDT,LONG,10,35.71938848406916,2.7958,2.8272,100.98585512216032,9.986426632376055,1.121588798399775,11.231132412905106,11.231132412905106,0.020197171024432064,1.101391627375343,2.8432,2.7925,1.6930990141448818,2.0538648378339643,2.0538648378339643,1.6930990141448818,TRAILING_STOP,"移動止損 (最高17.0% → 當前10.9%, 回撤 6.0%)",14,899,UNKNOWN,0.0,1.0,,0.0,,PAPER_1777737048435_82,0.0002
T000082,2026-05-02 23:50:50,2026-05-02 23:50:50,ORDIUSDT,LONG,10,17.053206002728512,5.856,,99.86357435197816,9.986357435197815,,,,0,,,,,,,,,,,,UNKNOWN,0.0,1.0,,0.0,0.0,PAPER_1777737050336_83,0.0002
T000083,2026-05-02 23:50:50,2026-05-02 23:50:59,ORDIUSDT,LONG,10,17.053206002728512,5.856,5.865,100.01705320600273,9.986357435197815,0.15347885402456243,1.5368852459016977,1.5368852459016977,0.020003410641200547,0.1334754433833619,5.869,5.856,0.22169167803546896,0.0,0.0,0.22169167803546896,TECHNICAL_EXIT,價格偏離 (10.7% > 10.0%),0,8,UNKNOWN,0.0,1.0,,0.0,,PAPER_1777737059187_84,0.0002
T000084,2026-05-02 23:51:00,2026-05-02 23:51:00,XNYUSDT,LONG,10,13833.171946327293,0.007229,,100.0,10.0,,,,0,,,,,,,,,,,,UNKNOWN,0.0,1.0,,0.0,0.0,PAPER_1777737060714_85,0.0002
T000085,2026-05-02 23:39:10,2026-05-02 23:58:06,UBUSDT,LONG,10,622.0452848967406,0.16086,0.15595,97.0079621796467,10.006220452848968,-3.054242348842995,-30.523436528658447,-30.523436528658447,0.01940159243592934,-3.0736439412789243,0.16271,0.16074,1.1507837770589642,3.054242348842995,3.054242348842995,1.1507837770589642,STOP_LOSS,固定止損 (PnL: -3.05 USDT),18,1136,UNKNOWN,0.0,1.0,,0.0,,PAPER_1777737486602_86,0.0002
T000086,2026-05-02 23:58:08,2026-05-02 23:58:08,LABUSDT,LONG,10,35.648082133181234,2.8107,,100.1960644517325,10.019606445173249,,,,0,,,,,,,,,,,,UNKNOWN,0.0,1.0,,0.0,0.0,PAPER_1777737488410_87,0.0002
T000087,2026-05-02 23:58:08,2026-05-03 00:00:58,LABUSDT,LONG,10,35.648082133181234,2.8107,2.8476,101.51147868244688,10.019606445173249,1.3154142307143772,13.128402177393431,13.128402177393431,0.020302295736489378,1.295111934977888,2.8645,2.801,1.9178668187651449,1.1478682446884358,1.1478682446884358,1.9178668187651449,TRAILING_STOP,"移動止損 (最高19.1% → 當前11.0%, 回撤 8.2%)",2,169,UNKNOWN,0.0,1.0,,0.0,,PAPER_1777737658342_88,0.0002
T000088,2026-05-03 00:00:59,2026-05-03 00:00:59,BUSDT,LONG,10,251.82573659027952,0.3971,,100.0,10.0,,,,0,,,,,,,,,,,,UNKNOWN,0.0,1.0,,0.0,0.0,PAPER_1777737659805_89,0.0002
T000089,2026-05-02 23:50:10,2026-05-03 00:05:23,SKYAIUSDT,LONG,10,208.30295581894308,0.47949,0.49027,102.12469014935321,9.987918428562502,2.245505863728197,22.48222069281936,22.48222069281936,0.020424938029870644,2.2250809256983266,0.49417,0.47949,3.0578873914220783,0.0,0.0,3.0578873914220783,TRAILING_STOP,"移動止損 (最高30.6% → 當前18.7%, 回撤 11.9%)",15,913,UNKNOWN,0.0,1.0,,0.0,,PAPER_1777737923826_90,0.0002
T000090,2026-05-03 00:05:25,2026-05-03 00:05:25,LABUSDT,LONG,10,33.8123415046492,2.9721,,100.49366018596788,10.049366018596789,,,,0,,,,,,,,,,,,UNKNOWN,0.0,1.0,,0.0,0.0,PAPER_1777737925310_91,0.0002
T000091,2026-05-02 23:51:00,2026-05-03 00:06:17,XNYUSDT,LONG,10,13833.171946327293,0.007229,0.007315,101.18965278738415,10.0,1.1896527873841491,11.896527873841492,11.896527873841492,0.02023793055747683,1.1694148568266722,0.00736,0.007219,1.812145524968876,0.9268225204039316,0.9268225204039316,1.812145524968876,TRAILING_STOP,"移動止損 (最高18.1% → 當前10.9%, 回撤 7.2%)",15,916,UNKNOWN,0.0,1.0,,0.0,,PAPER_1777737977385_92,0.0002
T000092,2026-05-03 00:06:18,2026-05-03 00:06:18,TAGUSDT,LONG,10,67911.71477079796,0.0014706,,99.87096774193549,9.98709677419355,,,,0,,,,,,,,,,,,UNKNOWN,0.0,1.0,,0.0,0.0,PAPER_1777737978681_93,0.0002
T000093,2026-05-03 00:06:18,2026-05-03 00:12:08,TAGUSDT,LONG,10,67911.71477079796,0.0014706,0.0015057,102.2546689303905,9.98709677419355,2.383701188455004,23.86780905752749,23.86780905752749,0.0204509337860781,2.363250254668926,0.0015354,0.0014702,4.400679117147697,0.6519524617996615,0.6519524617996615,4.400679117147697,TRAILING_STOP,"移動止損 (最高44.1% → 當前23.9%, 回撤 20.2%)",5,349,UNKNOWN,0.0,1.0,,0.0,,PAPER_1777738328382_94,0.0002
T000094,2026-05-03 00:12:10,2026-05-03 00:12:10,ORDIUSDT,LONG,10,16.363933889707088,6.152,,100.670921289478,10.0670921289478,,,,0,,,,,,,,,,,,UNKNOWN,0.0,1.0,,0.0,0.0,PAPER_1777738330050_95,0.0002
T000095,2026-05-03 00:12:10,2026-05-03 00:12:18,ORDIUSDT,LONG,10,16.363933889707088,6.152,6.135,100.39273441335298,10.0670921289478,-0.2781868761250262,-2.7633289986996665,-2.7633289986996665,0.0200785468826706,-0.29826542300769676,6.152,6.121,0.0,0.5072819505809147,0.5072819505809147,0.0,TECHNICAL_EXIT,價格偏離 (11.3% > 10.0%),0,8,UNKNOWN,0.0,1.0,,0.0,,PAPER_1777738338904_96,0.0002
T000096,2026-05-03 00:12:20,2026-05-03 00:12:20,SKYAIUSDT,LONG,10,207.57223513782796,0.48157,,99.96056127532381,9.99605612753238,,,,0,,,,,,,,,,,,UNKNOWN,0.0,1.0,,0.0,0.0,PAPER_1777738340208_97,0.0002
T000097,2026-05-03 00:05:25,2026-05-03 00:13:49,LABUSDT,LONG,10,33.8123415046492,2.9721,3.1192,105.46745562130178,10.049366018596789,4.973795435333897,49.49362403687628,49.49362403687628,0.021093491124260358,4.952701944209637,3.1383,2.9639,5.6196111580726935,1.9509721048182616,1.9509721048182616,5.6196111580726935,TECHNICAL_EXIT,價格偏離 (12.0% > 10.0%),8,504,UNKNOWN,0.0,1.0,,0.0,,PAPER_1777738429652_98,0.0002
T000098,2026-05-03 00:13:51,2026-05-03 00:13:51,XNYUSDT,LONG,10,13553.808620222282,0.007378,,100.0,10.0,,,,0,,,,,,,,,,,,UNKNOWN,0.0,1.0,,0.0,0.0,PAPER_1777738431283_99,0.0002
T000099,2026-05-03 00:12:20,2026-05-03 00:15:26,SKYAIUSDT,LONG,10,207.57223513782796,0.48157,0.48892,101.48621720358685,9.99605612753238,1.5256559282630404,15.262578649002274,15.262578649002274,0.020297243440717372,1.505358684822323,0.4938,0.47792,2.53860843573564,0.7576386582530693,0.7576386582530693,2.53860843573564,TRAILING_STOP,"移動止損 (最高25.4% → 當前14.2%, 回撤 11.2%)",3,186,UNKNOWN,0.0,1.0,,0.0,,,0.0002
T000100,2026-05-03 00:15:27,2026-05-03 00:15:27,TAGUSDT,LONG,10,65565.17178075007,0.0015286,,100.22292158405455,10.022292158405454,,,,0,,,,,,,,,,,,UNKNOWN,0.0,1.0,,0.0,0.0,,0.0002
T000101,2026-05-03 00:15:27,2026-05-03 00:17:16,TAGUSDT,LONG,10,65565.17178075007,0.0015286,0.0015894,104.20928402832415,10.022292158405454,3.9863624442696017,39.77495747743031,39.77495747743031,0.020841856805664832,3.9655205874639368,0.0015894,0.0015254,3.9863624442696017,0.2098085496983911,0.2098085496983911,3.9863624442696017,TECHNICAL_EXIT,價格偏離 (11.7% > 10.0%),1,108,UNKNOWN,0.0,1.0,,0.0,,,0.0002
T000102,2026-05-03 00:17:17,2026-05-03 00:17:17,LABUSDT,LONG,10,31.179845347967074,3.2028,,99.86280868046894,9.986280868046894,,,,0,,,,,,,,,,,,UNKNOWN,0.0,1.0,,0.0,0.0,,0.0002
T000103,2026-05-03 00:17:17,2026-05-03 00:17:26,LABUSDT,LONG,10,31.179845347967074,3.2028,3.213,100.1808431030182,9.986280868046894,0.31803442254927067,3.1847133757962434,3.1847133757962434,0.02003616862060364,0.297998253928667,3.2068,3.2028,0.1247193813918684,0.0,0.0,0.1247193813918684,TECHNICAL_EXIT,價格偏離 (14.0% > 10.0%),0,8,UNKNOWN,0.0,1.0,,0.0,,,0.0002
T000104,2026-05-03 00:17:27,2026-05-03 00:17:27,ORDIUSDT,LONG,10,16.20482903905364,6.187,,100.25927726462487,10.025927726462488,,,,0,,,,,,,,,,,,UNKNOWN,0.0,1.0,,0.0,0.0,,0.0002
T000105,2026-05-03 00:17:27,2026-05-03 00:17:37,ORDIUSDT,LONG,10,16.20482903905364,6.187,6.19,100.30789175174203,10.025927726462488,0.04861448711716276,0.4848876676903367,0.4848876676903367,0.020061578350348407,0.02855290876681435,6.19,6.187,0.04861448711716276,0.0,0.0,0.04861448711716276,TECHNICAL_EXIT,價格偏離 (11.0% > 10.0%),0,10,UNKNOWN,0.0,1.0,,0.0,,,0.0002
T000106,2026-05-03 00:17:39,2026-05-03 00:17:39,CHILLGUYUSDT,LONG,10,6809.20604657497,0.014691,,100.03404603023289,10.003404603023288,,,,0,,,,,,,,,,,,UNKNOWN,0.0,1.0,,0.0,0.0,,0.0002
T000107,2026-05-03 00:00:59,2026-05-03 00:21:00,BUSDT,LONG,10,251.82573659027952,0.3971,0.3956,99.62226139511458,10.0,-0.3777386048854196,-3.777386048854196,-3.777386048854196,0.019924452279022918,-0.3976630571644425,0.4027,0.3962,1.4102241249055638,2.4175270712666825,2.4175270712666825,1.4102241249055638,TECHNICAL_EXIT,"時間 + 收益 (20分, PnL: -0.38 USDT)",20,1200,UNKNOWN,0.0,1.0,,0.0,,,0.0002
T000108,2026-05-03 00:21:02,2026-05-03 00:21:02,LABUSDT,LONG,10,30.72385400024579,3.2525,,99.92933513579943,9.992933513579944,,,,0,,,,,,,,,,,,UNKNOWN,0.0,1.0,,0.0,0.0,,0.0002
T000109,2026-05-03 00:21:02,2026-05-03 00:21:11,LABUSDT,LONG,10,30.72385400024579,3.2525,3.2379,99.48076686739584,9.992933513579944,-0.4485682684035937,-4.488854727133027,-4.488854727133027,0.01989615337347917,-0.46846442177707287,3.2525,3.2491,0.0,0.10446110360083782,0.10446110360083782,0.0,TECHNICAL_EXIT,價格偏離 (14.2% > 10.0%),0,9,UNKNOWN,0.0,1.0,,0.0,,,0.0002
T000110,2026-05-03 00:21:13,2026-05-03 00:21:13,TAGUSDT,LONG,10,56449.33672029353,0.0017747,,100.18063787750494,10.018063787750494,,,,0,,,,,,,,,,,,UNKNOWN,0.0,1.0,,0.0,0.0,,0.0002
T000111,2026-05-03 00:21:13,2026-05-03 00:21:22,TAGUSDT,LONG,10,56449.33672029353,0.0017747,0.0017779,100.36127575500987,10.018063787750494,0.1806378775049437,1.8031216543641617,1.8031216543641617,0.020072255151001975,0.16056562235394173,0.0017779,0.0017747,0.1806378775049437,0.0,0.0,0.1806378775049437,TECHNICAL_EXIT,價格偏離 (22.5% > 10.0%),0,8,UNKNOWN,0.0,1.0,,0.0,,,0.0002
T000112,2026-05-03 00:21:23,2026-05-03 00:21:23,ORDIUSDT,LONG,10,15.787811809283234,6.325,,99.85790969371645,9.985790969371646,,,,0,,,,,,,,,,,,UNKNOWN,0.0,1.0,,0.0,0.0,,0.0002
T000113,2026-05-03 00:21:23,2026-05-03 00:21:32,ORDIUSDT,LONG,10,15.787811809283234,6.325,6.32,99.77897063467005,9.985790969371646,-0.07893905904641449,-0.790513833992078,-0.790513833992078,0.01995579412693401,-0.09889485317334851,6.325,6.32,0.0,0.07893905904641449,0.07893905904641449,0.0,TECHNICAL_EXIT,價格偏離 (12.0% > 10.0%),0,8,UNKNOWN,0.0,1.0,,0.0,,,0.0002
T000114,2026-05-03 00:21:33,2026-05-03 00:21:33,SKYAIUSDT,LONG,10,203.15293352836014,0.49193,,99.9370225906062,9.99370225906062,,,,0,,,,,,,,,,,,UNKNOWN,0.0,1.0,,0.0,0.0,,0.0002
T000115,2026-05-03 00:17:39,2026-05-03 00:22:25,CHILLGUYUSDT,LONG,10,6809.20604657497,0.014691,0.01485,101.11670979163831,10.003404603023288,1.0826637614054282,10.822952828262283,10.822952828262283,0.020223341958327663,1.0624404194471004,0.014957,0.014688,1.8112488083889462,0.1225657088383421,0.1225657088383421,1.8112488083889462,TRAILING_STOP,"移動止損 (最高18.1% → 當前10.6%, 回撤 7.6%)",4,285,UNKNOWN,0.0,1.0,,0.0,,,0.0002
T000116,2026-05-03 00:22:26,2026-05-03 00:22:26,1000SATSUSDT,LONG,10,5980861.244019139,1.675e-05,,100.17942583732058,10.017942583732058,,,,0,,,,,,,,,,,,UNKNOWN,0.0,1.0,,0.0,0.0,,0.0002
T000117,2026-05-03 00:13:51,2026-05-03 00:22:35,XNYUSDT,LONG,10,13553.808620222282,0.007378,0.007564,102.52100840336135,10.0,2.52100840336135,25.2100840336135,25.2100840336135,0.02050420168067227,2.5005042016806773,0.00773,0.007373,4.770940634318242,0.338845215505555,0.338845215505555,4.770940634318242,TRAILING_STOP,"移動止損 (最高47.7% → 當前25.2%, 回撤 22.5%)",8,523,UNKNOWN,0.0,1.0,,0.0,,,0.0002
T000118,2026-05-03 00:23:09,2026-05-03 00:23:09,UBUSDT,LONG,10,609.4588005850804,0.16409,,100.00609458800585,10.000609458800586,,,,0,,,,,,,,,,,,UNKNOWN,0.0,1.0,,0.0,0.0,,0.0002
T000119,2026-05-03 00:22:26,2026-05-03 00:30:43,1000SATSUSDT,LONG,10,5980861.244019139,1.675e-05,1.622e-05,97.00956937799043,10.017942583732058,-3.1698564593301435,-31.64179104477612,-31.64179104477612,0.019401913875598087,-3.1892583732057416,1.675e-05,1.659e-05,0.0,3.1698564593301435,3.1698564593301435,0.0,STOP_LOSS,固定止損 (PnL: -3.17 USDT),8,496,UNKNOWN,0.0,1.0,,0.0,,,0.0002
T000120,2026-05-03 00:30:44,2026-05-03 00:30:44,LABUSDT,LONG,10,34.51727589658624,2.8959,,99.9585792689241,9.995857926892409,,,,0,,,,,,,,,,,,UNKNOWN,0.0,1.0,,0.0,0.0,,0.0002
T000121,2026-05-03 00:30:44,2026-05-03 00:32:08,LABUSDT,LONG,10,34.51727589658624,2.8959,3.1496,108.71561216388803,9.995857926892409,8.757032894963922,87.60661625056107,87.60661625056107,0.021743122432777606,8.735289772531145,3.1496,2.8959,8.757032894963922,0.0,0.0,8.757032894963922,FULL_EXIT,全數止盈 (收益率 87.6%),1,83,UNKNOWN,0.0,1.0,,0.0,,,0.0002
T000122,2026-05-03 00:32:10,2026-05-03 00:32:10,TAGUSDT,LONG,10,55747.57498048835,0.0017796,,99.20838443527708,9.920838443527709,,,,0,,,,,,,,,,,,UNKNOWN,0.0,1.0,,0.0,0.0,,0.0002
T000123,2026-05-03 00:32:10,2026-05-03 00:32:18,TAGUSDT,LONG,10,55747.57498048835,0.0017796,0.0017565,97.9206154532278,9.920838443527709,-1.287768982049285,-12.980445043830112,-12.980445043830112,0.01958412309064556,-1.3073531051399305,0.0017796,0.0017613,0.0,1.0201806221429466,1.0201806221429466,0.0,TECHNICAL_EXIT,價格偏離 (17.6% > 10.0%),0,8,UNKNOWN,0.0,1.0,,0.0,,,0.0002
T000124,2026-05-03 00:32:20,2026-05-03 00:32:20,XNYUSDT,LONG,10,13324.450366422385,0.007494,,99.85343104596934,9.985343104596934,,,,0,,,,,,,,,,,,UNKNOWN,0.0,1.0,,0.0,0.0,,0.0002
T000125,2026-05-03 00:21:33,2026-05-03 00:33:12,SKYAIUSDT,LONG,10,203.15293352836014,0.49193,0.47694,96.89176011701608,9.99370225906062,-3.0452624735901193,-30.471815095643695,-30.471815095643695,0.019378352023403215,-3.0646408256135227,0.4941,0.4917,0.44084186575654255,3.0452624735901193,3.0452624735901193,0.44084186575654255,STOP_LOSS,固定止損 (PnL: -3.05 USDT),11,698,UNKNOWN,0.0,1.0,,0.0,,,0.0002
T000126,2026-05-03 00:33:13,2026-05-03 00:33:13,BUSDT,LONG,10,254.45292620865138,0.393,,100.0,10.0,,,,0,,,,,,,,,,,,UNKNOWN,0.0,1.0,,0.0,0.0,,0.0002
T000127,2026-05-03 00:32:20,2026-05-03 00:37:26,XNYUSDT,LONG,10,13324.450366422385,0.007494,0.007577,100.95936042638242,9.985343104596934,1.105929380413066,11.07552708833742,11.07552708833742,0.020191872085276483,1.0857375083277896,0.007636,0.007469,1.892071952031987,1.185876082611588,1.185876082611588,1.892071952031987,TRAILING_STOP,"移動止損 (最高18.9% → 當前10.8%, 回撤 8.1%)",5,306,UNKNOWN,0.0,1.0,,0.0,,,0.0002
T000128,2026-05-03 00:37:28,2026-05-03 00:37:28,LABUSDT,LONG,10,31.33912062427528,3.1721,,99.41082453226362,9.941082453226361,,,,0,,,,,,,,,,,,UNKNOWN,0.0,1.0,,0.0,0.0,,0.0002
T000129,2026-05-03 00:37:28,2026-05-03 00:37:48,LABUSDT,LONG,10,31.33912062427528,3.1721,3.209,100.56723808329939,9.941082453226361,1.1564135510357627,11.63267236215761,11.63267236215761,0.02011344761665988,1.136300103419103,3.2169,3.1721,1.403992603967531,0.0,0.0,1.403992603967531,TECHNICAL_EXIT,價格偏離 (10.3% > 10.0%),0,19,UNKNOWN,0.0,1.0,,0.0,,,0.0002
T000130,2026-05-03 00:37:49,2026-05-03 00:37:49,SKYAIUSDT,LONG,10,208.2595747339484,0.48073,,100.116625361851,10.011662536185101,,,,0,,,,,,,,,,,,UNKNOWN,0.0,1.0,,0.0,0.0,,0.0002
T000131,2026-05-03 00:33:13,2026-05-03 00:37:58,BUSDT,LONG,10,254.45292620865138,0.393,0.3944,100.35623409669209,10.0,0.35623409669210093,3.5623409669210093,3.5623409669210093,0.02007124681933842,0.3361628498727625,0.4008,0.392,1.984732824427474,0.8905852417302806,0.8905852417302806,1.984732824427474,TRAILING_STOP,"移動止損 (最高19.8% → 當前10.9%, 回撤 8.9%)",4,284,UNKNOWN,0.0,1.0,,0.0,,,0.0002
T000132,2026-05-03 00:37:59,2026-05-03 00:37:59,CHILLGUYUSDT,LONG,10,6781.959986436081,0.014777,,100.21702271956596,10.021702271956595,,,,0,,,,,,,,,,,,UNKNOWN,0.0,1.0,,0.0,0.0,,0.0002
T000133,2026-05-03 00:23:09,2026-05-03 00:43:14,UBUSDT,LONG,10,609.4588005850804,0.16409,0.16107,98.1655290102389,10.000609458800586,-1.8405655777669567,-18.404534097141948,-18.404534097141948,0.01963310580204778,-1.8601986835690045,0.16409,0.16244,0.0,2.779132130667972,2.779132130667972,0.0,TECHNICAL_EXIT,"時間 + 收益 (20分, PnL: -1.84 USDT)",20,1205,UNKNOWN,0.0,1.0,,0.0,,,0.0002
T000134,2026-05-03 00:43:16,2026-05-03 00:43:16,LABUSDT,LONG,10,30.503614678339382,3.2588,,99.40517951377238,9.940517951377238,,,,0,,,,,,,,,,,,UNKNOWN,0.0,1.0,,0.0,0.0,,0.0002
T000135,2026-05-03 00:43:16,2026-05-03 00:43:25,LABUSDT,LONG,10,30.503614678339382,3.2588,3.2692,99.72241710642712,9.940517951377238,0.3172375926547353,3.1913587823739373,3.1913587823739373,0.019944483421285426,0.29729310923344987,3.2681,3.2588,0.2836836165085589,0.0,0.0,0.2836836165085589,TECHNICAL_EXIT,價格偏離 (11.2% > 10.0%),0,8,UNKNOWN,0.0,1.0,,0.0,,,0.0002
T000136,2026-05-03 00:43:26,2026-05-03 00:43:26,XNYUSDT,LONG,10,13154.433043935805,0.007598,,99.94738226782425,9.994738226782426,,,,0,,,,,,,,,,,,UNKNOWN,0.0,1.0,,0.0,0.0,,0.0002
T000137,2026-05-03 00:43:26,2026-05-03 00:49:05,XNYUSDT,LONG,10,13154.433043935805,0.007598,0.007715,101.48645093396473,9.994738226782426,1.5390686661404882,15.39878915504079,15.39878915504079,0.020297290186792948,1.5187713759536952,0.007781,0.007595,2.4072612470402523,0.039463299131801244,0.039463299131801244,2.4072612470402523,TRAILING_STOP,"移動止損 (最高24.1% → 當前15.1%, 回撤 8.9%)",5,339,UNKNOWN,0.0,1.0,,0.0,,,0.0002
T000138,2026-05-03 00:49:07,2026-05-03 00:49:07,LABUSDT,LONG,10,30.02101471029721,3.3295,,99.95496847793456,9.995496847793456,,,,0,,,,,,,,,,,,UNKNOWN,0.0,1.0,,0.0,0.0,,0.0002
T000139,2026-05-03 00:49:07,2026-05-03 00:49:16,LABUSDT,LONG,10,30.02101471029721,3.3295,3.2971,98.98228760132092,9.995496847793456,-0.9726808766136291,-9.73119086949992,-9.73119086949992,0.019796457520264186,-0.9924773341338933,3.3295,3.3033,0.0,0.7865505854097802,0.7865505854097802,0.0,TECHNICAL_EXIT,價格偏離 (11.3% > 10.0%),0,8,UNKNOWN,0.0,1.0,,0.0,,,0.0002
T000140,2026-05-03 00:49:17,2026-05-03 00:49:17,BUSDT,LONG,10,258.6652871184687,0.3866,,100.0,10.0,,,,0,,,,,,,,,,,,UNKNOWN,0.0,1.0,,0.0,0.0,,0.0002
T000141,2026-05-03 00:37:59,2026-05-03 00:58:08,CHILLGUYUSDT,LONG,10,6781.959986436081,0.014777,0.014699,99.68802984062395,10.021702271956595,-0.528992878942014,-5.278473303106176,-5.278473303106176,0.019937605968124793,-0.5489304849101387,0.014904,0.014764,0.8613089182773848,1.3157002373685978,1.3157002373685978,0.8613089182773848,TECHNICAL_EXIT,"時間 + 收益 (20分, PnL: -0.43 USDT)",20,1208,UNKNOWN,0.0,1.0,,0.0,,,0.0002
T000142,2026-05-03 00:58:09,2026-05-03 00:58:09,BIOUSDT,LONG,10,1729.2062943109113,0.05787,,100.06916825177244,10.006916825177244,,,,0,,,,,,,,,,,,UNKNOWN,0.0,1.0,,0.0,0.0,,0.0002
T000143,2026-05-03 00:49:17,2026-05-03 00:59:11,BUSDT,LONG,10,258.6652871184687,0.3866,0.376,97.25814795654424,10.0,-2.741852043455768,-27.41852043455768,-27.41852043455768,0.019451629591308847,-2.761303673047077,0.3873,0.3855,0.18106570098292252,3.259182617692706,3.259182617692706,0.18106570098292252,STOP_LOSS,固定止損 (PnL: -3.26 USDT),9,594,UNKNOWN,0.0,1.0,,0.0,,,0.0002
T000144,2026-05-03 00:59:13,2026-05-03 00:59:13,XNYUSDT,LONG,10,12763.241863433312,0.007811,,99.6936821952776,9.96936821952776,,,,0,,,,,,,,,,,,UNKNOWN,0.0,1.0,,0.0,0.0,,0.0002
T000145,2026-05-03 00:37:49,2026-05-03 01:01:42,SKYAIUSDT,LONG,10,208.2595747339484,0.48073,0.51332,106.9038049024304,10.011662536185101,6.7871795405793796,67.79273188692198,67.79273188692198,0.02138076098048608,6.765798779598893,0.51332,0.47897,6.7871795405793796,0.3665368515317458,0.3665368515317458,6.7871795405793796,FULL_EXIT,全數止盈 (收益率 67.8%),23,1432,UNKNOWN,0.0,1.0,,0.0,,,0.0002
T000146,2026-05-03 01:01:44,2026-05-03 01:01:44,TACUSDT,LONG,10,4615.10060919328,0.02167,,100.00923020121837,10.000923020121837,,,,0,,,,,,,,,,,,UNKNOWN,0.0,1.0,,0.0,0.0,,0.0002
T000147,2026-05-03 01:01:44,2026-05-03 01:05:04,TACUSDT,LONG,10,4615.10060919328,0.02167,0.021932,101.21838656082703,10.000923020121837,1.2091563596086479,12.090447623442634,12.090447623442634,0.020243677312165406,1.1889126822964824,0.022136,0.02167,2.150636883884074,0.0,0.0,2.150636883884074,TRAILING_STOP,"移動止損 (最高21.5% → 當前12.1%, 回撤 9.4%)",3,200,UNKNOWN,0.0,1.0,,0.0,,,0.0002
T000148,2026-05-03 01:05:06,2026-05-03 01:05:06,SKYAIUSDT,LONG,10,198.32219423675704,0.50479,,100.11106042877257,10.011106042877257,,,,0,,,,,,,,,,,,UNKNOWN,0.0,1.0,,0.0,0.0,,0.0002
T000149,2026-05-03 00:58:09,2026-05-03 01:18:14,BIOUSDT,LONG,10,1729.2062943109113,0.05787,0.05707,98.6858032163237,10.006916825177244,-1.3833650354487206,-13.82408847416615,-13.82408847416615,0.019737160643264744,-1.4031021960919854,0.05849,0.0578,1.0721079024727693,1.6773301054815817,1.6773301054815817,1.0721079024727693,TECHNICAL_EXIT,"時間 + 收益 (20分, PnL: -1.38 USDT)",20,1204,UNKNOWN,0.0,1.0,,0.0,,,0.0002
T000150,2026-05-03 01:18:15,2026-05-03 01:18:15,SPACEUSDT,LONG,10,12109.469605231292,0.008264,,100.0726568176314,10.00726568176314,,,,0,,,,,,,,,,,,UNKNOWN,0.0,1.0,,0.0,0.0,,0.0002
T000151,2026-05-03 00:59:13,2026-05-03 01:19:22,XNYUSDT,LONG,10,12763.241863433312,0.007811,0.007616,97.20485003190811,9.96936821952776,-2.488832163369494,-24.964793240302114,-24.964793240302114,0.019440970006381623,-2.5082731333758757,0.007877,0.007781,0.8423739629865997,2.527121888959799,2.527121888959799,0.8423739629865997,TECHNICAL_EXIT,"時間 + 收益 (20分, PnL: -2.49 USDT)",20,1209,UNKNOWN,0.0,1.0,,0.0,,,0.0002
T000152,2026-05-03 01:19:24,2026-05-03 01:19:24,TACUSDT,LONG,10,4581.691560524145,0.021848,,100.10079721433151,10.01007972143315,,,,0,,,,,,,,,,,,UNKNOWN,0.0,1.0,,0.0,0.0,,0.0002
T000153,2026-05-03 01:05:06,2026-05-03 01:21:21,SKYAIUSDT,LONG,10,198.32219423675704,0.50479,0.48827,96.83477777998135,10.011106042877257,-3.276282648791222,-32.726480318548276,-32.726480318548276,0.01936695555599627,-3.2956496043472185,0.50575,0.50325,0.190389306467301,3.276282648791222,3.276282648791222,0.190389306467301,STOP_LOSS,固定止損 (PnL: -3.28 USDT),16,974,UNKNOWN,0.0,1.0,,0.0,,,0.0002
T000154,2026-05-03 01:21:22,2026-05-03 01:21:22,BIOUSDT,LONG,10,1745.2006980802794,0.05733,,100.05235602094241,10.005235602094242,,,,0,,,,,,,,,,,,UNKNOWN,0.0,1.0,,0.0,0.0,,0.0002
T000155,2026-05-03 01:21:22,2026-05-03 01:34:38,BIOUSDT,LONG,10,1745.2006980802794,0.05733,0.05796,101.15183246073299,10.005235602094242,1.0994764397905736,10.989010989010966,10.989010989010966,0.020230366492146597,1.079246073298427,0.05852,0.05726,2.0767888307155387,0.13961605584641665,0.13961605584641665,2.0767888307155387,TRAILING_STOP,"移動止損 (最高20.8% → 當前10.5%, 回撤 10.3%)",13,795,UNKNOWN,0.0,1.0,,0.0,,,0.0002
T000156,2026-05-03 01:34:39,2026-05-03 01:34:39,XNYUSDT,LONG,10,13161.358252171625,0.007598,,100.0,10.0,,,,0,,,,,,,,,,,,UNKNOWN,0.0,1.0,,0.0,0.0,,0.0002
T000157,2026-05-03 01:18:15,2026-05-03 01:38:26,SPACEUSDT,LONG,10,12109.469605231292,0.008264,0.008254,99.95156212157907,10.00726568176314,-0.12109469605232899,-1.2100677637949329,-1.2100677637949329,0.019990312424315815,-0.1410850084766448,0.008327,0.008201,0.7628965851295572,1.307822717364985,1.307822717364985,0.7628965851295572,TECHNICAL_EXIT,"時間 + 收益 (20分, PnL: -0.18 USDT)",20,1210,UNKNOWN,0.0,1.0,,0.0,,,0.0002
T000158,2026-05-03 01:38:27,2026-05-03 01:38:27,BIOUSDT,LONG,10,1725.625539257981,0.05792,,99.94823123382226,9.994823123382226,,,,0,,,,,,,,,,,,UNKNOWN,0.0,1.0,,0.0,0.0,,0.0002
T000159,2026-05-03 01:19:24,2026-05-03 01:39:27,TACUSDT,LONG,10,4581.691560524145,0.021848,0.021569,98.82250526894528,10.01007972143315,-1.2782919453862271,-12.77004760161104,-12.77004760161104,0.019764501053789057,-1.2980564464400162,0.022081,0.021794,1.0675341336021282,2.3091725465041733,2.3091725465041733,1.0675341336021282,TECHNICAL_EXIT,"時間 + 收益 (20分, PnL: -1.28 USDT)",20,1202,UNKNOWN,0.0,1.0,,0.0,,,0.0002
T000160,2026-05-03 01:39:28,2026-05-03 01:39:28,BSBUSDT,LONG,10,154.6359868868683,0.64668,,100.0,10.0,,,,0,,,,,,,,,,,,UNKNOWN,0.0,1.0,,0.0,0.0,,0.0002
T000161,2026-05-03 01:34:39,2026-05-03 01:54:46,XNYUSDT,LONG,10,13161.358252171625,0.007598,0.007636,100.50013161358254,10.0,0.5001316135825311,5.001316135825311,5.001316135825311,0.02010002632271651,0.4800315872598146,0.007691,0.007589,1.2240063174519638,2.197946828112656,2.197946828112656,1.2240063174519638,TECHNICAL_EXIT,"時間 + 收益 (20分, PnL: 0.50 USDT)",20,1206,UNKNOWN,0.0,1.0,,0.0,,,0.0002
T000162,2026-05-03 01:54:47,2026-05-03 01:54:47,UBUSDT,LONG,10,610.5006105006105,0.16407,,100.16483516483515,10.016483516483515,,,,0,,,,,,,,,,,,UNKNOWN,0.0,1.0,,0.0,0.0,,0.0002
T000163,2026-05-03 01:38:27,2026-05-03 01:58:28,BIOUSDT,LONG,10,1725.625539257981,0.05792,0.05661,97.68766177739431,9.994823123382226,-2.260569456427953,-22.617403314917105,-22.617403314917105,0.01953753235547886,-2.280106988783432,0.05796,0.05789,0.06902502157031642,2.5539257981018157,2.5539257981018157,0.06902502157031642,TECHNICAL_EXIT,"時間 + 收益 (20分, PnL: -2.40 USDT)",20,1200,UNKNOWN,0.0,1.0,,0.0,,,0.0002
T000164,2026-05-03 01:58:29,2026-05-03 01:58:29,XNYUSDT,LONG,10,12924.906294429366,0.007737,,100.0,10.0,,,,0,,,,,,,,,,,,UNKNOWN,0.0,1.0,,0.0,0.0,,0.0002
T000165,2026-05-03 01:39:28,2026-05-03 01:59:30,BSBUSDT,LONG,10,154.6359868868683,0.64668,0.65447,101.2046143378487,10.0,1.2046143378486984,12.046143378486985,12.046143378486985,0.02024092286756974,1.1843734149811287,0.65447,0.64635,1.2046143378486984,1.997896950578345,1.997896950578345,1.2046143378486984,TECHNICAL_EXIT,"時間 + 收益 (20分, PnL: 1.20 USDT)",20,1201,UNKNOWN,0.0,1.0,,0.0,,,0.0002
T000166,2026-05-03 01:59:31,2026-05-03 01:59:31,SPACEUSDT,LONG,10,12090.436464756376,0.008271,,100.0,10.0,,,,0,,,,,,,,,,,,UNKNOWN,0.0,1.0,,0.0,0.0,,0.0002
T000167,2026-05-03 01:54:47,2026-05-03 02:06:38,UBUSDT,LONG,10,610.5006105006105,0.16407,0.15864,96.84981684981685,10.016483516483515,-3.315018315018309,-33.09562991406102,-33.09562991406102,0.01936996336996337,-3.3343882783882726,0.16632,0.16367,1.3736263736263747,3.4065934065934074,3.4065934065934074,1.3736263736263747,STOP_LOSS,固定止損 (PnL: -3.41 USDT),11,710,UNKNOWN,0.0,1.0,,0.0,,,0.0002
T000168,2026-05-03 02:06:40,2026-05-03 02:06:40,BSBUSDT,LONG,10,150.5343971097396,0.66472,,100.0632244467861,10.00632244467861,,,,0,,,,,,,,,,,,UNKNOWN,0.0,1.0,,0.0,0.0,,0.0002
T000169,2026-05-03 02:06:40,2026-05-03 02:09:28,BSBUSDT,LONG,10,150.5343971097396,0.66472,0.67245,101.22685533644439,10.00632244467861,1.1636308896582892,11.628956553135177,11.628956553135177,0.020245371067288877,1.1433855185910002,0.67497,0.662,1.5429775703748279,0.40945356013848333,0.40945356013848333,1.5429775703748279,TRAILING_STOP,"移動止損 (最高15.4% → 當前10.3%, 回撤 5.1%)",2,168,UNKNOWN,0.0,1.0,,0.0,,,0.0002
T000170,2026-05-03 02:09:39,2026-05-03 02:09:39,UBUSDT,LONG,10,616.7889964843027,0.16213,,100.0,10.0,,,,0,,,,,,,,,,,,UNKNOWN,0.0,1.0,,0.0,0.0,,0.0002
T000171,2026-05-03 02:09:39,2026-05-03 02:10:13,UBUSDT,LONG,10,616.7889964843027,0.16213,0.17128,105.64361931783137,10.0,5.643619317831365,56.43619317831365,56.43619317831365,0.021128723863566273,5.6224905939677985,0.17741,0.16213,9.424535866280156,0.0,0.0,9.424535866280156,FULL_EXIT,全數止盈 (收益率 94.2%),0,33,UNKNOWN,0.0,1.0,,0.0,,,0.0002
T000172,2026-05-03 02:12:37,2026-05-03 02:12:37,BSBUSDT,LONG,10,146.84503443516058,0.68452,,100.51836297155613,10.051836297155614,,,,0,,,,,,,,,,,,UNKNOWN,0.0,1.0,,0.0,0.0,,0.0002
T000173,2026-05-03 01:58:29,2026-05-03 02:16:53,XNYUSDT,LONG,10,12924.906294429366,0.007737,0.007807,100.90474344061005,10.0,0.9047434406100524,9.047434406100525,9.047434406100525,0.02018094868812201,0.8845624919219304,0.00789,0.007733,1.9775106630476864,1.1115419413209273,1.1115419413209273,1.9775106630476864,TRAILING_STOP,"移動止損 (最高19.8% → 當前10.5%, 回撤 9.3%)",18,1103,UNKNOWN,0.0,1.0,,0.0,,,0.0002
T000174,2026-05-03 02:16:54,2026-05-03 02:16:54,UBUSDT,LONG,10,626.3701847792046,0.15954,,99.93109927967429,9.993109927967428,,,,0,,,,,,,,,,,,UNKNOWN,0.0,1.0,,0.0,0.0,,0.0002
T000175,2026-05-03 02:12:37,2026-05-03 02:17:58,BSBUSDT,LONG,10,146.84503443516058,0.68452,0.7282,106.93255407568394,10.051836297155614,6.414191104127806,63.81113773154902,63.81113773154902,0.02138651081513679,6.392804593312669,0.7282,0.68247,6.414191104127806,0.47284101088121716,0.47284101088121716,6.414191104127806,FULL_EXIT,全數止盈 (收益率 63.8%),5,320,UNKNOWN,0.0,1.0,,0.0,,,0.0002
T000176,2026-05-03 01:59:31,2026-05-03 02:19:34,SPACEUSDT,LONG,10,12090.436464756376,0.008271,0.008251,99.75819127070486,10.0,-0.24180872929513864,-2.4180872929513866,-2.4180872929513866,0.019951638254140973,-0.2617603675492796,0.008336,0.00827,0.7858783702091534,1.32994801112321,1.32994801112321,0.7858783702091534,TECHNICAL_EXIT,"時間 + 收益 (20分, PnL: -0.24 USDT)",20,1202,UNKNOWN,0.0,1.0,,0.0,,,0.0002
T000177,2026-05-03 02:16:54,2026-05-03 02:19:55,UBUSDT,LONG,10,626.3701847792046,0.15954,0.15471,96.90573128719073,9.993109927967428,-3.0253679924835586,-30.274539300488918,-30.274539300488918,0.01938114625743815,-3.044749138740997,0.16165,0.15951,1.3216410898841222,3.0253679924835586,3.0253679924835586,1.3216410898841222,STOP_LOSS,固定止損 (PnL: -3.03 USDT),3,181,UNKNOWN,0.0,1.0,,0.0,,,0.0002
T000178,2026-05-03 02:19:57,2026-05-03 02:19:57,XNYUSDT,LONG,10,12632.642748863063,0.007917,,100.01263264274888,10.001263264274888,,,,0,,,,,,,,,,,,UNKNOWN,0.0,1.0,,0.0,0.0,,0.0002
T000179,2026-05-03 02:21:00,2026-05-03 02:21:00,BSBUSDT,LONG,10,135.7533632895755,0.73628,,99.95248632284866,9.995248632284866,,,,0,,,,,,,,,,,,UNKNOWN,0.0,1.0,,0.0,0.0,,0.0002
T000180,2026-05-03 02:21:00,2026-05-03 02:21:09,BSBUSDT,LONG,10,135.7533632895755,0.73628,0.7343,99.68369466353529,9.995248632284866,-0.26879165931337207,-2.689194328244815,-2.689194328244815,0.01993673893270706,-0.2887283982460791,0.73628,0.73458,0.0,0.23078071759228308,0.23078071759228308,0.0,TECHNICAL_EXIT,價格偏離 (11.4% > 10.0%),0,9,UNKNOWN,0.0,1.0,,0.0,,,0.0002
T000181,2026-05-03 02:24:20,2026-05-03 02:24:20,BSBUSDT,LONG,10,136.19895943994987,0.7337,,99.92917654109122,9.992917654109123,,,,0,,,,,,,,,,,,UNKNOWN,0.0,1.0,,0.0,0.0,,0.0002
T000182,2026-05-03 02:24:20,2026-05-03 02:24:26,BSBUSDT,LONG,10,136.19895943994987,0.7337,0.73595,100.23562419983111,9.992917654109123,0.3064476587398837,3.0666484939348155,3.0666484939348155,0.02004712483996622,0.2864005338999175,0.73501,0.7337,0.17842063686633888,0.0,0.0,0.17842063686633888,TECHNICAL_EXIT,價格偏離 (11.4% > 10.0%),0,5,UNKNOWN,0.0,1.0,,0.0,,,0.0002
T000183,2026-05-03 02:26:16,2026-05-03 02:26:16,FHEUSDT,LONG,10,4570.383912248629,0.02204,,100.73126142595979,10.073126142595978,,,,0,,,,,,,,,,,,UNKNOWN,0.0,1.0,,0.0,0.0,,0.0002
T000184,2026-05-03 02:27:32,2026-05-03 02:27:32,BSBUSDT,LONG,10,127.23455690565557,0.78692,,100.12341752019847,10.012341752019847,,,,0,,,,,,,,,,,,UNKNOWN,0.0,1.0,,0.0,0.0,,0.0002
T000185,2026-05-03 02:27:32,2026-05-03 02:27:41,BSBUSDT,LONG,10,127.23455690565557,0.78692,0.78124,99.40072523697437,10.012341752019847,-0.7226922832241118,-7.218014537691135,-7.218014537691135,0.019880145047394875,-0.7425724282715067,0.78692,0.78288,0.0,0.5140276098988399,0.5140276098988399,0.0,TECHNICAL_EXIT,價格偏離 (17.4% > 10.0%),0,8,UNKNOWN,0.0,1.0,,0.0,,,0.0002
T000186,2026-05-03 02:19:57,2026-05-03 02:29:29,XNYUSDT,LONG,10,12632.642748863063,0.007917,0.007595,95.94492167761497,10.001263264274888,-4.06771096513391,-40.6719717064545,-40.6719717064545,0.019188984335522994,-4.086899949469433,0.008038,0.007896,1.5285497726124253,4.118241536129369,4.118241536129369,1.5285497726124253,STOP_LOSS,固定止損 (PnL: -4.12 USDT),9,571,UNKNOWN,0.0,1.0,,0.0,,,0.0002
T000187,2026-05-03 02:38:16,2026-05-03 02:38:16,XNYUSDT,LONG,10,13041.210224308816,0.007662,,99.92175273865415,9.992175273865415,,,,0,,,,,,,,,,,,UNKNOWN,0.0,1.0,,0.0,0.0,,0.0002
T000188,2026-05-03 02:38:16,2026-05-03 02:45:09,XNYUSDT,LONG,10,13041.210224308816,0.007662,0.007431,96.90923317683881,9.992175273865415,-3.01251956181534,-30.148786217697765,-30.148786217697765,0.019381846635367763,-3.031901408450708,0.00768,0.007656,0.2347417840375559,3.01251956181534,3.01251956181534,0.2347417840375559,STOP_LOSS,固定止損 (PnL: -3.01 USDT),6,412,UNKNOWN,0.0,1.0,,0.0,,,0.0002
T000189,2026-05-03 02:45:53,2026-05-03 02:45:53,BUSDT,LONG,10,286.61507595299514,0.3483,,99.8280309544282,9.98280309544282,,,,0,,,,,,,,,,,,UNKNOWN,0.0,1.0,,0.0,0.0,,0.0002
T000190,2026-05-03 02:26:16,2026-05-03 02:46:26,FHEUSDT,LONG,10,4570.383912248629,0.02204,0.0218,99.6343692870201,10.073126142595978,-1.0968921389396737,-10.889292196007288,-10.889292196007288,0.019926873857404024,-1.1168190127970778,0.02243,0.0217,1.782449725776956,1.9195612431444251,1.9195612431444251,1.782449725776956,TECHNICAL_EXIT,"時間 + 收益 (20分, PnL: -1.10 USDT)",20,1210,UNKNOWN,0.0,1.0,,0.0,,,0.0002
T000191,2026-05-03 02:49:27,2026-05-03 02:49:27,FHEUSDT,LONG,10,4580.852038479157,0.02182,,99.9541914796152,9.99541914796152,,,,0,,,,,,,,,,,,UNKNOWN,0.0,1.0,,0.0,0.0,,0.0002
T000192,2026-05-03 02:49:28,2026-05-03 02:49:28,BABYUSDT,LONG,10,5393.743257820927,0.01854,,100.0,10.0,,,,0,,,,,,,,,,,,UNKNOWN,0.0,1.0,,0.0,0.0,,0.0002
T000193,2026-05-03 02:45:53,2026-05-03 02:55:28,BUSDT,LONG,10,286.61507595299514,0.3483,0.3377,96.78991114932646,9.98280309544282,-3.038119805101748,-30.433534309503298,-30.433534309503298,0.019357982229865293,-3.0574777873316132,0.3496,0.3478,0.37259959873890036,3.038119805101748,3.038119805101748,0.37259959873890036,STOP_LOSS,固定止損 (PnL: -3.04 USDT),9,575,UNKNOWN,0.0,1.0,,0.0,,,0.0002
T000194,2026-05-03 02:55:30,2026-05-03 02:55:30,KNCUSDT,LONG,10,595.2380952380952,0.168,,100.0,10.0,,,,0,,,,,,,,,,,,UNKNOWN,0.0,1.0,,0.0,0.0,,0.0002
T000195,2026-05-03 02:49:27,2026-05-03 03:09:29,FHEUSDT,LONG,10,4580.852038479157,0.02182,0.02143,98.16765918460834,9.99541914796152,-1.786532295006862,-17.873510540788175,-17.873510540788175,0.01963353183692167,-1.8061658268437837,0.02182,0.02178,0.0,2.0155748969308265,2.0155748969308265,0.0,TECHNICAL_EXIT,"時間 + 收益 (20分, PnL: -1.79 USDT)",20,1201,UNKNOWN,0.0,1.0,,0.0,,,0.0002
T000196,2026-05-03 03:09:30,2026-05-03 03:09:30,BIOUSDT,LONG,10,1755.61797752809,0.05699,,100.05266853932585,10.005266853932586,,,,0,,,,,,,,,,,,UNKNOWN,0.0,1.0,,0.0,0.0,,0.0002
T000197,2026-05-03 02:49:28,2026-05-03 03:09:43,BABYUSDT,LONG,10,5393.743257820927,0.01854,0.0186,100.32362459546924,10.0,0.32362459546924244,3.2362459546924245,3.2362459546924245,0.02006472491909385,0.3035598705501486,0.01875,0.01853,1.132686084142386,0.5393743257820894,0.5393743257820894,1.132686084142386,TECHNICAL_EXIT,"時間 + 收益 (20分, PnL: 0.32 USDT)",20,1215,UNKNOWN,0.0,1.0,,0.0,,,0.0002
T000198,2026-05-03 02:55:30,2026-05-03 03:15:30,KNCUSDT,LONG,10,595.2380952380952,0.168,0.1696,100.95238095238095,10.0,0.9523809523809466,9.523809523809465,9.523809523809465,0.02019047619047619,0.9321904761904704,0.1703,0.1679,1.3690476190476168,0.11904761904762244,0.11904761904762244,1.3690476190476168,TECHNICAL_EXIT,"時間 + 收益 (20分, PnL: 0.95 USDT)",20,1200,UNKNOWN,0.0,1.0,,0.0,,,0.0002
T000199,2026-05-03 03:18:14,2026-05-03 03:18:14,BABYUSDT,LONG,10,5319.148936170212,0.01879,,99.94680851063829,9.99468085106383,,,,0,,,,,,,,,,,,UNKNOWN,0.0,1.0,,0.0,0.0,,0.0002
T000200,2026-05-03 03:18:35,2026-05-03 03:18:35,KNCUSDT,LONG,10,587.1990604815032,0.1702,,99.94128009395185,9.994128009395185,,,,0,,,,,,,,,,,,UNKNOWN,0.0,1.0,,0.0,0.0,,0.0002
T000201,2026-05-03 03:09:30,2026-05-03 03:29:39,BIOUSDT,LONG,10,1755.61797752809,0.05699,0.0581,102.00140449438203,10.005266853932586,1.9487359550561798,19.4771012458326,19.4771012458326,0.020400280898876407,1.9283356741573034,0.05818,0.05694,2.0891853932584334,0.31601123595505554,0.31601123595505554,2.0891853932584334,TECHNICAL_EXIT,"時間 + 收益 (20分, PnL: 1.95 USDT)",20,1208,UNKNOWN,0.0,1.0,,0.0,,,0.0002
T000202,2026-05-03 03:29:41,2026-05-03 03:29:41,TAGUSDT,LONG,10,75797.77154551656,0.0013198,,100.03789888577276,10.003789888577277,,,,0,,,,,,,,,,,,UNKNOWN,0.0,1.0,,0.0,0.0,,0.0002
T000203,2026-05-03 03:29:41,2026-05-03 03:32:25,TAGUSDT,LONG,10,75797.77154551656,0.0013198,0.0012884,97.65784885924354,10.003789888577277,-2.3800500265292204,-23.79148355811487,-23.79148355811487,0.01953156977184871,-2.399581596301069,0.0013435,0.0013147,1.796407185628741,2.4103691351474277,2.4103691351474277,1.796407185628741,TECHNICAL_EXIT,高點回撤 (4.1% > 4.0%),2,163,UNKNOWN,0.0,1.0,,0.0,,,0.0002
T000204,2026-05-03 03:32:27,2026-05-03 03:32:27,SPACEUSDT,LONG,10,11928.903733746869,0.00837,,99.84492425146131,9.984492425146131,,,,0,,,,,,,,,,,,UNKNOWN,0.0,1.0,,0.0,0.0,,0.0002
T000205,2026-05-03 03:18:14,2026-05-03 03:38:16,BABYUSDT,LONG,10,5319.148936170212,0.01879,0.01865,99.20212765957446,9.99468085106383,-0.7446808510638363,-7.450771687067655,-7.450771687067655,0.019840425531914892,-0.7645212765957512,0.01887,0.01877,0.42553191489361814,1.5425531914893726,1.5425531914893726,0.42553191489361814,TECHNICAL_EXIT,"時間 + 收益 (20分, PnL: -0.80 USDT)",20,1202,UNKNOWN,0.0,1.0,,0.0,,,0.0002
T000206,2026-05-03 03:38:18,2026-05-03 03:38:18,BIOUSDT,LONG,10,1728.3097131005875,0.05785,,99.98271690286899,9.998271690286899,,,,0,,,,,,,,,,,,UNKNOWN,0.0,1.0,,0.0,0.0,,0.0002
T000207,2026-05-03 03:18:35,2026-05-03 03:38:37,KNCUSDT,LONG,10,587.1990604815032,0.1702,0.1684,98.88432178508515,9.994128009395185,-1.0569583088667036,-10.575793184488814,-10.575793184488814,0.019776864357017032,-1.0767351732237207,0.1708,0.1701,0.35231943628891205,1.1156782149148474,1.1156782149148474,0.35231943628891205,TECHNICAL_EXIT,"時間 + 收益 (20分, PnL: -1.06 USDT)",20,1202,UNKNOWN,0.0,1.0,,0.0,,,0.0002
T000208,2026-05-03 03:38:39,2026-05-03 03:38:39,TAGUSDT,LONG,10,75500.18875047188,0.0013258,,100.09815024537562,10.009815024537563,,,,0,,,,,,,,,,,,UNKNOWN,0.0,1.0,,0.0,0.0,,0.0002
T000209,2026-05-03 03:38:39,2026-05-03 03:41:25,TAGUSDT,LONG,10,75500.18875047188,0.0013258,0.0013403,101.19290298225745,10.009815024537563,1.0947527368818402,10.936792879770682,10.936792879770682,0.02023858059645149,1.0745141562853886,0.0013645,0.0013258,2.921857304643263,0.0,0.0,2.921857304643263,TRAILING_STOP,"移動止損 (最高29.2% → 當前15.2%, 回撤 14.0%)",2,165,UNKNOWN,0.0,1.0,,0.0,,,0.0002
T000210,2026-05-03 03:41:27,2026-05-03 03:41:27,NAORISUSDT,LONG,10,947.8672985781991,0.1055,,100.0,10.0,,,,0,,,,,,,,,,,,UNKNOWN,0.0,1.0,,0.0,0.0,,0.0002
T000211,2026-05-03 03:41:27,2026-05-03 03:49:31,NAORISUSDT,LONG,10,947.8672985781991,0.1055,0.10665,101.09004739336493,10.0,1.0900473933649273,10.900473933649273,10.900473933649273,0.020218009478672985,1.0698293838862543,0.10733,0.10545,1.7345971563981026,0.04739336492890474,0.04739336492890474,1.7345971563981026,TRAILING_STOP,"移動止損 (最高17.3% → 當前10.1%, 回撤 7.2%)",8,483,UNKNOWN,0.0,1.0,,0.0,,,0.0002
T000212,2026-05-03 03:49:32,2026-05-03 03:49:32,LABUSDT,LONG,10,51.48800329523221,1.9326,,99.50571516836578,9.950571516836579,,,,0,,,,,,,,,,,,UNKNOWN,0.0,1.0,,0.0,0.0,,0.0002
T000213,2026-05-03 03:49:32,2026-05-03 03:51:08,LABUSDT,LONG,10,51.48800329523221,1.9326,2.0278,104.40737308207189,9.950571516836579,4.901657913706104,49.260064162268414,49.260064162268414,0.02088147461641438,4.880776439089689,2.0397,1.9326,5.514365152919357,0.0,0.0,5.514365152919357,TECHNICAL_EXIT,價格偏離 (10.2% > 10.0%),1,96,UNKNOWN,0.0,1.0,,0.0,,,0.0002
T000214,2026-05-03 03:51:11,2026-05-03 03:51:11,TAGUSDT,LONG,10,73616.01884570082,0.0013604,,100.1472320376914,10.01472320376914,,,,0,,,,,,,,,,,,UNKNOWN,0.0,1.0,,0.0,0.0,,0.0002
T000215,2026-05-03 03:38:18,2026-05-03 03:52:25,BIOUSDT,LONG,10,1728.3097131005875,0.05785,0.05878,101.59004493605254,9.998271690286899,1.607328033183547,16.07605877268799,16.07605877268799,0.02031800898721051,1.5870100241963363,0.05928,0.05784,2.4714828897338412,0.03456619426201034,0.03456619426201034,2.4714828897338412,TRAILING_STOP,"移動止損 (最高24.7% → 當前16.1%, 回撤 8.6%)",14,847,UNKNOWN,0.0,1.0,,0.0,,,0.0002
T000216,2026-05-03 03:52:27,2026-05-03 03:52:27,XNYUSDT,LONG,10,12748.597654258032,0.007844,,100.0,10.0,,,,0,,,,,,,,,,,,UNKNOWN,0.0,1.0,,0.0,0.0,,0.0002
T000217,2026-05-03 03:32:27,2026-05-03 03:52:35,SPACEUSDT,LONG,10,11928.903733746869,0.00837,0.008401,100.21472026720745,9.984492425146131,0.3697960157461503,3.7037037037036766,3.7037037037036766,0.02004294405344149,0.3497530716927088,0.008496,0.00837,1.503041870452098,0.0,0.0,1.503041870452098,TECHNICAL_EXIT,"時間 + 收益 (20分, PnL: 0.24 USDT)",20,1208,UNKNOWN,0.0,1.0,,0.0,,,0.0002
T000218,2026-05-03 03:52:37,2026-05-03 03:52:37,SKYAIUSDT,LONG,10,206.90654031573936,0.48331,,100.0,10.0,,,,0,,,,,,,,,,,,UNKNOWN,0.0,1.0,,0.0,0.0,,0.0002
T000219,2026-05-03 03:51:11,2026-05-03 03:57:01,TAGUSDT,LONG,10,73616.01884570082,0.0013604,0.0013748,101.20730270906948,10.01472320376914,1.0600706713780856,10.58512202293437,10.58512202293437,0.0202414605418139,1.0398292108362717,0.0014014,0.0013511,3.0182567726737193,1.5238515901060081,1.5238515901060081,3.0182567726737193,TRAILING_STOP,"移動止損 (最高30.1% → 當前10.6%, 回撤 19.6%)",5,350,UNKNOWN,0.0,1.0,,0.0,,,0.0002
T000220,2026-05-03 03:57:03,2026-05-03 03:57:03,LABUSDT,LONG,10,45.99392880139822,2.1845,,100.4737374666544,10.04737374666544,,,,0,,,,,,,,,,,,UNKNOWN,0.0,1.0,,0.0,0.0,,0.0002
T000221,2026-05-03 03:57:03,2026-05-03 03:57:08,LABUSDT,LONG,10,45.99392880139822,2.1845,2.1905,100.7497010394628,10.04737374666544,0.2759635728083998,2.7466239414054607,2.7466239414054607,0.020149940207892562,0.2558136326005072,2.1845,2.1713,0.0,0.6071198601784509,0.6071198601784509,0.0,TECHNICAL_EXIT,價格偏離 (17.9% > 10.0%),0,5,UNKNOWN,0.0,1.0,,0.0,,,0.0002
T000222,2026-05-03 03:57:10,2026-05-03 03:57:10,UBUSDT,LONG,10,649.8148027812074,0.15363,,99.83104815127689,9.983104815127689,,,,0,,,,,,,,,,,,UNKNOWN,0.0,1.0,,0.0,0.0,,0.0002
T000223,2026-05-03 03:57:10,2026-05-03 04:01:26,UBUSDT,LONG,10,649.8148027812074,0.15363,0.15551,101.05269998050557,9.983104815127689,1.2216518292286833,12.237193256525552,12.237193256525552,0.020210539996101114,1.2014412892325823,0.15783,0.15341,2.729222171681077,0.14295925661186432,0.14295925661186432,2.729222171681077,TRAILING_STOP,"移動止損 (最高27.3% → 當前13.8%, 回撤 13.5%)",4,255,UNKNOWN,0.0,1.0,,0.0,,,0.0002
T000224,2026-05-03 04:01:27,2026-05-03 04:01:27,LABUSDT,LONG,10,48.388657698635434,2.07,,100.16452143617533,10.016452143617533,,,,0,,,,,,,,,,,,UNKNOWN,0.0,1.0,,0.0,0.0,,0.0002
T000225,2026-05-03 04:01:27,2026-05-03 04:01:36,LABUSDT,LONG,10,48.388657698635434,2.07,2.0112,97.3192683634956,10.016452143617533,-2.845253072679751,-28.405797101449153,-28.405797101449153,0.01946385367269912,-2.8647169263524503,2.07,2.0575,0.0,0.60485822123293,0.60485822123293,0.0,TECHNICAL_EXIT,價格偏離 (11.4% > 10.0%),0,8,UNKNOWN,0.0,1.0,,0.0,,,0.0002
T000226,2026-05-03 04:01:38,2026-05-03 04:01:38,TAGUSDT,LONG,10,73335.28894103842,0.0013771,,100.99002640070401,10.0990026400704,,,,0,,,,,,,,,,,,UNKNOWN,0.0,1.0,,0.0,0.0,,0.0002
T000227,2026-05-03 04:01:38,2026-05-03 04:03:03,TAGUSDT,LONG,10,73335.28894103842,0.0013771,0.0013303,97.55793487826341,10.0990026400704,-3.432091522440602,-33.98446009730598,-33.98446009730598,0.019511586975652685,-3.4516031094162547,0.0013771,0.0013463,0.0,3.021413904370777,3.021413904370777,0.0,STOP_LOSS,固定止損 (PnL: -3.02 USDT),1,85,UNKNOWN,0.0,1.0,,0.0,,,0.0002
T000228,2026-05-03 04:03:05,2026-05-03 04:03:05,BIOUSDT,LONG,10,1722.0595832615809,0.05803,,99.93111761666954,9.993111761666954,,,,0,,,,,,,,,,,,UNKNOWN,0.0,1.0,,0.0,0.0,,0.0002
T000229,2026-05-03 03:52:27,2026-05-03 04:03:24,XNYUSDT,LONG,10,12748.597654258032,0.007844,0.007956,101.42784293727689,10.0,1.4278429372768902,14.278429372768903,14.278429372768903,0.02028556858745538,1.4075573686894347,0.008061,0.007829,2.7664456909739954,0.3824579296277475,0.3824579296277475,2.7664456909739954,TRAILING_STOP,"移動止損 (最高27.7% → 當前16.4%, 回撤 11.2%)",10,656,UNKNOWN,0.0,1.0,,0.0,,,0.0002
T000230,2026-05-03 04:03:25,2026-05-03 04:03:25,SPACEUSDT,LONG,10,11894.849530153444,0.00841,,100.03568454859047,10.003568454859046,,,,0,,,,,,,,,,,,UNKNOWN,0.0,1.0,,0.0,0.0,,0.0002
T000231,2026-05-03 03:52:37,2026-05-03 04:03:44,SKYAIUSDT,LONG,10,206.90654031573936,0.48331,0.49009,101.4028263433407,10.0,1.4028263433407147,14.028263433407146,14.028263433407146,0.020280565268668144,1.3825457780720465,0.49392,0.48241,2.195278392749996,0.5048519583704035,0.5048519583704035,2.195278392749996,TRAILING_STOP,"移動止損 (最高22.0% → 當前14.4%, 回撤 7.6%)",11,667,UNKNOWN,0.0,1.0,,0.0,,,0.0002
T000232,2026-05-03 04:03:46,2026-05-03 04:03:46,NAORISUSDT,LONG,10,925.754489909276,0.10835,,100.30549898167006,10.030549898167006,,,,0,,,,,,,,,,,,UNKNOWN,0.0,1.0,,0.0,0.0,,0.0002
T000233,2026-05-03 04:03:46,2026-05-03 04:05:12,NAORISUSDT,LONG,10,925.754489909276,0.10835,0.10969,101.54600999814848,10.030549898167006,1.2405110164784243,12.367328103368656,12.367328103368656,0.020309201999629697,1.2202018144787947,0.11044,0.1083,1.934826883910382,0.04628772449547155,0.04628772449547155,1.934826883910382,TRAILING_STOP,"移動止損 (最高19.3% → 當前12.7%, 回撤 6.6%)",1,86,UNKNOWN,0.0,1.0,,0.0,,,0.0002
T000234,2026-05-03 04:05:13,2026-05-03 04:05:13,LABUSDT,LONG,10,46.341350386950275,2.1478,,99.53195236109181,9.953195236109181,,,,0,,,,,,,,,,,,UNKNOWN,0.0,1.0,,0.0,0.0,,0.0002
T000235,2026-05-03 04:05:13,2026-05-03 04:05:25,LABUSDT,LONG,10,46.341350386950275,2.1478,2.1208,98.28073590064415,9.953195236109181,-1.2512164604476637,-12.571002886674798,-12.571002886674798,0.01965614718012883,-1.2708726076277925,2.1478,2.1208,0.0,1.2512164604476637,1.2512164604476637,0.0,TECHNICAL_EXIT,價格偏離 (13.6% > 10.0%),0,11,UNKNOWN,0.0,1.0,,0.0,,,0.0002
T000236,2026-05-03 04:06:28,2026-05-03 04:06:28,XNYUSDT,LONG,10,12475.0499001996,0.008026,,100.12475049900199,10.0124750499002,,,,0,,,,,,,,,,,,UNKNOWN,0.0,1.0,,0.0,0.0,,0.0002
T000237,2026-05-03 04:06:28,2026-05-03 04:12:19,XNYUSDT,LONG,10,12475.0499001996,0.008026,0.008287,103.38073852295408,10.0124750499002,3.255988023952084,32.51931223523537,32.51931223523537,0.020676147704590815,3.2353118762474935,0.008494,0.007999,5.838323353293409,0.7485029940119671,0.7485029940119671,5.838323353293409,TRAILING_STOP,"移動止損 (最高58.3% → 當前32.5%, 回撤 25.8%)",5,351,UNKNOWN,0.0,1.0,,0.0,,,0.0002
T000238,2026-05-03 04:12:21,2026-05-03 04:12:21,SKYAIUSDT,LONG,10,205.456936226167,0.48699,,100.05547337278105,10.005547337278106,,,,0,,,,,,,,,,,,UNKNOWN,0.0,1.0,,0.0,0.0,,0.0002
T000239,2026-05-03 04:03:05,2026-05-03 04:23:12,BIOUSDT,LONG,10,1722.0595832615809,0.05803,0.0579,99.70724987084553,9.993111761666954,-0.22386774582400237,-2.2402205755643316,-2.2402205755643316,0.019941449974169106,-0.24380919579817148,0.05846,0.0579,0.7404856208024795,0.8954709832960214,0.8954709832960214,0.7404856208024795,TECHNICAL_EXIT,"時間 + 收益 (20分, PnL: -0.22 USDT)",20,1207,UNKNOWN,0.0,1.0,,0.0,,,0.0002
T000240,2026-05-03 04:23:13,2026-05-03 04:23:13,XNYUSDT,LONG,10,11353.315168029065,0.008816,,100.09082652134423,10.009082652134422,,,,0,,,,,,,,,,,,UNKNOWN,0.0,1.0,,0.0,0.0,,0.0002
T000241,2026-05-03 04:23:13,2026-05-03 04:23:22,XNYUSDT,LONG,10,11353.315168029065,0.008816,0.00896,101.72570390554041,10.009082652134422,1.6348773841961857,16.333938294010895,16.333938294010895,0.020345140781108082,1.6145322434150775,0.00896,0.008816,1.6348773841961857,0.0,0.0,1.6348773841961857,TECHNICAL_EXIT,價格偏離 (14.7% > 10.0%),0,8,UNKNOWN,0.0,1.0,,0.0,,,0.0002
T000242,2026-05-03 04:23:27,2026-05-03 04:23:27,ORDIUSDT,LONG,10,17.403411068569437,5.747,,100.01740341106856,10.001740341106856,,,,0,,,,,,,,,,,,UNKNOWN,0.0,1.0,,0.0,0.0,,0.0002
T000243,2026-05-03 04:03:25,2026-05-03 04:23:33,SPACEUSDT,LONG,10,11894.849530153444,0.00841,0.008394,99.84536695610801,10.003568454859046,-0.19031759248245972,-1.9024970273484412,-1.9024970273484412,0.019969073391221604,-0.21028666587368133,0.008435,0.008402,0.297371238253824,0.6661115736885987,0.6661115736885987,0.297371238253824,TECHNICAL_EXIT,"時間 + 收益 (20分, PnL: -0.19 USDT)",20,1207,UNKNOWN,0.0,1.0,,0.0,,,0.0002
T000244,2026-05-03 04:23:34,2026-05-03 04:23:34,BSBUSDT,LONG,10,140.79549454417457,0.70895,,99.81696585709255,9.981696585709255,,,,0,,,,,,,,,,,,UNKNOWN,0.0,1.0,,0.0,0.0,,0.0002
T000245,2026-05-03 04:23:34,2026-05-03 04:27:51,BSBUSDT,LONG,10,140.79549454417457,0.70895,0.67501,95.03836677226327,9.981696585709255,-4.778599084829281,-47.87361591085405,-47.87361591085405,0.019007673354452654,-4.797606758183734,0.70895,0.70869,0.0,4.253431890179508,4.253431890179508,0.0,STOP_LOSS,固定止損 (PnL: -4.25 USDT),4,256,UNKNOWN,0.0,1.0,,0.0,,,0.0002
T000246,2026-05-03 04:27:52,2026-05-03 04:27:52,XNYUSDT,LONG,10,11103.70863868532,0.008992,,99.8445480790584,9.98445480790584,,,,0,,,,,,,,,,,,UNKNOWN,0.0,1.0,,0.0,0.0,,0.0002
T000247,2026-05-03 04:27:52,2026-05-03 04:28:01,XNYUSDT,LONG,10,11103.70863868532,0.008992,0.008958,99.46702198534311,9.98445480790584,-0.3775260937152932,-3.7811387900355107,-3.7811387900355107,0.019893404397068624,-0.3974194981123618,0.008992,0.008939,0.0,0.5884965578503134,0.5884965578503134,0.0,TECHNICAL_EXIT,價格偏離 (13.2% > 10.0%),0,8,UNKNOWN,0.0,1.0,,0.0,,,0.0002
T000248,2026-05-03 04:28:03,2026-05-03 04:28:03,SPACEUSDT,LONG,10,11820.33096926714,0.008467,,100.08274231678487,10.008274231678488,,,,0,,,,,,,,,,,,UNKNOWN,0.0,1.0,,0.0,0.0,,0.0002
T000249,2026-05-03 04:12:21,2026-05-03 04:32:28,SKYAIUSDT,LONG,10,205.456936226167,0.48699,0.48327,99.29117357001972,10.005547337278106,-0.7642998027613415,-7.638760549497939,-7.638760549497939,0.019858234714003945,-0.7841580374753454,0.48931,0.48613,0.4766600920447165,1.5368178829717263,1.5368178829717263,0.4766600920447165,TECHNICAL_EXIT,"時間 + 收益 (20分, PnL: -0.81 USDT)",20,1207,UNKNOWN,0.0,1.0,,0.0,,,0.0002
T000250,2026-05-03 04:32:30,2026-05-03 04:32:30,XNYUSDT,LONG,10,11272.686281140795,0.008861,,99.8872731371886,9.98872731371886,,,,0,,,,,,,,,,,,UNKNOWN,0.0,1.0,,0.0,0.0,,0.0002
T000251,2026-05-03 04:32:30,2026-05-03 04:32:39,XNYUSDT,LONG,10,11272.686281140795,0.008861,0.00878,98.97418554841617,9.98872731371886,-0.913087588772418,-9.141180453673535,-9.141180453673535,0.019794837109683234,-0.9328824258821012,0.008861,0.00878,0.0,0.913087588772418,0.913087588772418,0.0,TECHNICAL_EXIT,價格偏離 (10.1% > 10.0%),0,8,UNKNOWN,0.0,1.0,,0.0,,,0.0002
T000252,2026-05-03 04:32:41,2026-05-03 04:32:41,FHEUSDT,LONG,10,4576.659038901602,0.02185,,100.00000000000001,10.000000000000002,,,,0,,,,,,,,,,,,UNKNOWN,0.0,1.0,,0.0,0.0,,0.0002
T000253,2026-05-03 04:23:27,2026-05-03 04:43:37,ORDIUSDT,LONG,10,17.403411068569437,5.747,5.69,99.0254089801601,10.001740341106856,-0.9919944309084491,-9.918218200800329,-9.918218200800329,0.01980508179603202,-1.011799512704481,5.77,5.741,0.4002784545770916,1.2008353637312903,1.2008353637312903,0.4002784545770916,TECHNICAL_EXIT,"時間 + 收益 (20分, PnL: -1.04 USDT)",20,1210,UNKNOWN,0.0,1.0,,0.0,,,0.0002
T000254,2026-05-03 04:43:39,2026-05-03 04:43:39,UBUSDT,LONG,10,654.4502617801047,0.153,,100.13089005235602,10.013089005235603,,,,0,,,,,,,,,,,,UNKNOWN,0.0,1.0,,0.0,0.0,,0.0002
T000255,2026-05-03 04:28:03,2026-05-03 04:48:03,SPACEUSDT,LONG,10,11820.33096926714,0.008467,0.008657,102.32860520094562,10.008274231678488,2.245862884160747,22.44006141490483,22.44006141490483,0.020465721040189126,2.225397163120558,0.008688,0.008457,2.6122931442080257,0.17730496453902037,0.17730496453902037,2.6122931442080257,TECHNICAL_EXIT,"時間 + 收益 (20分, PnL: 2.35 USDT)",20,1200,UNKNOWN,0.0,1.0,,0.0,,,0.0002
T000256,2026-05-03 04:48:05,2026-05-03 04:48:05,BIOUSDT,LONG,10,1722.6528854435833,0.05803,,99.96554694229114,9.996554694229115,,,,0,,,,,,,,,,,,UNKNOWN,0.0,1.0,,0.0,0.0,,0.0002
T000257,2026-05-03 04:32:41,2026-05-03 04:52:43,FHEUSDT,LONG,10,4576.659038901602,0.02185,0.0218,99.77116704805492,10.000000000000002,-0.22883295194508665,-2.288329519450866,-2.288329519450866,0.019954233409610986,-0.24878718535469763,0.02203,0.02184,0.8237986270022866,0.36613272311212913,0.36613272311212913,0.8237986270022866,TECHNICAL_EXIT,"時間 + 收益 (20分, PnL: -0.23 USDT)",20,1202,UNKNOWN,0.0,1.0,,0.0,,,0.0002
T000258,2026-05-03 04:52:45,2026-05-03 04:52:45,SKYAIUSDT,LONG,10,202.28173800469293,0.49457,,100.04247916498099,10.004247916498098,,,,0,,,,,,,,,,,,UNKNOWN,0.0,1.0,,0.0,0.0,,0.0002
T000259,2026-05-03 04:43:39,2026-05-03 04:52:54,UBUSDT,LONG,10,654.4502617801047,0.153,0.15472,101.2565445026178,10.013089005235603,1.1256544502617796,11.241830065359471,11.241830065359471,0.02025130890052356,1.105403141361256,0.15587,0.1525,1.878272251308908,1.2369109947643997,1.2369109947643997,1.878272251308908,TRAILING_STOP,"移動止損 (最高18.8% → 當前11.2%, 回撤 7.5%)",9,554,UNKNOWN,0.0,1.0,,0.0,,,0.0002
T000260,2026-05-03 04:52:56,2026-05-03 04:52:56,BSBUSDT,LONG,10,139.63555121133842,0.71615,,100.0,10.0,,,,0,,,,,,,,,,,,UNKNOWN,0.0,1.0,,0.0,0.0,,0.0002
T000261,2026-05-03 04:52:45,2026-05-03 05:07:28,SKYAIUSDT,LONG,10,202.28173800469293,0.49457,0.50983,103.1292984869326,10.004247916498098,3.086819321951613,30.855086236528688,30.855086236528688,0.02062585969738652,3.0661934622542266,0.52336,0.49457,5.823691237155117,0.0,0.0,5.823691237155117,TRAILING_STOP,"移動止損 (最高58.2% → 當前26.9%, 回撤 31.3%)",14,883,UNKNOWN,0.0,1.0,,0.0,,,0.0002
T000262,2026-05-03 05:07:30,2026-05-03 05:07:30,LABUSDT,LONG,10,35.80251333643622,2.7861,,99.74938240664494,9.974938240664494,,,,0,,,,,,,,,,,,UNKNOWN,0.0,1.0,,0.0,0.0,,0.0002
T000263,2026-05-03 05:07:30,2026-05-03 05:07:39,LABUSDT,LONG,10,35.80251333643622,2.7861,2.7874,99.79592567398231,9.974938240664494,0.04654326733736991,0.46660206022758655,0.46660206022758655,0.019959185134796463,0.026584082202573446,2.7861,2.7831,0.0,0.10740754000929684,0.10740754000929684,0.0,TECHNICAL_EXIT,價格偏離 (20.4% > 10.0%),0,8,UNKNOWN,0.0,1.0,,0.0,,,0.0002
T000264,2026-05-03 05:07:40,2026-05-03 05:07:40,UBUSDT,LONG,10,636.1323155216285,0.1578,,100.38167938931296,10.038167938931297,,,,0,,,,,,,,,,,,UNKNOWN,0.0,1.0,,0.0,0.0,,0.0002
T000265,2026-05-03 04:48:05,2026-05-03 05:08:10,BIOUSDT,LONG,10,1722.6528854435833,0.05803,0.05816,100.1894918173988,9.996554694229115,0.22394487510767463,2.240220575564451,2.240220575564451,0.020037898363479762,0.20390697674419486,0.05832,0.058,0.49956933677863674,0.7235142118862994,0.7235142118862994,0.49956933677863674,TECHNICAL_EXIT,"時間 + 收益 (20分, PnL: 0.24 USDT)",20,1204,UNKNOWN,0.0,1.0,,0.0,,,0.0002
T000266,2026-05-03 05:08:12,2026-05-03 05:08:12,SPACEUSDT,LONG,10,11392.11665527455,0.008775,,99.96582365003418,9.996582365003418,,,,0,,,,,,,,,,,,UNKNOWN,0.0,1.0,,0.0,0.0,,0.0002
T000267,2026-05-03 04:52:56,2026-05-03 05:12:58,BSBUSDT,LONG,10,139.63555121133842,0.71615,0.71869,100.35467430007682,10.0,0.3546743000768132,3.5467430007681324,3.5467430007681324,0.020070934860015367,0.33460336521679784,0.72654,0.71508,1.4508133770858076,0.5627312713816908,0.5627312713816908,1.4508133770858076,TECHNICAL_EXIT,"時間 + 收益 (20分, PnL: 0.39 USDT)",20,1202,UNKNOWN,0.0,1.0,,0.0,,,0.0002
T000268,2026-05-03 05:13:00,2026-05-03 05:13:00,LABUSDT,LONG,10,34.41866868589523,2.9033,,99.92772079575963,9.992772079575962,,,,0,,,,,,,,,,,,UNKNOWN,0.0,1.0,,0.0,0.0,,0.0002
T000269,2026-05-03 05:13:00,2026-05-03 05:13:09,LABUSDT,LONG,10,34.41866868589523,2.9033,2.8994,99.79348798788462,9.992772079575962,-0.13423280787499953,-1.3432990045810753,-1.3432990045810753,0.019958697597576923,-0.15419150547257646,2.9033,2.8994,0.0,0.13423280787499953,0.13423280787499953,0.0,TECHNICAL_EXIT,價格偏離 (22.4% > 10.0%),0,8,UNKNOWN,0.0,1.0,,0.0,,,0.0002
T000270,2026-05-03 05:13:10,2026-05-03 05:13:10,BIOUSDT,LONG,10,1713.5023989033584,0.05829,,99.88005483207677,9.988005483207676,,,,0,,,,,,,,,,,,UNKNOWN,0.0,1.0,,0.0,0.0,,0.0002
T000271,2026-05-03 05:13:10,2026-05-03 05:18:27,BIOUSDT,LONG,10,1713.5023989033584,0.05829,0.0593,101.61069225496915,9.988005483207676,1.7306374228923869,17.327157316863907,17.327157316863907,0.020322138450993833,1.7103152844413931,0.06005,0.05828,3.015764222069907,0.017135023989038833,0.017135023989038833,3.015764222069907,TRAILING_STOP,"移動止損 (最高30.2% → 當前17.8%, 回撤 12.4%)",5,317,UNKNOWN,0.0,1.0,,0.0,,,0.0002
T000272,2026-05-03 05:18:29,2026-05-03 05:18:29,LABUSDT,LONG,10,32.63920621450486,3.0667,,100.09465369802206,10.009465369802205,,,,0,,,,,,,,,,,,UNKNOWN,0.0,1.0,,0.0,0.0,,0.0002
T000273,2026-05-03 05:18:29,2026-05-03 05:18:42,LABUSDT,LONG,10,32.63920621450486,3.0667,3.0481,99.48756446243226,10.009465369802205,-0.607089235589796,-6.065151465744994,-6.065151465744994,0.019897512892486452,-0.6269867484822824,3.0667,3.0478,0.0,0.6168809974541392,0.6168809974541392,0.0,TECHNICAL_EXIT,價格偏離 (25.4% > 10.0%),0,12,UNKNOWN,0.0,1.0,,0.0,,,0.0002
T000274,2026-05-03 05:18:43,2026-05-03 05:18:43,SKYAIUSDT,LONG,10,192.20050356531934,0.52163,,100.25754867477754,10.025754867477755,,,,0,,,,,,,,,,,,UNKNOWN,0.0,1.0,,0.0,0.0,,0.0002
T000275,2026-05-03 05:07:40,2026-05-03 05:18:49,UBUSDT,LONG,10,636.1323155216285,0.1578,0.16032,101.98473282442747,10.038167938931297,1.6030534351145003,15.969581749049397,15.969581749049397,0.020396946564885495,1.5826564885496148,0.1618,0.15762,2.5445292620865163,1.2022900763358795,1.2022900763358795,2.5445292620865163,TRAILING_STOP,"移動止損 (最高25.3% → 當前16.0%, 回撤 9.4%)",11,668,UNKNOWN,0.0,1.0,,0.0,,,0.0002
T000276,2026-05-03 05:18:51,2026-05-03 05:18:51,BSBUSDT,LONG,10,139.89927252378288,0.71519,,100.05456071628429,10.005456071628428,,,,0,,,,,,,,,,,,UNKNOWN,0.0,1.0,,0.0,0.0,,0.0002
T000277,2026-05-03 05:18:43,2026-05-03 05:25:32,SKYAIUSDT,LONG,10,192.20050356531934,0.52163,0.52791,101.46456783716773,10.025754867477755,1.2070191623901962,12.039184862833716,12.039184862833716,0.020292913567433547,1.1867262488227628,0.53221,0.52005,2.0334813277210637,0.30367679563320954,0.30367679563320954,2.0334813277210637,TRAILING_STOP,"移動止損 (最高20.3% → 當前12.0%, 回撤 8.2%)",6,408,UNKNOWN,0.0,1.0,,0.0,,,0.0002
T000278,2026-05-03 05:25:33,2026-05-03 05:25:33,BIOUSDT,LONG,10,1666.6666666666667,0.05997,,99.95,9.995000000000001,,,,0,,,,,,,,,,,,UNKNOWN,0.0,1.0,,0.0,0.0,,0.0002
T000279,2026-05-03 05:08:12,2026-05-03 05:28:15,SPACEUSDT,LONG,10,11392.11665527455,0.008775,0.008776,99.97721576668947,9.996582365003418,0.011392116655285944,0.11396011396022794,0.11396011396022794,0.019995443153337896,-0.008603326498051952,0.008823,0.008765,0.546821599453172,1.2189564821143708,1.2189564821143708,0.546821599453172,TECHNICAL_EXIT,"時間 + 收益 (20分, PnL: -0.03 USDT)",20,1203,UNKNOWN,0.0,1.0,,0.0,,,0.0002
T000280,2026-05-03 05:28:20,2026-05-03 05:28:20,FHEUSDT,LONG,10,4430.660168365086,0.02257,,99.99999999999999,9.999999999999998,,,,0,,,,,,,,,,,,UNKNOWN,0.0,1.0,,0.0,0.0,,0.0002
T000281,2026-05-03 05:28:20,2026-05-03 05:33:55,FHEUSDT,LONG,10,4430.660168365086,0.02257,0.023,101.90518387239698,9.999999999999998,1.9051838723969863,19.051838723969865,19.051838723969865,0.020381036774479395,1.8848028356225068,0.02317,0.02256,2.658396101019051,0.6202924235711175,0.6202924235711175,2.658396101019051,TRAILING_STOP,"移動止損 (最高26.6% → 當前17.7%, 回撤 8.9%)",5,334,UNKNOWN,0.0,1.0,,0.0,,,0.0002
T000282,2026-05-03 05:33:57,2026-05-03 05:33:57,XNYUSDT,LONG,10,11818.93393215932,0.008462,,100.01181893393218,10.001181893393218,,,,0,,,,,,,,,,,,UNKNOWN,0.0,1.0,,0.0,0.0,,0.0002
T000283,2026-05-03 05:18:51,2026-05-03 05:38:53,BSBUSDT,LONG,10,139.89927252378288,0.71519,0.71101,99.46978175713487,10.005456071628428,-0.584778959149407,-5.844600735468842,-5.844600735468842,0.019893956351426975,-0.604672915500834,0.7191,0.71492,0.5470061555679867,2.7686066032456598,2.7686066032456598,0.5470061555679867,TECHNICAL_EXIT,"時間 + 收益 (20分, PnL: -0.50 USDT)",20,1202,UNKNOWN,0.0,1.0,,0.0,,,0.0002
T000284,2026-05-03 05:38:55,2026-05-03 05:38:55,SPACEUSDT,LONG,10,10921.799912625602,0.009164,,100.08737439930101,10.008737439930101,,,,0,,,,,,,,,,,,UNKNOWN,0.0,1.0,,0.0,0.0,,0.0002
T000285,2026-05-03 05:25:33,2026-05-03 05:43:27,BIOUSDT,LONG,10,1666.6666666666667,0.05997,0.06079,101.31666666666666,9.995000000000001,1.3666666666666574,13.673503418375759,13.673503418375759,0.020263333333333335,1.346403333333324,0.06114,0.05989,1.9499999999999957,1.1666666666666654,1.1666666666666654,1.9499999999999957,TRAILING_STOP,"移動止損 (最高19.5% → 當前12.5%, 回撤 7.0%)",17,1073,UNKNOWN,0.0,1.0,,0.0,,,0.0002
T000286,2026-05-03 05:43:29,2026-05-03 05:43:29,UBUSDT,LONG,10,615.5361319709467,0.16252,,100.03693216791825,10.003693216791826,,,,0,,,,,,,,,,,,UNKNOWN,0.0,1.0,,0.0,0.0,,0.0002
T000287,2026-05-03 05:38:55,2026-05-03 05:46:22,SPACEUSDT,LONG,10,10921.799912625602,0.009164,0.00927,101.24508519003933,10.008737439930101,1.157710790738316,11.567001309471868,11.567001309471868,0.02024901703800787,1.137461773700308,0.009338,0.009154,1.9003931847968607,0.9065093927479221,0.9065093927479221,1.9003931847968607,TRAILING_STOP,"移動止損 (最高19.0% → 當前11.6%, 回撤 7.4%)",7,446,UNKNOWN,0.0,1.0,,0.0,,,0.0002
T000288,2026-05-03 05:46:24,2026-05-03 05:46:24,FHEUSDT,LONG,10,4199.916001679966,0.02369,,99.4960100797984,9.94960100797984,,,,0,,,,,,,,,,,,UNKNOWN,0.0,1.0,,0.0,0.0,,0.0002
T000289,2026-05-03 05:33:57,2026-05-03 05:53:51,XNYUSDT,LONG,10,11818.93393215932,0.008462,0.008215,97.09254225268882,10.001181893393218,-2.91927668124336,-29.189316946348455,-29.189316946348455,0.019418508450537764,-2.9386951896938975,0.008573,0.008435,1.3119016664696843,2.91927668124336,2.91927668124336,1.3119016664696843,TECHNICAL_EXIT,高點回撤 (4.2% > 4.0%),19,1193,UNKNOWN,0.0,1.0,,0.0,,,0.0002
T000290,2026-05-03 05:53:53,2026-05-03 05:53:53,BIOUSDT,LONG,10,1679.8252981689905,0.05958,,100.08399126490845,10.008399126490845,,,,0,,,,,,,,,,,,UNKNOWN,0.0,1.0,,0.0,0.0,,0.0002
T000291,2026-05-03 05:46:24,2026-05-03 05:54:58,FHEUSDT,LONG,10,4199.916001679966,0.02369,0.02296,96.43007139857203,9.94960100797984,-3.065938681226367,-30.8146897425073,-30.8146897425073,0.019286014279714405,-3.0852246955060814,0.02369,0.02365,0.0,3.065938681226367,3.065938681226367,0.0,STOP_LOSS,固定止損 (PnL: -3.07 USDT),8,514,UNKNOWN,0.0,1.0,,0.0,,,0.0002
T000292,2026-05-03 05:55:01,2026-05-03 05:55:01,SKYAIUSDT,LONG,10,197.48795323485265,0.50636,,100.0,10.0,,,,0,,,,,,,,,,,,UNKNOWN,0.0,1.0,,0.0,0.0,,0.0002
T000293,2026-05-03 05:43:29,2026-05-03 05:58:54,UBUSDT,LONG,10,615.5361319709467,0.16252,0.16815,103.50240059091469,10.003693216791826,3.4654684229964277,34.64189022889489,34.64189022889489,0.02070048011818294,3.4447679428782445,0.17042,0.16252,4.862735442570473,0.0,0.0,4.862735442570473,TRAILING_STOP,"移動止損 (最高48.6% → 當前32.0%, 回撤 16.6%)",15,925,UNKNOWN,0.0,1.0,,0.0,,,0.0002
T000294,2026-05-03 05:59:00,2026-05-03 05:59:00,SPACEUSDT,LONG,10,10671.219720414043,0.009371,,100.0,10.0,,,,0,,,,,,,,,,,,UNKNOWN,0.0,1.0,,0.0,0.0,,0.0002
T000295,2026-05-03 05:59:00,2026-05-03 06:03:58,SPACEUSDT,LONG,10,10671.219720414043,0.009371,0.009085,96.94803115996157,10.0,-3.0519688400384326,-30.519688400384325,-30.519688400384325,0.019389606231992314,-3.071358446270425,0.009417,0.009367,0.49087610713903707,3.019955180877177,3.019955180877177,0.49087610713903707,STOP_LOSS,固定止損 (PnL: -3.02 USDT),4,298,UNKNOWN,0.0,1.0,,0.0,,,0.0002
T000296,2026-05-03 06:04:00,2026-05-03 06:04:00,UBUSDT,LONG,10,595.0609937518595,0.16805,,100.0,10.0,,,,0,,,,,,,,,,,,UNKNOWN,0.0,1.0,,0.0,0.0,,0.0002
T000297,2026-05-03 05:53:53,2026-05-03 06:14:02,BIOUSDT,LONG,10,1679.8252981689905,0.05958,0.05934,99.6808331933479,10.008399126490845,-0.4031580715605646,-4.02819738167177,-4.02819738167177,0.01993616663866958,-0.4230942381992342,0.05958,0.05948,0.0,1.948597345876031,1.948597345876031,0.0,TECHNICAL_EXIT,"時間 + 收益 (20分, PnL: -0.40 USDT)",20,1209,UNKNOWN,0.0,1.0,,0.0,,,0.0002
T000298,2026-05-03 06:14:04,2026-05-03 06:14:04,XNYUSDT,LONG,10,11954.572624028691,0.008369,,100.04781829049611,10.00478182904961,,,,0,,,,,,,,,,,,UNKNOWN,0.0,1.0,,0.0,0.0,,0.0002
T000299,2026-05-03 05:55:01,2026-05-03 06:15:07,SKYAIUSDT,LONG,10,197.48795323485265,0.50636,0.50107,98.95528872738763,10.0,-1.044711272612374,-10.44711272612374,-10.44711272612374,0.019791057745477524,-1.0645023303578516,0.50636,0.50283,0.0,2.2770361007978592,2.2770361007978592,0.0,TECHNICAL_EXIT,"時間 + 收益 (20分, PnL: -1.04 USDT)",20,1206,UNKNOWN,0.0,1.0,,0.0,,,0.0002
T000300,2026-05-03 06:15:13,2026-05-03 06:15:13,FHEUSDT,LONG,10,4403.346543372963,0.02278,,100.30823425803611,10.03082342580361,,,,0,,,,,,,,,,,,UNKNOWN,0.0,1.0,,0.0,0.0,,0.0002
T000301,2026-05-03 06:04:00,2026-05-03 06:21:40,UBUSDT,LONG,10,595.0609937518595,0.16805,0.16299,96.98899137161558,10.0,-3.0110086283844146,-30.110086283844144,-30.110086283844144,0.019397798274323117,-3.030406426658738,0.16972,0.16787,0.9937518595656083,3.45730437369831,3.45730437369831,0.9937518595656083,STOP_LOSS,固定止損 (PnL: -3.46 USDT),17,1060,UNKNOWN,0.0,1.0,,0.0,,,0.0002
T000302,2026-05-03 06:24:07,2026-05-03 06:24:07,SKYAIUSDT,LONG,10,195.59137050873315,0.50867,,99.49146243667728,9.949146243667728,,,,0,,,,,,,,,,,,UNKNOWN,0.0,1.0,,0.0,0.0,,0.0002
T000303,2026-05-03 06:14:04,2026-05-03 06:24:16,XNYUSDT,LONG,10,11954.572624028691,0.008369,0.008101,96.84399282725643,10.00478182904961,-3.203825463239679,-32.02294180905714,-32.02294180905714,0.019368798565451286,-3.2231942618051304,0.008369,0.008354,0.0,3.430962343096223,3.430962343096223,0.0,STOP_LOSS,固定止損 (PnL: -3.43 USDT),10,612,UNKNOWN,0.0,1.0,,0.0,,,0.0002
T000304,2026-05-03 06:15:13,2026-05-03 06:25:21,FHEUSDT,LONG,10,4403.346543372963,0.02278,0.02302,101.36503742844562,10.03082342580361,1.0568031704094987,10.535557506584597,10.535557506584597,0.020273007485689123,1.0365301629238095,0.02315,0.02275,1.6292382210479912,2.1576398062527558,2.1576398062527558,1.6292382210479912,TRAILING_STOP,"移動止損 (最高16.2% → 當前10.5%, 回撤 5.7%)",10,607,UNKNOWN,0.0,1.0,,0.0,,,0.0002
T000305,2026-05-03 06:25:33,2026-05-03 06:25:33,NAORISUSDT,LONG,10,891.981090000892,0.11208,,99.97324056729997,9.997324056729997,,,,0,,,,,,,,,,,,UNKNOWN,0.0,1.0,,0.0,0.0,,0.0002
T000306,2026-05-03 06:26:26,2026-05-03 06:26:26,UBUSDT,LONG,10,609.570252971655,0.16395,,99.93904297470284,9.993904297470284,,,,0,,,,,,,,,,,,UNKNOWN,0.0,1.0,,0.0,0.0,,0.0002
T000307,2026-05-03 06:25:33,2026-05-03 06:37:49,NAORISUSDT,LONG,10,891.981090000892,0.11208,0.1086,96.86914637409687,9.997324056729997,-3.1040941932031014,-31.04925053533188,-31.04925053533188,0.019373829274819374,-3.1234680224779208,0.11238,0.11193,0.26759432700026287,3.1040941932031014,3.1040941932031014,0.26759432700026287,STOP_LOSS,固定止損 (PnL: -3.10 USDT),12,735,UNKNOWN,0.0,1.0,,0.0,,,0.0002
T000308,2026-05-03 06:37:51,2026-05-03 06:37:51,FHEUSDT,LONG,10,4345.93654932638,0.02299,,99.91308126901349,9.991308126901348,,,,0,,,,,,,,,,,,UNKNOWN,0.0,1.0,,0.0,0.0,,0.0002
T000309,2026-05-03 06:26:26,2026-05-03 06:41:16,UBUSDT,LONG,10,609.570252971655,0.16395,0.1579,96.25114294422433,9.993904297470284,-3.6879000304785126,-36.90149435803598,-36.90149435803598,0.019250228588844866,-3.7071502590673573,0.16419,0.16381,0.14629686071319123,4.041450777202088,4.041450777202088,0.14629686071319123,STOP_LOSS,固定止損 (PnL: -4.04 USDT),14,889,UNKNOWN,0.0,1.0,,0.0,,,0.0002
T000310,2026-05-03 06:24:07,2026-05-03 06:44:10,SKYAIUSDT,LONG,10,195.59137050873315,0.50867,0.5091,99.57556672599604,9.949146243667728,0.08410428931876336,0.8453417736450773,0.8453417736450773,0.019915113345199208,0.06418917597356416,0.51574,0.50808,1.3828309894967474,2.329493222759007,2.329493222759007,1.3828309894967474,TECHNICAL_EXIT,"時間 + 收益 (20分, PnL: 0.18 USDT)",20,1203,UNKNOWN,0.0,1.0,,0.0,,,0.0002
T000311,2026-05-03 06:45:28,2026-05-03 06:45:28,1000LUNCUSDT,LONG,10,1156.0693641618498,0.086,,99.42196531791907,9.942196531791907,,,,0,,,,,,,,,,,,UNKNOWN,0.0,1.0,,0.0,0.0,,0.0002
T000312,2026-05-03 06:51:40,2026-05-03 06:51:40,BSBUSDT,LONG,10,147.78033930365905,0.67043,,99.07637287935214,9.907637287935213,,,,0,,,,,,,,,,,,UNKNOWN,0.0,1.0,,0.0,0.0,,0.0002
T000000,2026-05-04 14:02:19,2026-05-04 14:02:19,TAGUSDT,LONG,10,47897.308171280776,0.0020885,,100.0335281157199,10.00335281157199,,,,0,,,,,,,,,,,,UNKNOWN,0.0,1.0,,0.0,0.0,PAPER_1777874539674_1,0.0002
T000001,2026-05-04 14:02:19,2026-05-04 14:02:19,SKYAIUSDT,LONG,10,166.7722891164404,0.59974,,100.02001267469397,10.002001267469398,,,,0,,,,,,,,,,,,UNKNOWN,0.0,1.0,,0.0,0.0,PAPER_1777874539943_2,0.0002
T000002,2026-05-04 14:02:20,2026-05-04 14:02:20,4USDT,LONG,10,7662.835249042145,0.013038,,99.90804597701148,9.990804597701148,,,,0,,,,,,,,,,,,UNKNOWN,0.0,1.0,,0.0,0.0,PAPER_1777874540144_3,0.0002
T000000,2026-05-04 15:00:16,2026-05-04 15:00:16,4USDT,LONG,10,7473.841554559043,0.01338,,100.0,10.0,,,,0,,,,,,,,,,,,UNKNOWN,0.0,1.0,,0.0,0.0,PAPER_1777878016703_1,0.0002
T000001,2026-05-04 15:00:16,2026-05-04 15:00:16,SPORTFUNUSDT,LONG,10,1702.1276595744682,0.05864,,99.81276595744681,9.981276595744681,,,,0,,,,,,,,,,,,UNKNOWN,0.0,1.0,,0.0,0.0,PAPER_1777878016869_2,0.0002
T000002,2026-05-04 15:00:17,2026-05-04 15:00:17,DASHUSDT,LONG,10,2.0462451401677924,48.88,,100.0204624514017,10.00204624514017,,,,0,,,,,,,,,,,,UNKNOWN,0.0,1.0,,0.0,0.0,PAPER_1777878017209_3,0.0002
T000003,2026-05-04 15:00:16,2026-05-04 15:04:45,4USDT,LONG,10,7473.841554559043,0.01338,0.014386,107.5186846038864,10.0,7.518684603886397,75.18684603886398,75.18684603886398,0.02150373692077728,7.49718086696562,0.014359,0.013362,7.3168908819133085,0.2989536621823625,0.2989536621823625,7.3168908819133085,FULL_EXIT,全數止盈 (收益率 73.2%),4,268,UNKNOWN,0.0,1.0,,0.0,,PAPER_1777878285583_4,0.0002
T000004,2026-05-04 15:04:46,2026-05-04 15:04:46,1000000BOBUSDT,LONG,10,5602.240896358543,0.01785,,100.0,10.0,,,,0,,,,,,,,,,,,UNKNOWN,0.0,1.0,,0.0,0.0,PAPER_1777878286559_5,0.0002
T000005,2026-05-04 15:00:16,2026-05-04 15:20:36,SPORTFUNUSDT,LONG,10,1702.1276595744682,0.05864,0.05931,100.95319148936171,9.981276595744681,1.1404255319149004,11.42564802182817,11.42564802182817,0.020190638297872345,1.120234893617028,0.0594,0.05858,1.2936170212766023,0.902127659574461,0.902127659574461,1.2936170212766023,TECHNICAL_EXIT,"時間 + 收益 (20分, PnL: 1.14 USDT)",20,1219,UNKNOWN,0.0,1.0,,0.0,,PAPER_1777879236744_6,0.0002
T000006,2026-05-04 15:20:37,2026-05-04 15:20:37,4USDT,LONG,10,6467.4686327771315,0.015486,,100.15521924718665,10.015521924718666,,,,0,,,,,,,,,,,,UNKNOWN,0.0,1.0,,0.0,0.0,PAPER_1777879237723_7,0.0002
T000007,2026-05-04 15:00:17,2026-05-04 15:20:57,DASHUSDT,LONG,10,2.0462451401677924,48.88,48.32,98.87456517290772,10.00204624514017,-1.1458972784939683,-11.456628477905118,-11.456628477905118,0.019774913034581544,-1.1656721915285497,49.27,48.87,0.7980356046654402,1.1868221812973305,1.1868221812973305,0.7980356046654402,TECHNICAL_EXIT,"時間 + 收益 (20分, PnL: -1.19 USDT)",20,1239,UNKNOWN,0.0,1.0,,0.0,,PAPER_1777879257025_8,0.0002
T000008,2026-05-04 15:20:58,2026-05-04 15:20:58,BSBUSDT,LONG,10,91.5977393677924,1.09173,,100.0,10.0,,,,0,,,,,,,,,,,,UNKNOWN,0.0,1.0,,0.0,0.0,PAPER_1777879258048_9,0.0002
T000009,2026-05-04 15:20:37,2026-05-04 15:21:28,4USDT,LONG,10,6467.4686327771315,0.015486,0.01519,98.24084853188462,10.015521924718666,-1.9143707153020268,-19.11403848637475,-19.11403848637475,0.019648169706376926,-1.9340188850084037,0.015486,0.01519,0.0,1.9143707153020268,1.9143707153020268,0.0,TECHNICAL_EXIT,價格偏離 (10.6% > 10.0%),0,50,UNKNOWN,0.0,1.0,,0.0,,PAPER_1777879288003_10,0.0002
T000010,2026-05-04 15:21:28,2026-05-04 15:21:28,TSTUSDT,LONG,10,5188.067444876783,0.019282,,100.03631647211414,10.003631647211414,,,,0,,,,,,,,,,,,UNKNOWN,0.0,1.0,,0.0,0.0,PAPER_1777879288939_11,0.0002
T000011,2026-05-04 15:04:46,2026-05-04 15:25:04,1000000BOBUSDT,LONG,10,5602.240896358543,0.01785,0.01745,97.75910364145658,10.0,-2.240896358543423,-22.408963585434233,-22.408963585434233,0.019551820728291317,-2.2604481792717146,0.01785,0.01779,0.0,2.464985994397775,2.464985994397775,0.0,TECHNICAL_EXIT,"時間 + 收益 (20分, PnL: -2.24 USDT)",20,1217,UNKNOWN,0.0,1.0,,0.0,,PAPER_1777879504178_12,0.0002
T000012,2026-05-04 15:25:05,2026-05-04 15:25:05,4USDT,LONG,10,6449.532408900355,0.015562,,100.36762334730733,10.036762334730733,,,,0,,,,,,,,,,,,UNKNOWN,0.0,1.0,,0.0,0.0,PAPER_1777879505102_13,0.0002
T000013,2026-05-04 15:25:05,2026-05-04 15:26:05,4USDT,LONG,10,6449.532408900355,0.015562,0.015538,100.21283456949372,10.036762334730733,-0.1547887778136067,-1.5422182238786606,-1.5422182238786606,0.020042566913898746,-0.17483134472750544,0.015562,0.015538,0.0,0.1547887778136067,0.1547887778136067,0.0,TECHNICAL_EXIT,價格偏離 (11.8% > 10.0%),1,60,UNKNOWN,0.0,1.0,,0.0,,PAPER_1777879565830_14,0.0002
T000014,2026-05-04 15:26:06,2026-05-04 15:26:06,SKYAIUSDT,LONG,10,167.46772059685495,0.59686,,99.95478371543884,9.995478371543884,,,,0,,,,,,,,,,,,UNKNOWN,0.0,1.0,,0.0,0.0,PAPER_1777879566854_15,0.0002
T000000,2026-05-04 15:39:22,2026-05-04 15:39:22,4USDT,LONG,10,6708.257865432347,0.014852,,99.63104581740122,9.963104581740122,,,,0,,,,,,,,,,,,UNKNOWN,0.0,1.0,,0.0,0.0,PAPER_1777880362959_1,0.0002
T000001,2026-05-04 15:39:23,2026-05-04 15:39:23,SKYAIUSDT,LONG,10,164.51427161306242,0.60791,,100.00987085629677,10.000987085629678,,,,0,,,,,,,,,,,,UNKNOWN,0.0,1.0,,0.0,0.0,PAPER_1777880363116_2,0.0002
T000002,2026-05-04 15:39:23,2026-05-04 15:39:23,TSTUSDT,LONG,10,5166.623611469904,0.019344,,99.94316714027383,9.994316714027383,,,,0,,,,,,,,,,,,UNKNOWN,0.0,1.0,,0.0,0.0,PAPER_1777880363321_3,0.0002
T000000,2026-05-04 15:40:57,2026-05-04 15:40:57,4USDT,LONG,10,6657.789613848202,0.015019,,99.99334221038615,9.999334221038614,,,,0,,,,,,,,,,,,UNKNOWN,0.0,1.0,,0.0,0.0,PAPER_1777880457193_1,0.0002
T000001,2026-05-04 15:40:57,2026-05-04 15:40:57,SKYAIUSDT,LONG,10,165.58484567492383,0.60384,,99.98675321234602,9.998675321234602,,,,0,,,,,,,,,,,,UNKNOWN,0.0,1.0,,0.0,0.0,PAPER_1777880457348_2,0.0002
T000002,2026-05-04 15:40:57,2026-05-04 15:40:57,TSTUSDT,LONG,10,5190.760446405398,0.019257,,99.95847391642876,9.995847391642876,,,,0,,,,,,,,,,,,UNKNOWN,0.0,1.0,,0.0,0.0,PAPER_1777880457549_3,0.0002
T000000,2026-05-04 15:48:24,2026-05-04 15:48:24,4USDT,LONG,10,6711.4093959731545,0.014899,,99.99328859060404,9.999328859060403,,,,0,,,,,,,,,,,,UNKNOWN,0.0,1.0,,0.0,0.0,PAPER_1777880904843_1,0.0002
T000001,2026-05-04 15:48:25,2026-05-04 15:48:25,SKYAIUSDT,LONG,10,164.95661640988422,0.607,,100.12866616079972,10.012866616079972,,,,0,,,,,,,,,,,,UNKNOWN,0.0,1.0,,0.0,0.0,PAPER_1777880905000_2,0.0002
T000002,2026-05-04 15:48:25,2026-05-04 15:48:25,TSTUSDT,LONG,10,5157.829585310502,0.01941,,100.11347225087684,10.011347225087684,,,,0,,,,,,,,,,,,UNKNOWN,0.0,1.0,,0.0,0.0,PAPER_1777880905250_3,0.0002
T000000,2026-05-05 18:17:12,2026-05-05 18:17:12,TONUSDT,LONG,10,53.89382915656157,1.8561,,100.03233629749394,10.003233629749394,,,,0,,,,,,,,,,,,UNKNOWN,0.0,1.0,,0.0,0.0,PAPER_1777976232560_1,0.0002
T000001,2026-05-05 18:17:12,2026-05-05 18:17:12,FHEUSDT,LONG,10,3419.9726402188785,0.02948,,100.82079343365254,10.082079343365255,,,,0,,,,,,,,,,,,UNKNOWN,0.0,1.0,,0.0,0.0,PAPER_1777976232716_2,0.0002
T000002,2026-05-05 18:17:12,2026-05-05 18:17:12,HIVEUSDT,LONG,10,1135.8473421172196,0.08708,,98.90958655156749,9.890958655156748,,,,0,,,,,,,,,,,,UNKNOWN,0.0,1.0,,0.0,0.0,PAPER_1777976232870_3,0.0002
T000003,2026-05-05 18:17:12,2026-05-05 18:17:22,FHEUSDT,LONG,10,3419.9726402188785,0.02948,0.02922,99.93160054719563,10.082079343365255,-0.8891928864569077,-8.819538670284931,-8.819538670284931,0.019986320109439126,-0.9091792065663469,0.02948,0.02922,0.0,0.8891928864569077,0.8891928864569077,0.0,STOP_LOSS,固定止損 (-8.8%),0,9,UNKNOWN,0.0,1.0,,0.0,,PAPER_1777976242290_4,0.0002
T000004,2026-05-05 18:17:23,2026-05-05 18:17:23,NOTUSDT,LONG,10,198294.66587348803,0.0005047,,100.0793178663494,10.00793178663494,,,,0,,,,,,,,,,,,UNKNOWN,0.0,1.0,,0.0,0.0,PAPER_1777976243145_5,0.0002
T000005,2026-05-05 18:17:12,2026-05-05 18:18:35,HIVEUSDT,LONG,10,1135.8473421172196,0.08708,0.08638,98.11449341208542,9.890958655156748,-0.7950931394820607,-8.038585209003287,-8.038585209003287,0.019622898682417084,-0.8147160381644778,0.08775,0.087,0.7610177192185258,0.7950931394820607,0.7950931394820607,0.7610177192185258,STOP_LOSS,固定止損 (-8.0%),1,82,UNKNOWN,0.0,1.0,,0.0,,PAPER_1777976315346_6,0.0002
T000006,2026-05-05 18:18:36,2026-05-05 18:18:36,CRCLUSDT,LONG,10,0.8048289738430584,124.25,,100.0,10.0,,,,0,,,,,,,,,,,,UNKNOWN,0.0,1.0,,0.0,0.0,PAPER_1777976316316_7,0.0002
T000000,2026-05-05 18:23:04,2026-05-05 18:23:04,DOGSUSDT,LONG,10,1438228.1029771324,6.959e-05,,100.08629368617865,10.008629368617864,,,,0,,,,,,,,,,,,UNKNOWN,0.0,1.0,,0.0,0.0,PAPER_1777976584410_1,0.0002
T000001,2026-05-05 18:23:04,2026-05-05 18:23:04,TONUSDT,LONG,10,54.10377103284099,1.8487,,100.02164150841314,10.002164150841313,,,,0,,,,,,,,,,,,UNKNOWN,0.0,1.0,,0.0,0.0,PAPER_1777976584581_2,0.0002
T000002,2026-05-05 18:23:04,2026-05-05 18:23:04,FHEUSDT,LONG,10,3401.360544217687,0.02939,,99.96598639455783,9.996598639455783,,,,0,,,,,,,,,,,,UNKNOWN,0.0,1.0,,0.0,0.0,PAPER_1777976584741_3,0.0002
T000000,2026-05-05 18:28:05,2026-05-05 18:28:05,DOGSUSDT,LONG,10,1425923.2853272494,7.008e-05,,99.92870383573366,9.992870383573365,,,,0,,,,,,,,,,,,UNKNOWN,0.0,1.0,,0.0,0.0,PAPER_1777976885716_1,0.0002
T000001,2026-05-05 18:28:05,2026-05-05 18:28:05,TONUSDT,LONG,10,54.141851651326476,1.8477,,100.03789929615593,10.003789929615593,,,,0,,,,,,,,,,,,UNKNOWN,0.0,1.0,,0.0,0.0,PAPER_1777976885877_2,0.0002
T000002,2026-05-05 18:28:06,2026-05-05 18:28:06,FHEUSDT,LONG,10,3404.8348655090226,0.02943,,100.20429009193055,10.020429009193055,,,,0,,,,,,,,,,,,UNKNOWN,0.0,1.0,,0.0,0.0,PAPER_1777976886047_3,0.0002
T000003,2026-05-05 18:28:05,2026-05-05 18:29:18,DOGSUSDT,LONG,10,1425923.2853272494,7.008e-05,6.952e-05,99.13018679595038,9.992870383573365,-0.7985170397832714,-7.990867579908792,-7.990867579908792,0.019826037359190078,-0.8183430771424615,7.02e-05,7e-05,0.17111079423925862,0.8127762726365365,0.8127762726365365,0.17111079423925862,STOP_LOSS,固定止損 (-8.1%),1,73,UNKNOWN,0.0,1.0,,0.0,,PAPER_1777976958982_4,0.0002
T000004,2026-05-05 18:29:26,2026-05-05 18:29:26,HIVEUSDT,LONG,10,1165.7729074376311,0.08599,,100.2448123105619,10.024481231056189,,,,0,,,,,,,,,,,,UNKNOWN,0.0,1.0,,0.0,0.0,PAPER_1777976966365_5,0.0002
T000005,2026-05-05 18:28:06,2026-05-05 18:30:13,FHEUSDT,LONG,10,3404.8348655090226,0.02943,0.0297,101.12359550561797,10.020429009193055,0.9193054136874341,9.174311926605483,9.174311926605483,0.020224719101123594,0.8990806945863106,0.02973,0.02937,1.0214504596527005,0.2723867892407225,0.2723867892407225,1.0214504596527005,TRAILING_STOP,"移動止盈 (階段2, 高:10.2% → 當前:5.4%, 閾值:6.8%, 回撤:4.8%)",2,127,UNKNOWN,0.0,1.0,,0.0,,PAPER_1777977013121_6,0.0002
T000006,2026-05-05 18:30:16,2026-05-05 18:30:16,NOTUSDT,LONG,10,197160.88328075712,0.0005073,,100.0197160883281,10.00197160883281,,,,0,,,,,,,,,,,,UNKNOWN,0.0,1.0,,0.0,0.0,PAPER_1777977016631_7,0.0002
T000007,2026-05-05 18:29:26,2026-05-05 18:30:44,HIVEUSDT,LONG,10,1165.7729074376311,0.08599,0.08545,99.61529494054558,10.024481231056189,-0.6295173700163195,-6.27979997674147,-6.27979997674147,0.019923058988109116,-0.6494404290044286,0.08616,0.08576,0.19818139426440134,1.0608533457682374,1.0608533457682374,0.19818139426440134,STOP_LOSS,固定止損 (-10.6%),1,78,UNKNOWN,0.0,1.0,,0.0,,PAPER_1777977044374_8,0.0002
T000008,2026-05-05 18:32:27,2026-05-05 18:32:27,DOGSUSDT,LONG,10,1383700.0138370001,7.231e-05,,100.05534800055348,10.005534800055347,,,,0,,,,,,,,,,,,UNKNOWN,0.0,1.0,,0.0,0.0,PAPER_1777977147573_9,0.0002
T000009,2026-05-05 18:30:16,2026-05-05 18:32:31,NOTUSDT,LONG,10,197160.88328075712,0.0005073,0.0005074,100.03943217665615,10.00197160883281,0.0197160883280655,0.19712201852936764,0.19712201852936764,0.020007886435331232,-0.0002917981072657304,0.0005117,0.0005065,0.867507886435331,0.15772870662460953,0.15772870662460953,0.867507886435331,TRAILING_STOP,"移動止盈 (階段1, 高:8.7% → 當前:0.8%, 閾值:4.3%, 回撤:7.9%)",2,134,UNKNOWN,0.0,1.0,,0.0,,PAPER_1777977151148_10,0.0002
T000010,2026-05-05 18:32:27,2026-05-05 18:32:50,DOGSUSDT,LONG,10,1383700.0138370001,7.231e-05,7.212e-05,99.79244499792443,10.005534800055347,-0.2629030026290439,-2.627575715668788,-2.627575715668788,0.019958488999584887,-0.28286149162862884,7.29e-05,7.222e-05,0.8163830081638199,0.33208800332087685,0.33208800332087685,0.8163830081638199,TRAILING_STOP,"移動止盈 (階段1, 高:8.2% → 當前:-2.6%, 閾值:4.1%, 回撤:10.8%)",0,23,UNKNOWN,0.0,1.0,,0.0,,PAPER_1777977170725_11,0.0002
T000011,2026-05-05 18:28:05,2026-05-05 18:32:54,TONUSDT,LONG,10,54.141851651326476,1.8477,1.8613,100.77422847861396,10.003789929615593,0.7363291824580431,7.360502246035643,7.360502246035643,0.020154845695722793,0.7161743367623203,1.8681,1.8475,1.1044937736870708,0.1461829994585774,0.1461829994585774,1.1044937736870708,TRAILING_STOP,"移動止盈 (階段2, 高:11.0% → 當前:7.4%, 閾值:7.4%, 回撤:3.7%)",4,289,UNKNOWN,0.0,1.0,,0.0,,PAPER_1777977174885_12,0.0002
T000012,2026-05-05 18:33:17,2026-05-05 18:33:17,FHEUSDT,LONG,10,3395.585738539898,0.02945,,100.0,10.0,,,,0,,,,,,,,,,,,UNKNOWN,0.0,1.0,,0.0,0.0,PAPER_1777977197632_13,0.0002
T000000,2026-05-05 18:33:50,2026-05-05 18:33:50,DOGSUSDT,LONG,10,1387347.3917869034,7.226e-05,,100.24972253052164,10.024972253052164,,,,0,,,,,,,,,,,,UNKNOWN,0.0,1.0,,0.0,0.0,PAPER_1777977230837_1,0.0002
T000001,2026-05-05 18:33:51,2026-05-05 18:33:51,TONUSDT,LONG,10,53.69992482010525,1.8616,,99.96778004510793,9.996778004510793,,,,0,,,,,,,,,,,,UNKNOWN,0.0,1.0,,0.0,0.0,PAPER_1777977231007_2,0.0002
T000002,2026-05-05 18:33:51,2026-05-05 18:33:51,FHEUSDT,LONG,10,3392.1302578018995,0.02947,,99.96607869742198,9.996607869742197,,,,0,,,,,,,,,,,,UNKNOWN,0.0,1.0,,0.0,0.0,PAPER_1777977231183_3,0.0002
T000003,2026-05-05 18:33:50,2026-05-05 18:34:08,DOGSUSDT,LONG,10,1387347.3917869034,7.226e-05,7.146e-05,99.13984461709211,10.024972253052164,-1.109877913429531,-11.071132023249458,-11.071132023249458,0.019827968923418423,-1.1297058823529493,7.226e-05,7.218e-05,0.0,1.109877913429531,1.109877913429531,0.0,STOP_LOSS,固定止損 (-11.1%),0,17,UNKNOWN,0.0,1.0,,0.0,,PAPER_1777977248464_4,0.0002
T000004,2026-05-05 18:34:11,2026-05-05 18:34:11,HIVEUSDT,LONG,10,1159.5547309833025,0.08644,,100.23191094619668,10.023191094619667,,,,0,,,,,,,,,,,,UNKNOWN,0.0,1.0,,0.0,0.0,PAPER_1777977251086_5,0.0002
T000000,2026-05-05 19:58:44,2026-05-05 19:58:44,LABUSDT,LONG,10,42.59669449650707,2.3487,,100.04685636394615,10.004685636394615,,,,0,,,,,,,,,,,,UNKNOWN,0.0,1.0,,0.0,0.0,PAPER_1777982324526_1,0.0002
T000001,2026-05-05 19:58:44,2026-05-05 19:58:44,HIVEUSDT,LONG,10,1151.012891344383,0.08697,,100.103591160221,10.0103591160221,,,,0,,,,,,,,,,,,UNKNOWN,0.0,1.0,,0.0,0.0,PAPER_1777982324833_2,0.0002
T000002,2026-05-05 19:58:45,2026-05-05 19:58:45,PRLUSDT,LONG,10,311.2356053532524,0.3212,,99.96887643946468,9.996887643946469,,,,0,,,,,,,,,,,,UNKNOWN,0.0,1.0,,0.0,0.0,PAPER_1777982325090_3,0.0002
T000003,2026-05-05 19:58:44,2026-05-05 19:58:53,LABUSDT,LONG,10,42.59669449650707,2.3487,2.3382,99.59959107173283,10.004685636394615,-0.4472652922133223,-4.470558181121452,-4.470558181121452,0.019919918214346567,-0.46718521042766886,2.3507,2.3467,0.08519338899300476,0.4472652922133223,0.4472652922133223,0.08519338899300476,MANUAL,全部平倉,0,9,UNKNOWN,0.0,1.0,,0.0,,PAPER_1777982333549_4,0.0002
T000004,2026-05-05 19:58:44,2026-05-05 19:58:53,HIVEUSDT,LONG,10,1151.012891344383,0.08697,0.08678,99.88489871086556,10.0103591160221,-0.21869244935544382,-2.1846613774866,-2.1846613774866,0.019976979742173114,-0.23866942909761693,0.08697,0.08685,0.0,0.2992633517495513,0.2992633517495513,0.0,MANUAL,全部平倉,0,8,UNKNOWN,0.0,1.0,,0.0,,PAPER_1777982333608_5,0.0002
T000005,2026-05-05 19:58:45,2026-05-05 19:58:53,PRLUSDT,LONG,10,311.2356053532524,0.3212,0.3216,100.09337068160598,9.996887643946469,0.12449424214130454,1.2453300124533357,1.2453300124533357,0.020018674136321198,0.10447556800498334,0.3216,0.3211,0.12449424214130454,0.031123560535321816,0.031123560535321816,0.12449424214130454,MANUAL,全部平倉,0,8,UNKNOWN,0.0,1.0,,0.0,,PAPER_1777982333665_6,0.0002
T000006,2026-05-05 19:59:04,2026-05-05 19:59:04,DOGSUSDT,LONG,10,1410238.330277817,7.037e-05,,99.23847130165,9.923847130164999,,,,0,,,,,,,,,,,,UNKNOWN,0.0,1.0,,0.0,0.0,PAPER_1777982344505_7,0.0002
T000007,2026-05-05 19:59:04,2026-05-05 19:59:04,MUSDT,LONG,10,29.58754955914551,3.3798,,100.0,10.0,,,,0,,,,,,,,,,,,UNKNOWN,0.0,1.0,,0.0,0.0,PAPER_1777982344833_8,0.0002
T000008,2026-05-05 19:59:04,2026-05-05 19:59:11,DOGSUSDT,LONG,10,1410238.330277817,7.037e-05,7.041e-05,99.2948808348611,9.923847130164999,0.056409533211102585,0.5684240443369737,0.5684240443369737,0.01985897616697222,0.03655055704413036,7.11e-05,7.037e-05,1.0294739811027895,0.0,0.0,1.0294739811027895,TRAILING_STOP,"移動止盈 (階段2, 高:10.4% → 當前:0.6%, 閾值:7.0%, 回撤:9.8%)",0,6,UNKNOWN,0.0,1.0,,0.0,,PAPER_1777982351479_9,0.0002
T000000,2026-05-06 14:56:38,2026-05-06 14:56:38,ENAUSDT,LONG,10,894.8545861297539,0.11175,,100.0,10.0,,,,0,,,,,,,,,,,,UNKNOWN,0.0,1.0,,0.0,0.0,PAPER_1778050598297_1,0.0002
T000001,2026-05-06 14:56:38,2026-05-06 14:56:38,VIRTUALUSDT,LONG,10,120.06243246488174,0.8333,,100.04802497298596,10.004802497298595,,,,0,,,,,,,,,,,,UNKNOWN,0.0,1.0,,0.0,0.0,PAPER_1778050598538_2,0.0002
T000002,2026-05-06 14:56:38,2026-05-06 14:56:38,ARKMUSDT,LONG,10,742.3904974016333,0.1347,,100.0,10.0,,,,0,,,,,,,,,,,,UNKNOWN,0.0,1.0,,0.0,0.0,PAPER_1778050598833_3,0.0002
T000003,2026-05-06 14:56:38,2026-05-06 14:57:34,ARKMUSDT,LONG,10,742.3904974016333,0.1347,0.1352,100.37119524870081,10.0,0.371195248700817,3.7119524870081704,3.7119524870081704,0.020074239049740164,0.35112100965107684,0.1359,0.1346,0.8908685968819648,0.07423904974015515,0.07423904974015515,0.8908685968819648,TRAILING_STOP,"移動止盈 (階段1, 高:8.9% → 當前:3.7%, 閾值:4.5%, 回撤:5.2%)",0,55,UNKNOWN,0.0,1.0,,0.0,,PAPER_1778050654245_4,0.0002
T000004,2026-05-06 14:58:18,2026-05-06 14:58:18,MAVIAUSDT,LONG,10,2352.387673488591,0.0425,,99.97647612326513,9.997647612326514,,,,0,,,,,,,,,,,,UNKNOWN,0.0,1.0,,0.0,0.0,PAPER_1778050698414_5,0.0002
T000005,2026-05-06 14:58:18,2026-05-06 15:05:44,MAVIAUSDT,LONG,10,2352.387673488591,0.0425,0.04224,99.36485532815809,9.997647612326514,-0.6116207951070415,-6.117647058823607,-6.117647058823607,0.019872971065631618,-0.631493766172673,0.04277,0.04246,0.6351446718419183,0.917431192660554,0.917431192660554,0.6351446718419183,STOP_LOSS,固定止損 (-9.2%),7,446,UNKNOWN,0.0,1.0,,0.0,,PAPER_1778051144462_6,0.0002
T000006,2026-05-06 15:05:51,2026-05-06 15:05:51,BLUAIUSDT,LONG,10,6409.434687860531,0.015602,,100.0,10.0,,,,0,,,,,,,,,,,,UNKNOWN,0.0,1.0,,0.0,0.0,PAPER_1778051151116_7,0.0002
T000000,2026-05-06 15:37:46,2026-05-06 15:37:46,ENAUSDT,LONG,10,894.4543828264759,0.11175,,99.95527728085868,9.995527728085868,,,,0,,,,,,,,,,,,UNKNOWN,0.0,1.0,,0.0,0.0,PAPER_1778053066662_1,0.0002
T000001,2026-05-06 15:37:46,2026-05-06 15:37:46,1000LUNCUSDT,LONG,10,904.9773755656108,0.11047,,99.97285067873302,9.997285067873303,,,,0,,,,,,,,,,,,UNKNOWN,0.0,1.0,,0.0,0.0,PAPER_1778053066827_2,0.0002
T000002,2026-05-06 15:38:06,2026-05-06 15:38:06,EIGENUSDT,LONG,10,501.75614651279477,0.1991,,99.89964877069744,9.989964877069744,,,,0,,,,,,,,,,,,UNKNOWN,0.0,1.0,,0.0,0.0,PAPER_1778053086680_3,0.0002
